#time, Press[]
18.4468,95807.3
18.5462,95809.4
18.6462,95815.5
18.7465,95807.4
18.8462,95809.9
18.9465,95815.7
19.0463,95807.7
19.1466,95809.6
19.2463,95803.3
19.3465,95814.8
19.4465,95807.3
19.5465,95811.1
19.6464,95803.9
19.7466,95796.7
19.8462,95813.4
19.9465,95808.9
20.0461,95808.3
20.1464,95809
20.2462,95812.4
20.3463,95811.4
20.4465,95812.4
20.5465,95813.8
20.6462,95802.4
20.7465,95809.9
20.8461,95810.3
20.9463,95806.7
21.0461,95812.4
21.1462,95818.9
21.2462,95810.1
21.3462,95809
21.4461,95817.4
21.5463,95809.9
21.6462,95823.7
21.746,95807.3
21.8462,95818.3
21.9463,95806
22.0461,95814.6
22.1462,95819.2
22.2462,95813
22.3462,95817
22.4461,95813.7
22.5461,95809.8
22.6462,95811.1
22.7463,95820.3
22.8462,95808.9
22.9462,95805.3
23.0461,95814.4
23.1462,95812.1
23.2462,95807.7
23.3462,95810.5
23.4462,95793.4
23.5462,95804.7
23.6462,95814.4
23.7462,95809
23.8461,95819.3
23.9462,95815.9
24.0462,95816.7
24.1461,95807.5
24.2462,95816.9
24.3462,95823.9
24.4463,95815.1
24.5464,95811.7
24.6464,95818.3
24.7463,95821.3
24.8463,95815.3
24.9464,95814
25.0464,95819.4
25.1463,95817.3
25.2463,95816.7
25.3462,95814.1
25.4462,95821.9
25.5465,95813.3
25.6463,95812
25.7464,95812
25.8461,95808.9
25.9462,95811.9
26.0462,95805.8
26.1462,95810.9
26.2462,95810.4
26.3462,95813.3
26.4462,95820.2
26.5463,95813.3
26.6462,95817.3
26.7462,95809
26.8461,95825.7
26.9462,95813.3
27.0462,95818.9
27.1462,95814.3
27.2462,95812.5
27.3462,95819.7
27.4462,95820.9
27.5463,95812.1
27.6462,95814.8
27.7462,95819.7
27.8462,95817.3
27.9463,95815.9
28.0462,95811.2
28.1462,95807.3
28.2463,95822.3
28.3462,95814.6
28.4463,95810.8
28.5465,95812
28.6465,95806.4
28.7464,95810.4
28.8462,95806.5
28.9465,95818.1
29.0463,95805
29.1466,95820.6
29.2462,95809.2
29.3462,95813
29.4462,95813.4
29.5467,95812.3
29.6465,95816.7
29.7467,95818.6
29.8465,95814.7
29.9464,95815.2
30.0463,95817.3
30.1466,95811.3
30.2464,95818.6
30.3464,95817.2
30.4464,95819.1
30.5465,95822.1
30.6464,95804.1
30.7462,95812.3
30.8462,95816.9
30.9462,95809.6
31.0462,95828.3
31.1461,95812
31.2462,95814.9
31.346,95807.9
31.4462,95814.3
31.5462,95815.5
31.6463,95805.3
31.7462,95809.6
31.8462,95811.7
31.9462,95802.7
32.0462,95809.3
32.1462,95810.1
32.2462,95812.4
32.3463,95809.3
32.4463,95814
32.5464,95814.3
32.6464,95829.7
32.7461,95817.5
32.8463,95817.4
32.9462,95813
33.0463,95810.1
33.1463,95811.7
33.2461,95812
33.3461,95811.6
33.4462,95809
33.5462,95804.5
33.6463,95806.4
33.7463,95811.1
33.8462,95813.6
33.9461,95812.5
34.0461,95815.3
34.1462,95811.4
34.2462,95809.1
34.3461,95812.2
34.4463,95814.9
34.5462,95813.6
34.6461,95813.4
34.7461,95812.8
34.8461,95821.6
34.9462,95811.3
35.0462,95823.9
35.1462,95823
35.2463,95815.2
35.3462,95813
35.4462,95812.7
35.5465,95815.3
35.6463,95818
35.7463,95814.6
35.8462,95815.3
35.9463,95824.3
36.0463,95821.4
36.1462,95812.7
36.2462,95818
36.3462,95810.7
36.4462,95816.7
36.5462,95815.3
36.6462,95810.8
36.7461,95824.9
36.8461,95810.6
36.9461,95812
37.0462,95820.8
37.1461,95810.3
37.2462,95812
37.3461,95809.6
37.4462,95817
37.5463,95817.3
37.6462,95820.3
37.7462,95819.7
37.8462,95813.5
37.9462,95821.1
38.0463,95811.9
38.1462,95814.1
38.2463,95820.8
38.3462,95814.1
38.4461,95813.4
38.5462,95813.3
38.6462,95821.8
38.7461,95813.6
38.846,95815.9
38.9461,95819.4
39.0462,95816.5
39.1463,95819.4
39.2462,95818.1
39.3462,95817.3
39.4461,95811
39.5462,95814.4
39.6463,95819.1
39.7462,95821.1
39.8466,95813.7
39.9463,95815.1
40.0465,95808
40.1461,95820.3
40.2464,95818.8
40.3461,95819.9
40.4466,95815.9
40.5463,95812.5
40.6465,95810.1
40.7463,95822.4
40.8464,95818.1
40.9463,95810.2
41.0465,95819.7
41.1464,95814.1
41.2465,95814.6
41.3463,95811.2
41.4464,95814.4
41.5463,95819.4
41.6463,95817.6
41.7462,95819
41.8463,95825
41.946,95815.1
42.0461,95812.9
42.1461,95819
42.2462,95816.1
42.3461,95819.4
42.4461,95815
42.5461,95815
42.6461,95813.7
42.7462,95813.4
42.8461,95813.7
42.9462,95818.8
43.0463,95821.6
43.1462,95814.1
43.2461,95824.1
43.3462,95822.2
43.4462,95816.4
43.5463,95823.9
43.6463,95808.7
43.7462,95810.8
43.8462,95815.9
43.946,95819.1
44.0462,95815.9
44.1462,95822.5
44.2461,95820.6
44.3461,95819.7
44.4462,95818.6
44.5462,95816.3
44.6461,95811.9
44.7462,95816.6
44.8462,95829.7
44.9462,95818.2
45.0463,95820.1
45.1462,95816
45.2462,95823.9
45.3461,95815.3
45.4461,95810.3
45.5462,95815.1
45.6461,95821.4
45.7462,95825.8
45.8462,95814.9
45.9462,95818.2
46.0461,95817.8
46.1462,95811.7
46.2465,95814.4
46.3463,95822.1
46.4462,95809.7
46.5464,95827.9
46.6464,95815.4
46.7463,95809.3
46.8461,95813.2
46.9461,95818.3
47.0461,95820.6
47.1461,95813
47.2461,95816.3
47.3459,95815.4
47.446,95813
47.546,95828.9
47.6461,95820
47.746,95821.6
47.8461,95811.9
47.9462,95815.9
48.0462,95817.2
48.1464,95822.3
48.2461,95821.7
48.3462,95818
48.4463,95813.7
48.5462,95807.9
48.6462,95813.1
48.7462,95809.6
48.8462,95813.2
48.9461,95821.7
49.0462,95824
49.1461,95810
49.2461,95815.5
49.3463,95812.9
49.4462,95819.9
49.5462,95823.7
49.6461,95817.2
49.7461,95827.4
49.8462,95813.9
49.9462,95813.4
50.0463,95822.7
50.1462,95816
50.2463,95814.6
50.3462,95822.6
50.4461,95819.3
50.5466,95826
50.6462,95813.3
50.7465,95817.1
50.8462,95807.8
50.9464,95817.9
51.0461,95812.4
51.1464,95821.1
51.2464,95816
51.3465,95822
51.4463,95812
51.5463,95827
51.6462,95820.9
51.7463,95823.1
51.8463,95818.6
51.9462,95817.2
52.0463,95812.6
52.1464,95803.9
52.2461,95813.7
52.3462,95817.5
52.4461,95820.3
52.5462,95826.4
52.6462,95818.1
52.7462,95806.7
52.8461,95825
52.9462,95825.6
53.0462,95811.6
53.146,95821.5
53.2463,95811.6
53.3461,95821.7
53.4461,95815.3
53.5462,95814.2
53.6462,95815.4
53.7462,95821.7
53.8462,95823.9
53.9462,95817.3
54.0462,95815.6
54.1462,95821
54.2462,95812.7
54.3461,95819.8
54.4461,95819.4
54.5461,95821.1
54.6461,95823.7
54.7461,95819.8
54.8461,95814.3
54.9462,95812.6
55.0461,95820.4
55.1461,95817.8
55.2462,95817
55.3462,95822.7
55.4461,95811.4
55.5463,95822.2
55.6462,95819.9
55.7463,95822.3
55.8461,95817.4
55.9462,95821.3
56.046,95812
56.1461,95812.4
56.246,95816.9
56.346,95817.5
56.4461,95823.3
56.5464,95818.5
56.6463,95818
56.7464,95814.4
56.8463,95810.3
56.9463,95811
57.0465,95812.2
57.1465,95814
57.2467,95821.7
57.3463,95806.7
57.4466,95814.8
57.5463,95819.6
57.6462,95815.4
57.7462,95819.7
57.8465,95816.5
57.9462,95816.1
58.0465,95817.1
58.1462,95818.7
58.2464,95816
58.3461,95820.3
58.4463,95815.7
58.5462,95811.9
58.6463,95814.7
58.7462,95814.7
58.8461,95814.6
58.9462,95823.3
59.0465,95815.5
59.1463,95815.6
59.2463,95812.4
59.3462,95826.1
59.4462,95819
59.5462,95816.4
59.6461,95824
59.7462,95812.6
59.8462,95825.2
59.9462,95816.3
60.0463,95814.9
60.1462,95816.9
60.2462,95808.8
60.3461,95811.4
60.4461,95816.6
60.5462,95822.4
60.6461,95828.2
60.7462,95814.4
60.8462,95815.1
60.9461,95816.7
61.0465,95818.2
61.1462,95807.9
61.2464,95824.7
61.3462,95811.7
61.4462,95815.7
61.5462,95819.6
61.6462,95814.3
61.7463,95822.4
61.8461,95821
61.9461,95812.1
62.0463,95814.9
62.1462,95821.5
62.2463,95811.3
62.3462,95816
62.4463,95824
62.5462,95813
62.6463,95813.3
62.7464,95819
62.8464,95829
62.9462,95819
63.0461,95811.6
63.1462,95812.3
63.246,95826.4
63.3463,95814.2
63.4462,95819.1
63.5462,95818.4
63.6462,95818.7
63.7461,95810
63.8462,95821.4
63.946,95817.7
64.0461,95823
64.1462,95820.2
64.2462,95809.7
64.3462,95822.9
64.4462,95817.1
64.5462,95819.7
64.6461,95819.3
64.7462,95812.4
64.8461,95812.6
64.9462,95814.5
65.0463,95822.9
65.1462,95825.6
65.2462,95824.9
65.3461,95821.2
65.4462,95817.9
65.5462,95816.4
65.6461,95819
65.7462,95817.2
65.8462,95818.3
65.9462,95821.6
66.0462,95815.6
66.1461,95808.5
66.2461,95815.4
66.3463,95815.7
66.4462,95812.3
66.5463,95820.3
66.6462,95809.4
66.7464,95820.4
66.8461,95810.9
66.9461,95817.3
67.0461,95819.1
67.1461,95831.6
67.2462,95818.3
67.3461,95823.2
67.4463,95808.1
67.5463,95812.1
67.6461,95816.7
67.7463,95810.3
67.8463,95818.3
67.9462,95812.7
68.0463,95824.2
68.1463,95814.9
68.2464,95817.1
68.3462,95809.1
68.4462,95824.7
68.5461,95813.9
68.6462,95812.6
68.7462,95804.9
68.8462,95824.5
68.9461,95815.9
69.0462,95814.6
69.146,95811.7
69.2461,95816.5
69.346,95816.4
69.4462,95818.4
69.5462,95816
69.6462,95822.5
69.7462,95819
69.846,95814.3
69.9462,95826
70.0461,95812.8
70.146,95812.6
70.2462,95815.4
70.3461,95816.9
70.4461,95819.5
70.5463,95816.6
70.6462,95813.7
70.746,95826.1
70.8461,95825.5
70.9461,95826.7
71.0461,95811.7
71.1461,95820.9
71.2462,95821.7
71.3462,95822.1
71.4461,95806
71.5462,95811.7
71.6462,95818.5
71.7463,95814.4
71.8463,95818.1
71.9466,95816
72.0461,95815
72.1464,95824.9
72.2462,95815.4
72.3462,95814.9
72.446,95820.2
72.5461,95813
72.6461,95814.7
72.7461,95819.7
72.8463,95829.1
72.9463,95820.3
73.0462,95811
73.1461,95809.5
73.2463,95821.7
73.3466,95811.4
73.4463,95813.1
73.5464,95819.8
73.6464,95809.9
73.7462,95813.7
73.8461,95817.7
73.9463,95814.5
74.0462,95816.1
74.1465,95815.4
74.2461,95819.1
74.3463,95815.8
74.4462,95817.9
74.5462,95813.4
74.6462,95821.9
74.7462,95822.3
74.846,95814.3
74.9461,95808.1
75.0462,95810
75.1461,95811.5
75.2462,95817.4
75.3462,95824.6
75.4462,95814.9
75.5461,95812.5
75.6462,95819
75.7461,95825.4
75.8461,95811.9
75.9462,95814
76.0462,95809.1
76.1461,95816.6
76.2461,95822.4
76.3462,95811.8
76.4461,95815.9
76.5468,95824.1
76.6462,95816.9
76.7465,95811.2
76.8461,95809.4
76.9464,95816.6
77.0462,95825.6
77.1464,95810.3
77.2462,95811.4
77.3463,95817
77.4462,95817.9
77.5463,95816.8
77.6461,95822
77.7462,95810.7
77.8462,95822
77.9462,95809.3
78.0463,95819.3
78.1462,95826.2
78.2461,95816.9
78.3463,95825
78.4463,95824
78.5464,95818
78.6462,95814.5
78.7463,95819.9
78.8463,95821.8
78.9463,95817.6
79.0462,95823
79.1464,95825
79.2464,95813.6
79.3462,95813.6
79.4462,95819.3
79.5462,95819.9
79.6461,95821.4
79.7461,95818.6
79.8461,95812.8
79.9461,95811.1
80.0461,95818.7
80.1462,95816.4
80.2461,95807.3
80.346,95815
80.446,95813.7
80.5461,95819
80.6463,95819.2
80.7462,95824.7
80.8462,95816.1
80.9463,95815.9
81.0462,95811.2
81.1462,95825.7
81.2461,95813
81.3462,95824.9
81.4462,95819.7
81.5462,95817
81.6461,95818.1
81.7462,95817.7
81.8461,95815.8
81.9461,95816.6
82.0462,95816.4
82.1462,95821.1
82.2461,95823.7
82.3461,95817.9
82.4462,95818.1
82.5461,95824.1
82.6462,95815.7
82.7462,95818.3
82.8462,95819.1
82.9461,95826
83.0466,95825.7
83.1462,95816
83.2465,95820
83.3461,95822.7
83.4467,95812.7
83.5462,95824.4
83.6466,95811.8
83.7463,95815.8
83.8465,95811.6
83.9464,95815.7
84.0465,95817.9
84.1462,95816.7
84.2465,95817
84.3464,95818.4
84.4465,95817.7
84.5462,95822.3
84.6463,95812.7
84.7462,95818
84.8462,95814
84.9463,95817.8
85.0462,95821.3
85.1461,95816
85.2463,95829.4
85.3461,95821
85.4462,95812
85.5461,95822.4
85.6462,95811.6
85.7462,95815
85.8462,95812.1
85.9463,95813.3
86.0462,95819.4
86.1462,95806
86.2463,95813.7
86.3461,95814.9
86.4462,95814
86.5461,95811.5
86.6462,95819.7
86.7463,95811
86.8461,95823.9
86.9462,95813.7
87.0461,95817.9
87.1462,95819.1
87.2462,95819.9
87.3461,95824.5
87.4463,95819.4
87.5461,95813
87.6461,95813.9
87.746,95811
87.8462,95814.9
87.9462,95811.1
88.0462,95820.1
88.1461,95820.3
88.2462,95823.6
88.346,95817.1
88.4462,95814.7
88.546,95819.3
88.6462,95809
88.7459,95813
88.8462,95815.7
88.9459,95816.7
89.0464,95819.3
89.1461,95812.4
89.2463,95814.2
89.3462,95815.1
89.4465,95813.4
89.5462,95827.9
89.6462,95812.8
89.7463,95819.3
89.8465,95821.6
89.9462,95814.7
90.0462,95816.2
90.1461,95815.9
90.2462,95817.3
90.3466,95818.1
90.4461,95817.8
90.5464,95820.6
90.6462,95824
90.7466,95815.7
90.8461,95808.3
90.9463,95819.4
91.0462,95813.9
91.1463,95818.6
91.2462,95819.7
91.3462,95812.6
91.4462,95817
91.5462,95810.3
91.6462,95819
91.7462,95824
91.8461,95818.6
91.9461,95816
92.0462,95818.8
92.1461,95817.7
92.2463,95820.1
92.3461,95823.9
92.4462,95822
92.546,95821.3
92.6461,95821.4
92.7462,95821.9
92.8461,95813
92.9461,95814.4
93.0463,95828.6
93.1462,95808
93.2462,95816.7
93.3462,95813.4
93.4462,95816
93.5462,95819
93.6462,95818.5
93.7462,95818.4
93.8461,95818.4
93.9462,95822.6
94.0461,95827.5
94.1461,95816
94.2462,95816
94.3462,95813.1
94.4462,95815.3
94.5463,95812.6
94.6463,95811.6
94.7463,95818.7
94.8463,95808.4
94.9463,95816.9
95.0464,95808.1
95.1462,95822.5
95.2463,95808.9
95.3463,95809.4
95.4462,95811.4
95.5461,95817.3
95.6462,95812.6
95.7461,95817.1
95.8461,95799.1
95.9462,95808.2
96.0461,95816.4
96.1461,95810
96.2461,95813.9
96.3461,95820.2
96.4462,95814.4
96.5461,95813
96.646,95819.1
96.7462,95823.5
96.8461,95818.7
96.9461,95809.3
97.0461,95810.6
97.1462,95820
97.2461,95809.3
97.3462,95823.3
97.4462,95810.4
97.5461,95816
97.6462,95810
97.7462,95817.1
97.8462,95818.4
97.9462,95819.5
98.0468,95816.7
98.1462,95823.7
98.2465,95825.3
98.3461,95814.5
98.4465,95828.3
98.5462,95815.1
98.6465,95821.1
98.7462,95820.3
98.8464,95819
98.9462,95815.4
99.0464,95821.9
99.1462,95819.7
99.2462,95812.9
99.3462,95807
99.4462,95823.1
99.5461,95808.8
99.6462,95815
99.7462,95825.1
99.8462,95819.9
99.9464,95819.6
100.046,95817.4
100.146,95819.9
100.246,95808.3
100.346,95807
100.446,95817.4
100.546,95814.4
100.646,95806.8
100.746,95815.9
100.846,95809.7
100.946,95825.1
101.046,95817.8
101.146,95806
101.246,95812.9
101.346,95812.6
101.446,95819
101.546,95815.1
101.646,95825
101.746,95816
101.846,95820.3
101.946,95821.3
102.046,95823.1
102.146,95812.3
102.246,95818.3
102.346,95817.1
102.446,95827.3
102.546,95821.6
102.646,95813.5
102.746,95824.4
102.846,95816.7
102.946,95815
103.046,95815.3
103.146,95821
103.246,95811.9
103.346,95814.6
103.446,95822.3
103.546,95825
103.646,95818.4
103.746,95815.9
103.846,95808
103.946,95816
104.046,95815.7
104.146,95815.6
104.246,95806.8
104.346,95813.1
104.446,95821.3
104.546,95809.9
104.646,95813.7
104.746,95814.6
104.846,95818.3
104.946,95811
105.046,95811.3
105.146,95823.4
105.246,95817.8
105.346,95820.9
105.446,95821.4
105.546,95812.3
105.646,95813.3
105.746,95811.7
105.846,95818.4
105.947,95817.9
106.046,95817.7
106.146,95815
106.246,95813
106.347,95821.3
106.446,95816.4
106.546,95820.3
106.646,95814.3
106.746,95821.9
106.846,95817.7
106.946,95816.8
107.046,95813.1
107.146,95818.7
107.246,95813.7
107.346,95820
107.446,95825.9
107.546,95808.4
107.646,95810.6
107.746,95818.3
107.846,95829.4
107.946,95809.9
108.046,95811.3
108.146,95822.2
108.246,95820.9
108.346,95816.4
108.446,95821.9
108.546,95820.5
108.646,95818.1
108.746,95810.6
108.846,95818.6
108.946,95817.5
109.046,95820
109.146,95819.9
109.246,95812.7
109.346,95818.2
109.446,95819.7
109.547,95815.4
109.647,95818.4
109.747,95808.7
109.847,95811.4
109.948,95819.9
110.048,95826.5
110.148,95821.1
110.248,95819.7
110.348,95818.3
110.447,95808.7
110.548,95814.7
110.648,95816.6
110.748,95820.3
110.847,95824.7
110.947,95813.6
111.047,95816
111.147,95815.4
111.247,95819.2
111.348,95812
111.447,95814.4
111.547,95809.3
111.647,95810.7
111.747,95819.1
111.847,95818
111.947,95821.7
112.047,95815.2
112.147,95817
112.247,95810.6
112.347,95821.3
112.447,95811.3
112.547,95812.1
112.647,95824.1
112.748,95823.6
112.847,95821.3
112.948,95814.1
113.048,95821.1
113.148,95815.7
113.247,95810.8
113.348,95809.6
113.447,95812
113.548,95821.4
113.648,95809.5
113.748,95820.1
113.847,95816.7
113.948,95814.6
114.047,95819.3
114.148,95817.4
114.247,95821.4
114.348,95817
114.447,95820
114.548,95812.4
114.648,95811
114.748,95822.1
114.847,95818.5
114.948,95823.2
115.047,95818
115.147,95811.9
115.247,95815.6
115.347,95829.7
115.447,95822.4
115.547,95822
115.647,95819.7
115.748,95817.3
115.848,95818.3
115.948,95824.3
116.048,95819
116.148,95817.1
116.247,95812.4
116.348,95816.7
116.447,95817
116.548,95815.1
116.648,95822.1
116.748,95825.2
116.847,95809.9
116.947,95818.4
117.047,95818.4
117.148,95807.8
117.247,95823.3
117.348,95815.1
117.448,95819.4
117.548,95815.7
117.647,95812.1
117.747,95820
117.847,95806.4
117.947,95813.7
118.047,95808.7
118.147,95817.9
118.247,95817.4
118.347,95812
118.447,95819.1
118.547,95819.1
118.647,95819.4
118.747,95815.2
118.847,95810.7
118.948,95811.9
119.047,95819.1
119.148,95820.5
119.247,95821.7
119.348,95819.7
119.447,95814.9
119.548,95820
119.647,95815.9
119.748,95822
119.847,95815.8
119.948,95825.1
120.047,95818.7
120.148,95823.6
120.248,95816
120.348,95821.4
120.448,95821
120.548,95810.6
120.648,95812.8
120.748,95815.6
120.848,95821
120.948,95818.6
121.048,95810.5
121.148,95817.4
121.248,95826
121.348,95821
121.448,95810.8
121.548,95815.6
121.648,95819.6
121.748,95813.3
121.848,95813.8
121.948,95819.1
122.047,95823.4
122.148,95812.9
122.247,95820.8
122.348,95828.1
122.448,95818.1
122.548,95810.1
122.647,95812
122.747,95807.4
122.847,95814.4
122.948,95816.9
123.047,95828.3
123.148,95816
123.247,95810.1
123.348,95822.9
123.447,95828
123.548,95818.6
123.647,95818.9
123.748,95817.4
123.847,95813.5
123.948,95822.6
124.047,95810.3
124.148,95815.7
124.247,95819.7
124.348,95816.1
124.447,95815.7
124.548,95814.9
124.647,95821.3
124.748,95826
124.848,95821.6
124.948,95821.7
125.048,95821.1
125.148,95812.9
125.248,95825.6
125.348,95817.7
125.447,95813.3
125.548,95822
125.648,95822.6
125.748,95824.8
125.848,95816.7
125.948,95829.1
126.048,95823.9
126.148,95829
126.247,95825.1
126.348,95814.6
126.447,95815.3
126.548,95818.8
126.647,95827.3
126.748,95819.1
126.847,95815.9
126.948,95813.8
127.047,95808.3
127.148,95820.4
127.247,95817.4
127.348,95826
127.448,95812.4
127.548,95816.1
127.647,95824.4
127.747,95813.3
127.847,95819.4
127.947,95821.4
128.047,95816.1
128.147,95827.3
128.247,95816.9
128.347,95823
128.447,95816.3
128.547,95815
128.647,95825.1
128.747,95829.3
128.847,95822.6
128.947,95817.7
129.047,95819.7
129.147,95820.3
129.247,95817.6
129.347,95825.2
129.447,95806.7
129.547,95816.9
129.647,95825.7
129.747,95812.3
129.847,95818
129.948,95810.4
130.047,95817.8
130.148,95816.1
130.248,95815.6
130.348,95820.1
130.447,95828.8
130.548,95819
130.648,95822.9
130.748,95818.1
130.847,95820
130.948,95814.4
131.048,95829.9
131.148,95818.3
131.247,95820.3
131.348,95818.7
131.447,95828.7
131.548,95822.9
131.648,95832.7
131.748,95814.3
131.847,95829
131.948,95825.7
132.047,95828
132.148,95816.9
132.247,95815.7
132.348,95828.1
132.448,95820.3
132.548,95828.4
132.648,95820.7
132.748,95819
132.847,95827.8
132.948,95811.6
133.048,95827.7
133.148,95814.6
133.247,95823.7
133.348,95825.3
133.447,95813.1
133.547,95816.9
133.647,95827.5
133.747,95831.9
133.847,95830.9
133.948,95835.1
134.047,95814.7
134.148,95826.6
134.247,95822.4
134.348,95815.3
134.447,95818.3
134.548,95822.3
134.648,95829.5
134.748,95820.8
134.847,95813.4
134.948,95824.4
135.048,95824.7
135.148,95832.2
135.248,95826.3
135.348,95827.4
135.448,95833.3
135.548,95824.7
135.648,95826.7
135.748,95819.9
135.848,95815.9
135.948,95832.5
136.048,95818.7
136.148,95815
136.247,95822.9
136.347,95817.8
136.447,95827.6
136.548,95818.3
136.647,95817
136.747,95826.5
136.847,95821
136.947,95818.1
137.047,95831.1
137.148,95818.7
137.247,95814.1
137.347,95828.9
137.447,95831
137.548,95826.8
137.647,95822.1
137.748,95816.1
137.847,95829
137.948,95824
138.048,95826.3
138.148,95813.6
138.247,95808.1
138.348,95821.3
138.447,95820.9
138.548,95820.7
138.647,95826.7
138.748,95809.2
138.848,95822.9
138.948,95820
139.047,95827.3
139.148,95821.7
139.247,95810.7
139.348,95824.4
139.447,95817.4
139.548,95828.2
139.647,95833.9
139.748,95822.6
139.847,95824.8
139.948,95822.3
140.047,95821.6
140.148,95824.1
140.247,95816.7
140.348,95824.3
140.447,95821
140.548,95826.6
140.647,95821.8
140.748,95821.6
140.847,95823.6
140.948,95824.6
141.047,95808.8
141.148,95822
141.247,95825.9
141.347,95819.3
141.447,95825.2
141.547,95825.3
141.647,95820.3
141.747,95825.7
141.847,95825.3
141.947,95825.7
142.047,95825.3
142.148,95821
142.248,95810.5
142.348,95813.7
142.448,95822.3
142.548,95814.7
142.648,95825.3
142.748,95828.7
142.848,95819.9
142.948,95823.7
143.048,95819.7
143.148,95817.3
143.248,95822.3
143.348,95827.9
143.447,95822.3
143.548,95819
143.648,95823.6
143.748,95824.4
143.848,95815.5
143.948,95821.7
144.048,95820.4
144.148,95829.7
144.247,95826
144.348,95819.6
144.447,95821
144.548,95818.4
144.647,95825.2
144.748,95828.4
144.847,95830.1
144.948,95808.8
145.048,95823.4
145.147,95809.3
145.247,95823.6
145.348,95819.7
145.447,95811.3
145.548,95819.9
145.648,95819.3
145.748,95829.2
145.848,95829.7
145.948,95816.1
146.048,95815.9
146.148,95816.8
146.247,95823
146.348,95829.3
146.447,95823.7
146.548,95831.7
146.648,95820.3
146.748,95824.1
146.847,95819.9
146.948,95824.7
147.047,95822
147.148,95817.7
147.247,95842.9
147.348,95814.3
147.447,95819.3
147.548,95820.4
147.647,95824.3
147.749,95822.8
147.847,95823.7
147.949,95827.7
148.047,95825.4
148.149,95827.5
148.247,95825.7
148.349,95824.6
148.447,95829.3
148.549,95827.7
148.648,95820.1
148.749,95831.3
148.847,95819.3
148.949,95816.7
149.047,95817
149.149,95821
149.247,95815.4
149.349,95819.3
149.447,95832.5
149.549,95819.6
149.647,95824
149.749,95821
149.847,95809.6
149.949,95820.4
150.048,95826
150.149,95821.9
150.247,95822.9
150.349,95817
150.447,95832
150.549,95820.6
150.647,95824.4
150.749,95830.3
150.847,95821.7
150.949,95814.3
151.048,95822.1
151.149,95819.9
151.247,95831.8
151.349,95823.3
151.447,95813.1
151.548,95824.4
151.647,95816.8
151.748,95813.4
151.847,95819.7
151.948,95824.7
152.047,95815.8
152.149,95825.9
152.247,95818.1
152.349,95813
152.447,95823.5
152.549,95822.7
152.647,95830.4
152.749,95829.6
152.847,95826.8
152.949,95822.9
153.047,95813
153.149,95823.7
153.247,95832
153.348,95826.1
153.447,95826.1
153.548,95823
153.647,95831.5
153.749,95823.9
153.847,95822.4
153.949,95808.7
154.047,95821
154.149,95825.1
154.247,95830.7
154.349,95822.9
154.447,95819.5
154.547,95823.8
154.647,95832.9
154.749,95828.4
154.847,95826.6
154.949,95827.7
155.047,95836.1
155.149,95831.2
155.248,95821.3
155.349,95827.3
155.447,95831.6
155.548,95830.3
155.648,95819.7
155.749,95829
155.848,95823.4
155.949,95817.2
156.048,95833.4
156.149,95827
156.247,95812.9
156.349,95830.3
156.447,95823
156.549,95822.7
156.647,95833.9
156.749,95836.3
156.847,95820.3
156.949,95826.7
157.047,95827.6
157.148,95831.8
157.247,95820.1
157.349,95816.3
157.447,95821.3
157.547,95813.7
157.647,95820.4
157.748,95819
157.847,95815
157.949,95827.7
158.047,95822.4
158.147,95832.7
158.247,95819.7
158.349,95821.2
158.447,95812.6
158.547,95825.9
158.647,95834.7
158.749,95827.8
158.847,95818.7
158.947,95817
159.047,95818.1
159.147,95828
159.247,95824
159.347,95829
159.447,95824.6
159.547,95835.7
159.647,95829.4
159.748,95821.9
159.847,95821
159.947,95820.4
160.047,95828.6
160.149,95826.1
160.247,95824.5
160.348,95827.6
160.448,95833.3
160.547,95829
160.647,95830
160.748,95833.6
160.848,95836.1
160.948,95829.9
161.047,95828.2
161.148,95824.1
161.247,95816.1
161.347,95818.4
161.447,95828.5
161.549,95824.9
161.647,95817.9
161.747,95824.1
161.847,95819.5
161.947,95821.1
162.047,95818.6
162.147,95823.6
162.247,95829
162.347,95833
162.447,95824.9
162.547,95835.3
162.647,95827
162.748,95822.1
162.847,95829.1
162.949,95818
163.047,95827.3
163.147,95829.4
163.247,95831.1
163.347,95820.9
163.447,95817.5
163.547,95818
163.647,95829.6
163.747,95823.9
163.847,95833.5
163.947,95827.9
164.047,95831.6
164.147,95826.1
164.247,95829.3
164.349,95825.6
164.447,95826.3
164.547,95834.4
164.647,95828.8
164.747,95823.3
164.847,95827.9
164.947,95820.7
165.047,95824.9
165.148,95825.9
165.248,95827.6
165.347,95828.7
165.447,95831.7
165.548,95827.6
165.647,95827.6
165.749,95831
165.847,95830.3
165.948,95825
166.048,95829.3
166.147,95834
166.247,95825.3
166.347,95828.6
166.447,95825
166.547,95817.3
166.647,95818.3
166.747,95822
166.847,95823
166.947,95825.2
167.047,95825.6
167.147,95822.7
167.247,95811.1
167.347,95821.3
167.447,95821.4
167.547,95811.9
167.647,95817.1
167.747,95820.5
167.847,95816.6
167.947,95828.3
168.047,95820.9
168.147,95813.2
168.247,95813.7
168.347,95829.9
168.447,95824.3
168.547,95832.7
168.647,95817.7
168.747,95825
168.847,95817.1
168.947,95832.2
169.047,95827.7
169.147,95826.1
169.247,95822.3
169.347,95823.3
169.447,95824.4
169.547,95824.7
169.647,95824.7
169.747,95819.7
169.847,95823.6
169.947,95819.9
170.047,95828.5
170.147,95818.6
170.248,95824.3
170.348,95816
170.447,95813.2
170.548,95823.7
170.648,95829.4
170.748,95823.4
170.847,95813.8
170.948,95827.1
171.047,95822
171.149,95822.1
171.247,95816.2
171.347,95824.9
171.447,95819.7
171.547,95816.9
171.647,95826.8
171.747,95824.3
171.847,95830.9
171.947,95832.3
172.047,95825.8
172.147,95814.4
172.247,95820.4
172.347,95821.9
172.447,95820.8
172.548,95824.1
172.647,95827.1
172.747,95823
172.847,95815.5
172.947,95825
173.047,95836.7
173.147,95825
173.247,95822.7
173.347,95826.6
173.447,95830.4
173.547,95822
173.647,95816.8
173.747,95836.6
173.847,95817.9
173.947,95823.9
174.047,95829.2
174.148,95829.3
174.247,95818.3
174.347,95821.9
174.447,95818.5
174.547,95822.9
174.647,95820.3
174.747,95829.1
174.847,95827.4
174.947,95828.6
175.047,95826.1
175.148,95821.2
175.248,95821.1
175.348,95837.7
175.447,95826.9
175.548,95831
175.647,95817.1
175.748,95824
175.848,95818
175.947,95821
176.047,95821.7
176.148,95827.9
176.247,95819.3
176.347,95821.3
176.447,95826.7
176.547,95821.9
176.647,95831
176.747,95827.3
176.847,95822.7
176.947,95825
177.047,95818.7
177.147,95811
177.247,95825.7
177.347,95823.4
177.447,95826.7
177.547,95819
177.647,95824.4
177.747,95828.1
177.847,95822.6
177.948,95832.3
178.047,95818.3
178.147,95823.4
178.247,95822
178.347,95822.8
178.447,95819.7
178.547,95815.1
178.647,95812.7
178.747,95827.8
178.847,95820.9
178.947,95825.7
179.047,95820.3
179.147,95819.7
179.247,95830.9
179.347,95829.6
179.447,95824.4
179.547,95822.5
179.647,95826.9
179.747,95812.3
179.847,95827.1
179.948,95830.1
180.047,95829.1
180.148,95815.9
180.247,95825
180.348,95823.3
180.447,95823.4
180.548,95816.3
180.647,95832.7
180.748,95824.7
180.847,95822.7
180.948,95819.3
181.047,95826.5
181.147,95819.6
181.247,95826.1
181.347,95821.9
181.447,95818.8
181.547,95824.4
181.647,95822.1
181.747,95825.6
181.847,95824.7
181.947,95821.3
182.047,95817.1
182.147,95827.6
182.247,95818.8
182.347,95824
182.447,95828.1
182.547,95825.1
182.647,95834.5
182.747,95816
182.847,95819.1
182.947,95818.1
183.047,95819.8
183.147,95818.7
183.247,95822
183.347,95819.7
183.447,95820.3
183.547,95834.4
183.647,95818.1
183.747,95828
183.847,95820
183.947,95825.1
184.047,95833.4
184.147,95822.6
184.247,95830.2
184.347,95829.1
184.447,95833
184.547,95825.6
184.647,95823.2
184.748,95828.4
184.848,95829.3
184.948,95829.5
185.048,95830.1
185.148,95827.1
185.248,95831
185.347,95829.7
185.447,95821.3
185.547,95822
185.647,95813.4
185.747,95821.2
185.848,95822.4
185.948,95820.1
186.048,95816.7
186.147,95816.7
186.247,95817.6
186.347,95818.4
186.447,95817.3
186.548,95823.8
186.647,95819.3
186.747,95820.7
186.847,95826.6
186.947,95830.7
187.048,95826.4
187.148,95828.4
187.247,95828
187.347,95823.5
187.447,95826.9
187.547,95826.9
187.647,95823.4
187.747,95825.2
187.847,95816.3
187.947,95828.3
188.047,95821.3
188.147,95816.3
188.247,95814.3
188.347,95823.3
188.447,95825.6
188.547,95825.5
188.647,95821.9
188.748,95828.9
188.847,95825.7
188.947,95828.2
189.047,95824.7
189.147,95815.4
189.248,95821.7
189.347,95820.2
189.447,95818.3
189.547,95827.4
189.647,95824.6
189.748,95828
189.847,95817.7
189.948,95822.3
190.047,95824.3
190.148,95825.7
190.248,95821.4
190.348,95818.1
190.447,95823
190.547,95821.3
190.647,95819.7
190.747,95820.1
190.847,95820.2
190.947,95825
191.047,95821.9
191.147,95827.6
191.247,95814.3
191.347,95819.1
191.447,95815.6
191.547,95821.4
191.647,95822.7
191.747,95822.9
191.847,95823.7
191.947,95825.9
192.047,95822.8
192.147,95821.1
192.247,95826.7
192.347,95827.3
192.447,95825.3
192.547,95823
192.647,95821
192.747,95818.3
192.847,95823
192.948,95827.6
193.047,95821.3
193.147,95821.3
193.247,95822.3
193.347,95830
193.447,95823.9
193.547,95821.4
193.647,95821.3
193.747,95825.4
193.848,95819.9
193.947,95816.6
194.047,95833
194.148,95815.7
194.247,95827.3
194.348,95828.4
194.447,95814
194.547,95818
194.647,95822.9
194.747,95819.6
194.847,95830.6
194.948,95827.6
195.048,95831.6
195.148,95822.7
195.247,95822
195.348,95824.9
195.447,95827.9
195.547,95820.5
195.648,95823.3
195.748,95825
195.848,95828
195.948,95820.7
196.048,95828.6
196.148,95828.4
196.247,95817
196.347,95815.8
196.447,95820.4
196.547,95820.3
196.647,95822.9
196.747,95826
196.847,95827.7
196.947,95818
197.047,95817
197.147,95821.7
197.247,95823.9
197.347,95825.9
197.447,95816.6
197.547,95821.5
197.647,95828.4
197.747,95823.7
197.847,95820
197.947,95821
198.047,95817.9
198.147,95824.1
198.247,95822.1
198.348,95818
198.447,95822.9
198.548,95821.6
198.647,95824.4
198.747,95819
198.847,95830.1
198.948,95821
199.047,95818.1
199.147,95822
199.247,95821.4
199.348,95828
199.447,95821.4
199.547,95825
199.647,95824.9
199.747,95828.4
199.847,95820.9
199.947,95816.3
200.047,95824.9
200.147,95828.1
200.247,95829.8
200.348,95823.4
200.447,95821.3
200.548,95820.4
200.647,95827.7
200.748,95825.3
200.848,95832.4
200.948,95818.6
201.048,95827.2
201.148,95823.6
201.247,95825.3
201.347,95823.9
201.447,95814.2
201.547,95818.9
201.647,95815.9
201.747,95827.7
201.847,95830.8
201.947,95829
202.047,95827.9
202.147,95829
202.247,95818.7
202.348,95821.3
202.447,95826.7
202.547,95824.6
202.647,95821.2
202.747,95821
202.847,95825.9
202.947,95829.4
203.047,95820.5
203.148,95827.9
203.247,95831
203.348,95821.1
203.447,95831.2
203.548,95824.1
203.647,95817
203.748,95823.1
203.847,95829.8
203.948,95829.1
204.047,95820.1
204.148,95818.3
204.247,95820.5
204.348,95826.4
204.447,95826.9
204.547,95829.6
204.647,95816.7
204.748,95830.1
204.847,95821
204.948,95809.2
205.048,95823.6
205.148,95821.1
205.248,95816.6
205.348,95815.5
205.447,95814.3
205.548,95818.4
205.647,95824.7
205.748,95824.8
205.847,95821.3
205.948,95823.9
206.048,95827.9
206.148,95818.2
206.247,95821.1
206.348,95833.1
206.447,95816.9
206.547,95814.3
206.647,95825.1
206.747,95829.3
206.847,95812.1
206.947,95830
207.047,95822.4
207.147,95825.1
207.247,95818.8
207.347,95815.2
207.447,95820.6
207.547,95821.6
207.647,95818.4
207.747,95826.3
207.847,95835.3
207.947,95824.9
208.047,95830
208.147,95825
208.247,95819
208.347,95830.9
208.447,95823.9
208.547,95832.5
208.647,95819.4
208.747,95822.4
208.847,95820.6
208.947,95824.3
209.047,95823.1
209.147,95835.9
209.247,95829.4
209.347,95818.8
209.447,95823.3
209.548,95822.7
209.647,95823
209.748,95819.4
209.847,95823.3
209.947,95823.3
210.047,95825.5
210.148,95826.6
210.247,95825.9
210.348,95819.6
210.447,95829
210.547,95821.1
210.647,95820.6
210.748,95829.4
210.848,95825
210.947,95825.7
211.048,95814.9
211.147,95829
211.247,95821.8
211.348,95822
211.447,95821.6
211.548,95822.6
211.647,95828.5
211.747,95828.1
211.847,95818.1
211.947,95823.1
212.047,95818.5
212.147,95825.3
212.247,95823.9
212.348,95824.9
212.447,95813.5
212.547,95822.3
212.647,95813.4
212.747,95820.3
212.848,95827.7
212.947,95827.6
213.047,95821.7
213.147,95816
213.247,95825.8
213.347,95826.6
213.447,95830.7
213.547,95833.4
213.647,95822.8
213.747,95819.6
213.847,95824.6
213.947,95818.3
214.047,95818.8
214.147,95830.3
214.247,95822.6
214.347,95824.3
214.447,95826.3
214.547,95810.1
214.647,95830.4
214.748,95818.7
214.847,95826.3
214.948,95814
215.048,95826.9
215.147,95818.3
215.247,95817.6
215.348,95836.6
215.447,95822.9
215.547,95828.3
215.647,95826.3
215.748,95830
215.847,95835.1
215.947,95812.8
216.047,95822.1
216.148,95818.6
216.247,95824.7
216.347,95825.8
216.447,95825.1
216.547,95832.4
216.647,95827.3
216.747,95826.5
216.847,95826.4
216.947,95827.6
217.047,95821.4
217.147,95824
217.247,95829.9
217.348,95827.6
217.447,95819.4
217.547,95820.3
217.647,95819.6
217.748,95827.1
217.847,95825.3
217.948,95826.2
218.047,95826.9
218.147,95829.6
218.247,95817.3
218.347,95821.7
218.447,95829.3
218.547,95820.4
218.647,95824.7
218.747,95827
218.847,95823.1
218.947,95829.1
219.047,95824.6
219.147,95823.3
219.247,95829.3
219.347,95827.1
219.447,95819.9
219.547,95826.2
219.647,95814.4
219.748,95828
219.847,95817.3
219.948,95829.7
220.047,95825.3
220.148,95823.8
220.247,95824
220.347,95822.6
220.447,95814.7
220.547,95821.4
220.647,95813.8
220.748,95826.1
220.847,95835.6
220.947,95820.7
221.047,95823.5
221.148,95820.7
221.247,95823.1
221.347,95822.6
221.447,95814.3
221.548,95823.3
221.647,95825.7
221.747,95817
221.847,95826.5
221.947,95815.3
222.047,95830.1
222.147,95830.7
222.247,95819.7
222.348,95826.1
222.447,95823.4
222.548,95811.7
222.647,95825
222.747,95828.4
222.847,95832.4
222.947,95819.7
223.047,95822.5
223.147,95826
223.247,95819.1
223.347,95830.6
223.447,95821.2
223.547,95820.9
223.647,95831.1
223.748,95834.9
223.847,95819.2
223.948,95823.4
224.047,95826.7
224.147,95825
224.247,95823.2
224.347,95828
224.447,95826.1
224.548,95828.6
224.647,95827
224.748,95817.2
224.847,95829
224.947,95814.3
225.047,95820
225.148,95827.9
225.248,95823.4
225.348,95823.5
225.447,95819.7
225.548,95819.6
225.647,95827.6
225.748,95834
225.848,95827.4
225.947,95829
226.048,95820.7
226.147,95833.3
226.247,95820.9
226.347,95826.1
226.447,95824.9
226.547,95827.7
226.647,95828.4
226.747,95818.7
226.847,95825.9
226.947,95818.8
227.047,95819.4
227.147,95826.4
227.247,95816.6
227.348,95835.8
227.447,95816.7
227.547,95825.7
227.647,95826.6
227.747,95821.7
227.847,95828.1
227.947,95825.3
228.047,95822
228.147,95819.7
228.247,95824.4
228.347,95826
228.447,95832
228.547,95831.3
228.647,95835.6
228.747,95827
228.847,95831.3
228.948,95816.2
229.047,95826.3
229.147,95823.6
229.247,95827.9
229.347,95823.3
229.447,95822.7
229.548,95821.1
229.647,95820.9
229.748,95827.4
229.848,95820.3
229.948,95818.1
230.047,95832.7
230.148,95818.1
230.248,95819.6
230.348,95818
230.447,95823.3
230.548,95825.4
230.647,95821.7
230.748,95822.6
230.847,95816.8
230.948,95824
231.048,95823.1
231.148,95812.7
231.247,95823
231.348,95829.7
231.447,95822.7
231.548,95820.4
231.647,95816.2
231.748,95824.3
231.847,95826.7
231.947,95826.6
232.047,95820.3
232.147,95828.4
232.247,95824.3
232.347,95825.1
232.447,95820.2
232.547,95824
232.647,95822.6
232.747,95832.9
232.847,95817.5
232.947,95829.4
233.047,95830
233.147,95821.6
233.247,95826.7
233.348,95829.6
233.447,95823.3
233.547,95820.4
233.647,95823.5
233.748,95827.3
233.847,95830.6
233.948,95825.7
234.047,95831.5
234.147,95827.3
234.247,95818.6
234.347,95825.4
234.447,95832.3
234.548,95820.1
234.647,95821.7
234.747,95822.4
234.847,95839.1
234.948,95826.4
235.048,95819.3
235.147,95820.7
235.248,95826.6
235.348,95817.4
235.447,95828.9
235.547,95820.5
235.648,95826.4
235.748,95831.9
235.848,95825.4
235.947,95836.8
236.048,95825.1
236.148,95827
236.247,95821.9
236.347,95831.2
236.447,95822.6
236.547,95820.4
236.647,95821.6
236.747,95840.7
236.847,95827.6
236.947,95820.9
237.047,95822.4
237.147,95822.7
237.247,95823.7
237.347,95819.3
237.447,95829.7
237.548,95822.7
237.647,95818.9
237.748,95813.7
237.847,95825.9
237.947,95837.5
238.047,95821.1
238.147,95832.1
238.247,95828.6
238.347,95829.5
238.447,95819.9
238.547,95824.4
238.647,95829.6
238.748,95832.3
238.847,95824.7
238.948,95815.1
239.047,95832.4
239.147,95829.3
239.247,95827.3
239.347,95816.3
239.447,95826.7
239.547,95818.8
239.647,95825.1
239.748,95822.5
239.847,95826.5
239.948,95817.6
240.047,95824.6
240.148,95815
240.247,95816.2
240.348,95829.6
240.448,95823.1
240.548,95822.1
240.647,95837
240.748,95813.7
240.848,95824
240.948,95824.6
241.047,95818.8
241.148,95827
241.247,95822.9
241.347,95820.7
241.447,95830.3
241.547,95837
241.647,95819.7
241.747,95832.4
241.847,95833
241.948,95823.6
242.047,95823.4
242.147,95829.9
242.247,95819.8
242.348,95834.3
242.447,95817.4
242.548,95817.7
242.647,95831.8
242.747,95817.6
242.847,95830.9
242.947,95827.1
243.047,95826.5
243.147,95821.4
243.247,95831
243.347,95834.4
243.447,95834.7
243.547,95829.7
243.647,95832.1
243.748,95832.1
243.847,95834.5
243.947,95833.4
244.047,95825
244.147,95827.1
244.247,95830.3
244.348,95826.6
244.447,95827.3
244.548,95820
244.647,95826.2
244.748,95825.7
244.847,95829.5
244.947,95824.7
245.047,95830.4
245.148,95832
245.247,95826
245.348,95835.8
245.447,95828.3
245.547,95820.9
245.647,95827.6
245.747,95825.2
245.848,95825.3
245.948,95824.4
246.048,95825.3
246.148,95826.3
246.247,95825.9
246.347,95829.9
246.447,95828.6
246.547,95825.3
246.647,95822.6
246.747,95816.1
246.847,95829
246.948,95826.8
247.047,95830.7
247.147,95829.9
247.247,95827.9
247.348,95822.7
247.447,95831.3
247.547,95824.1
247.647,95823.4
247.747,95827
247.847,95827.6
247.947,95832.6
248.047,95826.4
248.148,95831.7
248.247,95823.6
248.347,95825
248.447,95825.3
248.548,95822.5
248.647,95826.4
248.747,95826.4
248.847,95823.1
248.948,95824.8
249.047,95826
249.148,95827.3
249.248,95826.9
249.347,95820
249.447,95827.1
249.548,95820.6
249.647,95816.9
249.748,95835
249.847,95822.4
249.947,95827.1
250.047,95832
250.148,95818.9
250.248,95824
250.348,95830.3
250.447,95826
250.548,95833.9
250.647,95828.1
250.748,95831.4
250.847,95823.7
250.948,95827
251.048,95820.4
251.148,95823.4
251.247,95828.5
251.347,95823.9
251.447,95822.6
251.548,95837.6
251.647,95813.3
251.748,95831.7
251.847,95825.6
251.948,95832.6
252.047,95826.2
252.148,95820.3
252.248,95820.4
252.347,95824.8
252.447,95822
252.548,95831.1
252.647,95822
252.747,95834.1
252.847,95825.3
252.947,95829.3
253.047,95828.1
253.148,95830.3
253.247,95830
253.347,95831.7
253.447,95828.9
253.548,95823.1
253.647,95834.7
253.748,95828.4
253.847,95822.9
253.948,95827.9
254.047,95825.2
254.148,95830
254.248,95826.3
254.348,95828.6
254.447,95824.5
254.547,95818.6
254.648,95827.1
254.747,95828.4
254.847,95823.8
254.948,95835.3
255.048,95824.6
255.148,95821
255.248,95828.4
255.348,95827.1
255.448,95823.7
255.547,95816.5
255.647,95829.7
255.748,95820.9
255.847,95815.1
255.948,95837.7
256.048,95825
256.148,95823.9
256.247,95812.1
256.347,95826.7
256.447,95821.3
256.547,95826
256.647,95815.3
256.747,95828.5
256.847,95822.6
256.947,95825
257.047,95831.9
257.148,95824.5
257.248,95817.9
257.347,95825.1
257.447,95816.9
257.547,95826.7
257.647,95830.1
257.747,95828.9
257.847,95820.3
257.947,95823.8
258.047,95825.9
258.148,95822.7
258.248,95816.1
258.347,95825
258.447,95825.1
258.547,95829.1
258.647,95820
258.747,95824.5
258.847,95830.4
258.948,95829.4
259.047,95826.1
259.148,95836.2
259.248,95825
259.347,95827.1
259.447,95825.6
259.547,95827.5
259.648,95830.2
259.748,95820.3
259.847,95830.7
259.948,95843.1
260.048,95833.7
260.148,95821.7
260.248,95823.8
260.348,95829.9
260.447,95825.6
260.548,95819.3
260.647,95829.8
260.748,95824.3
260.847,95834.6
260.947,95826.3
261.047,95831.8
261.147,95817.6
261.247,95823.4
261.347,95825.1
261.447,95829.3
261.547,95822.1
261.647,95829.1
261.747,95826.9
261.847,95822.2
261.948,95827.4
262.047,95829
262.147,95819.7
262.248,95832.3
262.347,95826.7
262.447,95825.3
262.547,95817
262.647,95816.3
262.747,95824.7
262.847,95832.1
262.947,95827.9
263.047,95821
263.147,95824.4
263.247,95824.1
263.347,95835
263.447,95828.3
263.547,95825.7
263.647,95833.1
263.747,95836.9
263.847,95820.3
263.948,95818.7
264.047,95820.7
264.148,95825.4
264.247,95827
264.347,95831.6
264.447,95823.6
264.547,95821.9
264.648,95829.2
264.748,95822.5
264.847,95827.7
264.948,95827.2
265.048,95828
265.148,95833
265.248,95822.9
265.348,95828.5
265.448,95825.7
265.548,95818.9
265.648,95820.4
265.748,95830
265.848,95815.4
265.948,95822.1
266.048,95826.7
266.147,95830.3
266.247,95825
266.347,95829
266.447,95831.3
266.547,95822.2
266.647,95818
266.748,95829.4
266.847,95828
266.947,95830.2
267.047,95820.4
267.148,95819.1
267.248,95819.4
267.348,95835.7
267.447,95825.4
267.547,95820.6
267.647,95822.9
267.748,95823.8
267.847,95825.3
267.948,95820.6
268.047,95837.9
268.148,95825.5
268.247,95833.1
268.348,95822.6
268.447,95817.1
268.547,95828.2
268.647,95821
268.747,95826.4
268.847,95816.7
268.947,95819
269.047,95822.3
269.147,95825.3
269.247,95831.9
269.348,95821.3
269.447,95833.1
269.547,95823.6
269.647,95818.7
269.747,95828
269.847,95831
269.948,95825
270.047,95826.3
270.148,95824
270.248,95831.6
270.347,95835.1
270.447,95824.5
270.548,95822.1
270.647,95833.4
270.748,95836.9
270.847,95829.8
270.948,95818.4
271.048,95827.4
271.148,95831.1
271.247,95838.2
271.347,95816.7
271.447,95833.3
271.548,95826.1
271.647,95827
271.747,95818.7
271.847,95825.4
271.947,95832.1
272.047,95824
272.147,95820.6
272.248,95830.6
272.347,95833.1
272.447,95828.3
272.547,95816.6
272.647,95829.9
272.747,95822.6
272.847,95834
272.947,95824
273.047,95825.6
273.147,95834.1
273.248,95837.2
273.348,95830
273.447,95827.4
273.547,95838.3
273.647,95817.7
273.748,95817.9
273.847,95826.9
273.948,95824
274.047,95830.2
274.147,95822.9
274.248,95829
274.348,95820
274.447,95828.3
274.548,95825.5
274.648,95824.7
274.747,95822.7
274.847,95828.3
274.948,95819.3
275.047,95829.3
275.148,95828.3
275.247,95829
275.348,95822
275.447,95825.6
275.547,95835.2
275.647,95822.1
275.747,95820.3
275.848,95835.1
275.947,95841.8
276.047,95832.9
276.147,95826.1
276.247,95823.4
276.347,95816.5
276.447,95827.6
276.547,95833.4
276.647,95832.6
276.748,95820
276.847,95827.3
276.948,95831.7
277.047,95834.4
277.147,95825.3
277.248,95817.7
277.347,95823.7
277.447,95834.4
277.548,95830.5
277.647,95820.9
277.747,95831.3
277.847,95837
277.947,95832.8
278.047,95828.3
278.147,95838.9
278.247,95840.7
278.347,95831
278.447,95828.7
278.548,95823.1
278.648,95822
278.748,95832
278.847,95831.3
278.948,95828.3
279.047,95828.1
279.147,95824.2
279.247,95827.7
279.348,95815
279.447,95839
279.548,95831.1
279.648,95823.7
279.748,95836.3
279.847,95825
279.948,95829.4
280.047,95816
280.148,95825.1
280.247,95831
280.348,95826.1
280.447,95828.3
280.548,95816
280.647,95833.7
280.748,95834.7
280.848,95833.3
280.948,95831.6
281.047,95825.7
281.148,95821.7
281.247,95821.4
281.348,95825.7
281.448,95833.5
281.547,95834.9
281.647,95834.6
281.747,95827
281.847,95833.7
281.947,95818.3
282.047,95839
282.147,95823.1
282.247,95817.2
282.347,95832.3
282.447,95821.1
282.547,95832.7
282.647,95820.7
282.748,95817
282.847,95821.3
282.948,95820.9
283.047,95828.2
283.147,95814.7
283.247,95822.1
283.348,95828.6
283.447,95822.3
283.547,95816.1
283.647,95829.3
283.747,95832.4
283.847,95815.5
283.947,95829.4
284.047,95815
284.147,95830.3
284.247,95820.3
284.348,95820
284.447,95821.1
284.547,95817.3
284.647,95828
284.748,95829.2
284.847,95812.4
284.947,95823.8
285.048,95813.4
285.148,95824.3
285.248,95822.3
285.347,95837.8
285.448,95828
285.547,95821.4
285.648,95822.4
285.748,95814.3
285.848,95819
285.948,95829.3
286.048,95813.4
286.148,95826.8
286.247,95829.3
286.347,95836
286.447,95821.6
286.547,95826
286.647,95829.6
286.748,95832.3
286.847,95828.3
286.947,95826.2
287.047,95822.7
287.147,95826.4
287.247,95823
287.348,95813.8
287.447,95825.3
287.548,95829
287.647,95822
287.747,95833
287.847,95827.6
287.948,95817.3
288.047,95837.7
288.147,95824.5
288.247,95833.9
288.347,95827.7
288.447,95829.7
288.548,95829.5
288.647,95832.6
288.747,95836.1
288.847,95831.9
288.947,95824.3
289.047,95834.7
289.147,95829
289.247,95845.3
289.347,95829.2
289.447,95821.7
289.547,95821.4
289.647,95832.9
289.748,95831.7
289.848,95824.1
289.948,95818.9
290.047,95828.7
290.148,95834.7
290.247,95831
290.347,95821.9
290.447,95824.2
290.548,95832.4
290.647,95833.1
290.748,95830.1
290.847,95834.8
290.948,95825.4
291.047,95817.3
291.148,95837
291.247,95821.5
291.347,95828.4
291.447,95828
291.547,95828.7
291.647,95836.3
291.747,95819
291.847,95822.6
291.947,95824.9
292.047,95825.8
292.147,95825.6
292.247,95825.9
292.348,95824.6
292.447,95832.7
292.548,95818.6
292.647,95821
292.748,95822.7
292.848,95824
292.948,95824.9
293.048,95827.4
293.148,95833
293.247,95816
293.348,95827.1
293.448,95826.9
293.548,95823
293.647,95806.2
293.748,95826.7
293.847,95824.7
293.948,95825.3
294.047,95829.3
294.148,95828.9
294.247,95825.9
294.348,95832
294.447,95829.7
294.548,95829.7
294.647,95827.9
294.748,95826.3
294.847,95824.5
294.948,95836.7
295.048,95828.7
295.148,95836.2
295.248,95823.9
295.348,95835.3
295.447,95818.6
295.548,95829.7
295.647,95828.7
295.748,95820.9
295.848,95826.1
295.948,95831.7
296.048,95818.3
296.148,95827.3
296.248,95822.6
296.348,95829.3
296.447,95820.3
296.548,95840.9
296.648,95825.6
296.748,95825.2
296.847,95817.4
296.948,95821.4
297.047,95817
297.148,95831
297.247,95833
297.348,95835.3
297.447,95828.1
297.548,95824
297.648,95816.9
297.748,95828.3
297.847,95825.4
297.948,95823.5
298.047,95824.1
298.148,95832
298.247,95818.1
298.348,95830.5
298.447,95831.3
298.548,95834.9
298.648,95820.6
298.748,95831.5
298.847,95826.3
298.948,95835.6
299.047,95834.3
299.148,95827
299.247,95833
299.348,95826.6
299.447,95834
299.548,95830.7
299.648,95828.7
299.748,95824.1
299.847,95831.8
299.948,95836
300.048,95832.6
300.148,95835.1
300.247,95828.2
300.348,95830.7
300.448,95827.4
300.548,95824.3
300.648,95826.3
300.748,95832.3
300.848,95832.4
300.948,95821.9
301.048,95819.5
301.148,95825
301.248,95829.4
301.348,95817.9
301.447,95822.8
301.547,95828.9
301.648,95826.6
301.747,95830.9
301.847,95825
301.947,95818.7
302.047,95829
302.147,95836.6
302.247,95819.7
302.348,95828.3
302.447,95826.3
302.548,95832.4
302.648,95838
302.747,95823.6
302.847,95825.1
302.947,95833
303.048,95828.2
303.147,95825.7
303.247,95833.3
303.348,95825.3
303.447,95823.7
303.547,95821.6
303.647,95827.3
303.748,95826.7
303.847,95822.2
303.948,95832.6
304.047,95838
304.148,95823.9
304.247,95836.3
304.347,95830.1
304.447,95823
304.548,95824.7
304.647,95817.8
304.748,95825.9
304.847,95824.7
304.948,95819
305.047,95838.9
305.148,95835.3
305.247,95819.9
305.348,95837
305.447,95827.4
305.548,95819.9
305.647,95820.4
305.748,95839.2
305.848,95820.9
305.948,95833.1
306.048,95828.3
306.148,95836.7
306.248,95819.6
306.348,95824.6
306.448,95825.9
306.547,95837.8
306.648,95835
306.748,95827.7
306.848,95823
306.948,95820.8
307.048,95823.1
307.147,95820.9
307.248,95830.9
307.347,95822.3
307.448,95838.3
307.548,95822.3
307.648,95831.1
307.747,95829.3
307.848,95821.6
307.947,95821.7
308.048,95817.7
308.147,95824.7
308.248,95821.4
308.347,95824.6
308.447,95815.9
308.547,95818
308.647,95834
308.747,95830.3
308.847,95823.3
308.948,95821.2
309.047,95822
309.147,95817.7
309.247,95826.4
309.347,95832.5
309.447,95839.4
309.547,95816.7
309.647,95835.9
309.747,95824.2
309.847,95828.3
309.948,95833.9
310.047,95842.8
310.148,95817.7
310.247,95824
310.348,95829.1
310.447,95828.7
310.548,95814.1
310.647,95818.9
310.748,95822.7
310.847,95824.5
310.948,95827.9
311.047,95825.6
311.148,95823.1
311.247,95829.3
311.347,95819.9
311.447,95834.6
311.547,95836.7
311.647,95824.8
311.747,95825.3
311.847,95829.7
311.947,95834.1
312.047,95836.2
312.148,95824.4
312.247,95832.3
312.347,95828.7
312.447,95825.7
312.548,95817.4
312.647,95827.1
312.747,95837
312.847,95828.5
312.947,95831.3
313.048,95820.3
313.148,95826.6
313.248,95824.8
313.347,95821.4
313.447,95832.6
313.547,95832.4
313.647,95812.8
313.747,95818.3
313.847,95822.1
313.947,95833.1
314.047,95821.2
314.147,95826.6
314.247,95829.9
314.348,95822.3
314.447,95824.8
314.548,95821.7
314.647,95827.6
314.747,95844.3
314.848,95828.7
314.947,95834
315.047,95826.5
315.147,95825.3
315.248,95824.1
315.348,95827.3
315.447,95833
315.548,95833
315.648,95828.9
315.747,95832.6
315.848,95826.7
315.948,95817.5
316.048,95818.1
316.148,95828.4
316.248,95832.3
316.347,95830.3
316.447,95830.7
316.547,95824.9
316.647,95833.4
316.747,95830.3
316.847,95828.9
316.947,95828.3
317.047,95822.4
317.147,95825.2
317.248,95831.6
317.348,95830.3
317.447,95828
317.548,95828.5
317.647,95832.6
317.748,95834
317.848,95829.7
317.948,95830.2
318.047,95829.1
318.148,95832.4
318.248,95826.7
318.348,95818.2
318.447,95838
318.547,95835.4
318.647,95827.3
318.748,95826
318.848,95819.7
318.948,95826.7
319.047,95820
319.148,95822
319.247,95820
319.348,95826.1
319.447,95826.9
319.548,95826.5
319.647,95819.9
319.748,95825.5
319.847,95823.8
319.948,95821.3
320.047,95828.9
320.148,95828.1
320.248,95831.3
320.348,95832.1
320.447,95831.1
320.548,95821.1
320.647,95828
320.748,95830.4
320.848,95838.6
320.948,95816.4
321.047,95828
321.148,95824.1
321.248,95830.6
321.347,95825.6
321.447,95815
321.547,95833
321.647,95824.6
321.747,95823.8
321.847,95835.7
321.947,95823.7
322.047,95820.1
322.147,95830.1
322.248,95828.5
322.347,95824.7
322.447,95825.9
322.547,95824.4
322.647,95828.8
322.748,95823.4
322.847,95822.1
322.947,95830.6
323.047,95820.7
323.147,95823.1
323.248,95830.3
323.347,95833
323.448,95827
323.548,95831.3
323.647,95819.4
323.747,95822.9
323.847,95826
323.947,95831.4
324.047,95829.6
324.147,95835.1
324.248,95832.3
324.347,95827.6
324.447,95828.6
324.547,95820.7
324.647,95830
324.747,95815.1
324.848,95818.2
324.948,95835.5
325.047,95830.4
325.148,95821.7
325.248,95829.3
325.347,95822.5
325.448,95824.4
325.547,95824.9
325.647,95823.3
325.747,95832.3
325.848,95824.1
325.948,95829.9
326.047,95824.4
326.148,95830.7
326.248,95819.6
326.348,95821.6
326.447,95830.4
326.547,95818.3
326.647,95822.7
326.748,95827.1
326.847,95827.3
326.947,95820.5
327.047,95833.6
327.147,95823.3
327.247,95824.3
327.347,95812.5
327.447,95829.9
327.547,95828.6
327.648,95816.1
327.747,95834.8
327.847,95826.9
327.947,95815.1
328.048,95827.7
328.147,95819.8
328.247,95825.1
328.347,95829.4
328.447,95834.6
328.547,95835
328.647,95828.1
328.747,95824.6
328.847,95830.3
328.947,95827.5
329.048,95825.3
329.147,95814.3
329.247,95829.1
329.348,95836.7
329.447,95829.1
329.547,95825.6
329.648,95819.6
329.747,95826.3
329.847,95822.1
329.948,95825.4
330.047,95830.5
330.147,95824.1
330.247,95828.1
330.347,95820.9
330.447,95834.7
330.548,95821.7
330.648,95826.6
330.747,95820.6
330.848,95826.5
330.948,95822.9
331.048,95817.6
331.147,95830.9
331.247,95831.8
331.347,95830
331.447,95829.3
331.547,95832.1
331.648,95825.8
331.747,95824.1
331.847,95821.1
331.947,95832.4
332.047,95827.3
332.147,95829.4
332.247,95821.7
332.347,95827
332.447,95825.5
332.547,95823.1
332.648,95817.6
332.747,95832.9
332.847,95825.7
332.947,95837.3
333.047,95825.1
333.148,95831.6
333.247,95833.7
333.347,95833.6
333.447,95823.9
333.547,95831.4
333.648,95832.2
333.747,95821.6
333.847,95818.4
333.947,95818.3
334.047,95832.2
334.147,95821.1
334.247,95829.7
334.347,95821
334.447,95822.7
334.547,95815.1
334.647,95826
334.747,95825.6
334.847,95822.8
334.948,95825.5
335.047,95826.4
335.148,95818.2
335.247,95816.4
335.348,95815.3
335.448,95820
335.547,95815.7
335.648,95835.1
335.748,95831.6
335.848,95824.4
335.948,95823.7
336.048,95831
336.148,95828.4
336.248,95813.4
336.348,95825.5
336.447,95823.9
336.548,95823.7
336.647,95818.7
336.748,95825.7
336.847,95832
336.948,95820
337.047,95828.6
337.148,95829
337.247,95832.7
337.348,95833
337.447,95833.1
337.548,95819.7
337.647,95824
337.748,95825.6
337.847,95826.9
337.948,95822.8
338.047,95820
338.147,95824.1
338.247,95828.7
338.348,95828.8
338.447,95813.9
338.547,95822.9
338.647,95829.1
338.748,95823.7
338.847,95830
338.947,95834.3
339.047,95829.3
339.147,95824.5
339.247,95828.1
339.347,95825
339.447,95828.6
339.547,95820.2
339.647,95822.1
339.748,95828.6
339.847,95820.7
339.947,95829.8
340.048,95823.4
340.148,95822.9
340.248,95827.3
340.348,95824.1
340.448,95825.7
340.548,95821.9
340.647,95829.5
340.748,95819.7
340.848,95821.6
340.948,95822.1
341.048,95820.7
341.148,95831.9
341.247,95829
341.348,95824.6
341.448,95820.7
341.547,95832
341.647,95821.3
341.747,95819.3
341.847,95829.8
341.947,95823.8
342.047,95825.1
342.147,95824.7
342.248,95833.2
342.347,95828.6
342.448,95818.1
342.548,95822.6
342.648,95818.7
342.747,95839.9
342.848,95833.3
342.948,95821.6
343.048,95834.5
343.147,95832
343.248,95830.7
343.347,95826.9
343.447,95821.3
343.547,95828.7
343.648,95816.6
343.747,95815.4
343.848,95831.3
343.947,95824.7
344.047,95827.7
344.147,95829.3
344.247,95830.5
344.347,95838.6
344.447,95823.9
344.547,95819.1
344.647,95826.7
344.748,95824.6
344.847,95828.3
344.948,95821.4
345.047,95826.7
345.148,95830.6
345.248,95819.4
345.348,95821
345.448,95821.6
345.548,95823.3
345.648,95819.3
345.748,95834.3
345.848,95832
345.948,95822.4
346.048,95832.4
346.147,95823.3
346.248,95814.1
346.348,95831.7
346.447,95821.1
346.548,95822.5
346.647,95831.1
346.748,95814
346.848,95829.1
346.947,95830.2
347.047,95817.1
347.147,95827.3
347.247,95834
347.347,95808.5
347.447,95827.3
347.547,95823.6
347.647,95818.7
347.747,95825.7
347.847,95833.6
347.947,95822
348.047,95821.7
348.148,95833.5
348.247,95826.4
348.348,95833.7
348.447,95820
348.548,95832.8
348.647,95827
348.748,95824.9
348.847,95829.3
348.948,95818.2
349.047,95828.6
349.148,95819
349.247,95828.7
349.348,95829.8
349.447,95827.4
349.548,95832.9
349.648,95824.7
349.748,95837.7
349.847,95824.9
349.948,95830.5
350.047,95826.3
350.148,95818.1
350.248,95827.4
350.348,95817.3
350.448,95834
350.548,95822.4
350.648,95831.3
350.748,95825.7
350.847,95824
350.948,95823.6
351.048,95819.6
351.148,95828.6
351.247,95833.3
351.348,95826.9
351.448,95826.4
351.547,95833.1
351.647,95819.7
351.748,95830.1
351.847,95819.1
351.947,95828
352.047,95835.7
352.147,95821.6
352.247,95825.7
352.347,95824.4
352.447,95837.5
352.547,95831.3
352.647,95833.9
352.747,95825.4
352.847,95827.3
352.947,95828.1
353.047,95825.9
353.148,95826.4
353.247,95818
353.347,95824.4
353.447,95816.9
353.547,95828.1
353.647,95824.7
353.747,95824
353.847,95820
353.947,95830.7
354.048,95822.7
354.148,95822
354.247,95836.3
354.347,95828.3
354.447,95829.3
354.547,95829.9
354.647,95827.1
354.747,95839.1
354.847,95829.3
354.947,95836.9
355.047,95829.3
355.148,95829.1
355.248,95837.7
355.348,95828.1
355.448,95834.1
355.548,95831.8
355.647,95827.6
355.748,95826.7
355.847,95817
355.948,95835.2
356.048,95825.6
356.148,95822.4
356.247,95822.4
356.347,95818
356.447,95825.7
356.548,95830.6
356.647,95828.3
356.748,95818.8
356.847,95827.4
356.947,95830.7
357.047,95835.4
357.147,95823.3
357.248,95843.3
357.347,95824.7
357.448,95826
357.548,95836.8
357.648,95818.3
357.747,95827.7
357.848,95828.7
357.948,95821.3
358.048,95824.9
358.147,95823.3
358.248,95829.4
358.347,95831.3
358.448,95828
358.547,95834.4
358.648,95835
358.747,95836.7
358.848,95827
358.947,95827.7
359.047,95823.7
359.147,95830.2
359.247,95829.1
359.347,95828.4
359.447,95831.3
359.548,95827.2
359.648,95822.9
359.747,95826.4
359.847,95828.6
359.947,95824.2
360.047,95831.1
360.148,95829.2
360.247,95837
360.348,95826.7
360.448,95820.9
360.548,95828.1
360.647,95831.8
360.748,95820.7
360.848,95833.9
360.948,95829.7
361.047,95823.3
361.148,95827.1
361.248,95832
361.348,95820.6
361.447,95820.2
361.547,95836.6
361.647,95823.4
361.747,95821.7
361.848,95821.7
361.948,95825.7
362.047,95828
362.147,95825.3
362.247,95824.8
362.347,95834
362.447,95822
362.547,95826.7
362.647,95822.5
362.747,95828.7
362.848,95821.6
362.947,95834
363.047,95822.5
363.148,95821.3
363.247,95823.1
363.348,95830.7
363.447,95829.5
363.548,95827.3
363.647,95827.1
363.748,95826.9
363.847,95827.5
363.948,95823.6
364.047,95830.6
364.148,95820.4
364.248,95823
364.348,95825.6
364.447,95820.7
364.548,95820.1
364.647,95819.8
364.748,95818.6
364.847,95824.9
364.948,95816.7
365.047,95810.5
365.148,95833.1
365.248,95817.9
365.348,95828
365.448,95818.6
365.548,95830.6
365.648,95826.1
365.748,95834.7
365.847,95827.7
365.948,95840.3
366.048,95830
366.148,95822.3
366.248,95817.9
366.348,95816.9
366.448,95833.9
366.548,95831.5
366.647,95823.8
366.748,95821.3
366.847,95825.9
366.948,95825
367.047,95831.6
367.148,95825.7
367.247,95822.9
367.348,95829.8
367.448,95831.3
367.548,95826.3
367.647,95837.4
367.748,95822.8
367.847,95824.6
367.948,95830.7
368.048,95830.7
368.148,95826.7
368.247,95835.1
368.348,95834.7
368.448,95821.9
368.548,95825.5
368.647,95819.3
368.748,95827.6
368.847,95825.6
368.948,95821
369.047,95830.4
369.147,95817.3
369.247,95828.3
369.347,95827.5
369.447,95840.7
369.547,95821.9
369.647,95833.7
369.748,95823.5
369.847,95827.1
369.947,95829.7
370.047,95830.9
370.148,95832.1
370.247,95821
370.348,95822.3
370.448,95829.8
370.548,95826.9
370.647,95830.7
370.748,95826
370.848,95831.2
370.948,95823.9
371.048,95829.1
371.148,95831.9
371.247,95827.8
371.348,95825
371.448,95823.4
371.548,95819.4
371.647,95823
371.747,95829.1
371.847,95821.6
371.947,95827.3
372.047,95820.2
372.147,95826.4
372.247,95828.7
372.347,95823.9
372.447,95811.7
372.547,95832.4
372.647,95819.7
372.747,95819.3
372.847,95832.5
372.947,95823.9
373.047,95824.1
373.147,95826.6
373.247,95830
373.348,95821.1
373.447,95821.4
373.547,95825.9
373.647,95822.8
373.747,95827.9
373.848,95831.6
373.947,95828.4
374.048,95823
374.148,95829.7
374.248,95826.6
374.347,95825.7
374.448,95824.8
374.547,95830.1
374.648,95827.6
374.747,95826.3
374.848,95825.2
374.947,95833.4
375.047,95836.9
375.147,95822.9
375.248,95818
375.348,95823.6
375.448,95829.3
375.548,95818
375.647,95837.4
375.748,95834.4
375.847,95831.4
375.948,95824.5
376.048,95826
376.148,95822.1
376.248,95829
376.348,95824
376.447,95826.9
376.548,95831.3
376.648,95826.4
376.747,95833.5
376.847,95826.7
376.947,95827.3
377.047,95831.6
377.147,95827.7
377.247,95829
377.347,95828.1
377.447,95831
377.548,95824.2
377.647,95823.3
377.747,95825.4
377.847,95819.4
377.947,95821.7
378.047,95831.7
378.147,95832.6
378.247,95827.9
378.347,95831.2
378.447,95822.4
378.548,95821.9
378.647,95835.7
378.747,95819.2
378.847,95830.9
378.948,95824.7
379.047,95828
379.147,95833.7
379.247,95828.1
379.347,95824
379.447,95823.8
379.547,95831.8
379.647,95830.1
379.747,95821.6
379.847,95824.4
379.947,95821.5
380.047,95827.6
380.147,95824
380.247,95821.7
380.348,95827.6
380.447,95823.7
380.547,95825.3
380.647,95833
380.747,95828
380.848,95830.7
380.948,95830.1
381.047,95820
381.148,95830.9
381.248,95820.3
381.348,95824.8
381.447,95828.8
381.548,95823.4
381.648,95829.4
381.748,95825.3
381.847,95825.3
381.948,95819
382.047,95826.3
382.147,95834.9
382.247,95832.2
382.348,95825.6
382.447,95827.6
382.548,95831.6
382.647,95822.3
382.748,95824.6
382.847,95831.4
382.948,95828.3
383.047,95829.3
383.148,95829.7
383.247,95821.3
383.348,95822.3
383.447,95822.5
383.548,95821.4
383.647,95823.4
383.748,95824.7
383.847,95825.7
383.948,95824.4
384.047,95825.4
384.148,95821.7
384.247,95831.2
384.348,95831.4
384.447,95826.4
384.548,95829.4
384.648,95825
384.748,95831.3
384.847,95832
384.948,95823.6
385.047,95826
385.148,95828.4
385.247,95829
385.348,95825.8
385.448,95825.3
385.548,95822
385.648,95827.4
385.748,95828.2
385.847,95828.4
385.948,95828
386.048,95824
386.148,95823.2
386.247,95820.1
386.348,95819.9
386.448,95827.9
386.548,95827.5
386.648,95827.4
386.748,95819.7
386.847,95830.3
386.948,95820.8
387.048,95822
387.148,95820.4
387.247,95819.3
387.348,95821.3
387.447,95819.9
387.548,95825.3
387.648,95826.4
387.748,95828.3
387.847,95819.4
387.947,95827.4
388.047,95818
388.148,95826.3
388.247,95831
388.347,95826
388.447,95830.6
388.548,95824.7
388.648,95829.3
388.748,95830.9
388.848,95830.4
388.947,95838
389.047,95817
389.147,95826.9
389.247,95822.7
389.347,95832.5
389.447,95831.6
389.547,95830.6
389.647,95828
389.747,95840
389.847,95830.6
389.947,95838.6
390.047,95824.4
390.147,95806.5
390.247,95820.9
390.347,95821.7
390.447,95809.3
390.547,95806.4
390.647,95815
390.747,95810.6
390.847,95819.5
390.947,95811.6
391.047,95813.9
391.147,95813.1
391.247,95815.7
391.347,95810.7
391.447,95804.9
391.547,95812.3
391.647,95808.5
391.747,95812.4
391.847,95812.4
391.947,95802.9
392.047,95800.3
392.147,95813.1
392.247,95807.4
392.347,95808.7
392.447,95799
392.547,95812.7
392.647,95807.7
392.747,95804.9
392.847,95797.3
392.947,95797.9
393.047,95794.3
393.147,95798
393.247,95794.8
393.347,95789.7
393.447,95795.9
393.547,95792
393.647,95794.7
393.747,95788.9
393.847,95792.4
393.947,95784.3
394.047,95784
394.147,95774.3
394.247,95783.1
394.347,95778.9
394.447,95771
394.547,95772.3
394.647,95778.4
394.747,95777
394.847,95782.7
394.947,95774.3
395.047,95770
395.147,95766.6
395.247,95769.7
395.347,95757.7
395.447,95761.3
395.547,95755.8
395.647,95771.3
395.747,95766.7
395.847,95755.3
395.947,95753.5
396.047,95756.1
396.147,95746.8
396.247,95747.6
396.347,95742.8
396.447,95756.1
396.547,95740.1
396.647,95742.6
396.747,95748.5
396.848,95738.9
396.948,95745.7
397.047,95744.7
397.147,95730
397.247,95744.1
397.347,95736
397.447,95738
397.548,95724.5
397.647,95720.9
397.747,95723
397.847,95733.7
397.947,95714
398.047,95720.3
398.147,95715
398.247,95716.7
398.347,95702.7
398.447,95712.4
398.547,95704.7
398.647,95703.3
398.747,95703.2
398.847,95707.9
398.947,95697.3
399.047,95689.1
399.147,95697
399.247,95701
399.347,95699.3
399.447,95686
399.547,95688.8
399.647,95673.7
399.747,95684.3
399.847,95673.4
399.947,95672.7
400.047,95669.1
400.147,95685.1
400.247,95665.1
400.347,95664
400.447,95666.1
400.547,95654.3
400.647,95654.5
400.747,95667
400.847,95664.3
400.947,95652.7
401.047,95642.2
401.147,95638
401.247,95648.4
401.347,95638.1
401.447,95647
401.547,95629.1
401.647,95636.3
401.747,95630.6
401.847,95619
401.948,95620.1
402.047,95621.4
402.147,95621.4
402.247,95608.2
402.347,95610.6
402.447,95611.6
402.547,95601.3
402.647,95595.7
402.747,95602
402.847,95599.6
402.947,95595.6
403.047,95598.8
403.147,95600.3
403.247,95601.1
403.348,95594.1
403.447,95583.5
403.547,95577.1
403.647,95577
403.747,95575.9
403.847,95575
403.947,95572.7
404.047,95566.9
404.147,95559
404.247,95566.2
404.347,95555.3
404.447,95561.7
404.547,95551.7
404.647,95550
404.747,95533.6
404.847,95543.1
404.947,95544.1
405.047,95526.7
405.148,95529.4
405.247,95527.7
405.348,95518
405.447,95519.7
405.548,95511.3
405.647,95516.1
405.748,95501.8
405.847,95496.9
405.948,95498.9
406.047,95505.3
406.148,95483.3
406.247,95496.7
406.348,95501.6
406.447,95481.6
406.548,95494
406.647,95480
406.748,95475.1
406.847,95472.9
406.948,95470.8
407.047,95469
407.147,95455.1
407.247,95465.9
407.348,95450
407.447,95458.1
407.547,95455.9
407.647,95454.4
407.747,95448.2
407.847,95440.7
407.947,95435.3
408.047,95436.4
408.147,95431.7
408.247,95436.3
408.347,95427
408.447,95417.4
408.547,95409.7
408.647,95422
408.747,95416.4
408.847,95414.9
408.947,95407.3
409.047,95409
409.147,95396.1
409.247,95393.7
409.347,95389.5
409.447,95389.3
409.547,95390
409.647,95384.3
409.747,95382.8
409.847,95377.1
409.947,95371.6
410.047,95376
410.147,95365
410.247,95360.9
410.347,95353.9
410.447,95356.8
410.547,95356.4
410.647,95345.6
410.747,95337.6
410.847,95343.7
410.947,95340.1
411.047,95331.1
411.147,95333.9
411.247,95320.3
411.347,95323.4
411.447,95313.3
411.547,95330.3
411.647,95313.2
411.747,95311
411.847,95304
411.947,95307.1
412.047,95290.5
412.147,95287.4
412.247,95296.4
412.347,95293.9
412.447,95297.5
412.547,95286
412.647,95274.3
412.747,95267.7
412.847,95274.5
412.947,95261.4
413.047,95270.4
413.147,95268.9
413.247,95259.7
413.347,95259.1
413.447,95259.4
413.547,95240.9
413.647,95233.8
413.747,95246.7
413.847,95241.1
413.947,95234.3
414.047,95227.8
414.147,95225.4
414.247,95220.3
414.347,95219.3
414.447,95216.8
414.548,95201.4
414.647,95207.4
414.747,95205.4
414.847,95203.2
414.947,95185.1
415.047,95204.9
415.147,95190.6
415.248,95197
415.347,95185.8
415.447,95180.2
415.547,95181.2
415.648,95174.4
415.747,95177.9
415.847,95165.3
415.947,95160.5
416.047,95165.4
416.147,95164.4
416.248,95151.3
416.347,95143.5
416.447,95138.7
416.547,95139
416.647,95137.4
416.747,95136.2
416.847,95131.9
416.947,95127.3
417.047,95119.7
417.147,95106.7
417.247,95098.4
417.347,95101.7
417.447,95113.4
417.547,95107.5
417.647,95103.9
417.747,95094
417.847,95080.9
417.947,95087.3
418.047,95078.9
418.147,95084.6
418.247,95078.3
418.347,95079.2
418.447,95069.7
418.547,95078
418.647,95064
418.747,95055.5
418.847,95057.4
418.947,95053.7
419.047,95047.7
419.147,95047
419.247,95045
419.347,95032.6
419.447,95026.1
419.547,95043.3
419.647,95028.1
419.747,95023.8
419.847,95009.1
419.947,95011.2
420.047,95007.6
420.147,95004.1
420.247,95015.6
420.347,95004.9
420.447,94994.4
420.547,95004
420.647,94994
420.747,94997.3
420.847,94994.1
420.947,95001.7
421.047,94994.8
421.147,94979.6
421.247,94997
421.347,94992.7
421.447,94993
421.547,94989.6
421.647,94995.9
421.747,94984.3
421.847,94995.5
421.947,94992.3
422.047,94994.4
422.147,94995.6
422.247,94989.2
422.347,95004.3
422.447,94999.7
422.547,94995.1
422.647,94996
422.747,94997.3
422.847,94990.4
422.947,94992.3
423.047,94990.7
423.147,94996.9
423.247,94994.7
423.347,94996
423.447,94995.2
423.547,94992.9
423.647,94993
423.747,94990.7
423.847,94994.3
423.947,94996.7
424.047,95007.6
424.147,95004.7
424.247,94994.7
424.347,94997.9
424.447,95010
424.547,94989.7
424.647,94993.3
424.747,95005.6
424.847,94998.1
424.947,94992.9
425.047,94998.2
425.148,95004.6
425.247,94999.2
425.348,94993.7
425.447,95003.7
425.548,94998.7
425.647,95015.3
425.747,95007.5
425.847,95015.3
425.947,95019.4
426.047,95022.1
426.147,95027.8
426.247,95039
426.347,95052.6
426.447,95056.4
426.547,95064.8
426.647,95077.4
426.747,95085.8
426.847,95093.7
426.947,95111
427.047,95095.7
427.147,95113.7
427.247,95139.3
427.347,95149.2
427.447,95162.3
427.547,95184.1
427.647,95190.6
427.747,95208
427.847,95211.4
427.947,95221.9
428.047,95244.4
428.147,95243.3
428.247,95240.1
428.347,95243.7
428.447,95244
428.547,95236.2
428.647,95237.4
428.747,95219.1
428.847,95221.9
428.947,95215.7
429.047,95212.3
429.147,95204.7
429.247,95197.6
429.347,95202.3
429.447,95194.9
429.547,95182.1
429.647,95176.7
429.747,95177.5
429.847,95184.3
429.947,95177.9
430.047,95173.7
430.147,95175
430.248,95175.9
430.348,95162.7
430.447,95171.2
430.548,95173
430.647,95162.3
430.748,95159.1
430.847,95160.8
430.948,95152.4
431.047,95155
431.148,95154.4
431.247,95150.2
431.348,95148
431.447,95140.1
431.547,95139
431.647,95147.3
431.747,95134.6
431.847,95137.7
431.947,95132.3
432.047,95139.7
432.147,95133
432.247,95127.4
432.348,95126.1
432.447,95124
432.547,95134.3
432.647,95137.1
432.747,95118.6
432.847,95129.3
432.947,95127
433.047,95114.1
433.147,95115.3
433.247,95135
433.347,95129.4
433.447,95118.7
433.547,95129
433.647,95133.5
433.747,95129.9
433.847,95129.9
433.947,95143
434.047,95140.2
434.147,95133.9
434.247,95145.1
434.347,95138.1
434.447,95145.3
434.547,95148.6
434.647,95137
434.747,95151.6
434.847,95153.8
434.947,95168.3
435.047,95160.6
435.147,95160.6
435.247,95168
435.347,95164.1
435.447,95172.1
435.547,95163.8
435.648,95163.6
435.747,95171.1
435.847,95174.6
435.947,95173
436.047,95173.1
436.147,95176.6
436.247,95179.9
436.347,95178
436.447,95179.1
436.547,95172.7
436.647,95178.6
436.747,95188.3
436.847,95185.7
436.947,95187.4
437.047,95189.6
437.147,95183.5
437.247,95195
437.347,95185.9
437.447,95192.1
437.547,95197.2
437.647,95187.3
437.748,95199.4
437.848,95192.3
437.948,95201.5
438.048,95206.6
438.147,95200.1
438.247,95194.8
438.347,95192.8
438.448,95201.9
438.547,95203.9
438.647,95193.9
438.747,95191.7
438.847,95199.4
438.947,95191.1
439.048,95202.3
439.147,95194.7
439.247,95191
439.347,95197.1
439.447,95197.8
439.547,95200.7
439.648,95199
439.747,95200.1
439.847,95196.1
439.947,95203.7
440.048,95210.5
440.147,95210.1
440.247,95213.3
440.347,95215.7
440.448,95206.9
440.547,95207
440.647,95210.7
440.747,95214
440.848,95212.1
440.947,95205.9
441.047,95200.5
441.147,95209.3
441.248,95213.4
441.348,95214.3
441.447,95214.7
441.547,95209.1
441.647,95204.7
441.747,95213.3
441.848,95203.8
441.948,95203
442.048,95211.4
442.147,95202.3
442.247,95212.5
442.348,95214
442.448,95206
442.548,95209.1
442.647,95218.8
442.747,95202.6
442.848,95209.6
442.947,95209.4
443.048,95205
443.148,95210.6
443.248,95210.9
443.347,95213
443.448,95211.2
443.548,95213
443.647,95207.3
443.747,95223.3
443.847,95221
443.947,95215.6
444.047,95217.7
444.147,95230.6
444.247,95225.7
444.347,95228
444.447,95227.1
444.547,95239.4
444.647,95237.2
444.747,95248.9
444.847,95245.7
444.947,95238.7
445.047,95244.5
445.148,95257.2
445.248,95248.3
445.347,95256.8
445.448,95255.3
445.547,95258.9
445.648,95260.1
445.747,95258.3
445.848,95267.3
445.947,95271.3
446.048,95267
446.148,95271.8
446.248,95273
446.348,95275.1
446.448,95274.4
446.547,95283
446.648,95279.1
446.747,95285
446.847,95286.1
446.947,95280.8
447.047,95282
447.147,95287.4
447.247,95279.1
447.347,95288.8
447.447,95287.6
447.548,95284
447.648,95304.6
447.747,95285.2
447.847,95291.7
447.947,95293.7
448.047,95295
448.147,95302.8
448.248,95301.3
448.347,95300.6
448.447,95310.3
448.547,95306.7
448.647,95313.1
448.747,95307.1
448.847,95307.3
448.947,95321.7
449.047,95321.9
449.147,95313.3
449.247,95317.3
449.347,95325.2
449.447,95328.4
449.547,95331.9
449.647,95329.3
449.747,95323.5
449.847,95335.1
449.948,95337.1
450.047,95336
450.148,95350.3
450.248,95343.7
450.347,95348
450.447,95345.7
450.548,95356.4
450.647,95352
450.748,95359
450.848,95358.2
450.948,95355.7
451.048,95367.9
451.148,95365.9
451.247,95361.2
451.348,95365.3
451.447,95375.7
451.548,95368.3
451.647,95364
451.748,95367.1
451.847,95370
451.947,95369
452.047,95371.5
452.147,95390.9
452.247,95385.9
452.348,95377.3
452.447,95387.8
452.547,95386.7
452.647,95388.4
452.747,95385.7
452.847,95384.8
452.947,95391.1
453.047,95386.8
453.148,95391.9
453.248,95390.7
453.348,95386.6
453.447,95390.1
453.547,95401.7
453.647,95394.2
453.747,95390.7
453.847,95400.1
453.948,95402.9
454.047,95408.3
454.148,95409.6
454.247,95406.3
454.347,95410.7
454.447,95405.3
454.547,95404
454.647,95408.6
454.748,95413.4
454.847,95407.7
454.948,95414.1
455.047,95423.1
455.147,95416.3
455.247,95423.7
455.347,95426.5
455.447,95427
455.547,95434.8
455.647,95435.1
455.747,95431.1
455.847,95429.3
455.947,95438.2
456.047,95438.1
456.148,95438.4
456.248,95441.3
456.348,95439.3
456.448,95444.9
456.548,95445.3
456.647,95441.1
456.748,95455
456.847,95454.6
456.947,95454.1
457.048,95448.4
457.147,95448
457.247,95443.8
457.348,95455.7
457.447,95457.7
457.547,95465.5
457.647,95466.6
457.747,95467.9
457.847,95461.3
457.947,95475.7
458.047,95469.3
458.147,95473.7
458.247,95474.7
458.347,95474.3
458.447,95476.4
458.547,95482.4
458.647,95480.7
458.747,95491.5
458.847,95480.3
458.947,95496.3
459.047,95491.6
459.147,95493.5
459.247,95490.9
459.347,95498.7
459.447,95498.7
459.547,95512.2
459.647,95504
459.747,95507
459.847,95504.6
459.947,95510.2
460.047,95514.3
460.147,95516.6
460.247,95515.6
460.347,95529.4
460.447,95520.6
460.547,95526
460.647,95531.5
460.747,95535.6
460.847,95532.1
460.948,95538.3
461.047,95534
461.147,95539.9
461.247,95544
461.348,95548.7
461.447,95541.3
461.547,95544.3
461.647,95550.3
461.748,95556.4
461.847,95548.5
461.948,95547.6
462.047,95546.1
462.148,95552.6
462.247,95560.8
462.347,95548.6
462.447,95558.7
462.547,95555.7
462.647,95563.8
462.747,95555.4
462.847,95558.3
462.947,95564.1
463.047,95556
463.147,95571.6
463.247,95566.3
463.347,95562.7
463.447,95571.5
463.547,95574.9
463.647,95574.7
463.747,95572
463.847,95576.2
463.948,95572.1
464.047,95570.7
464.147,95572.8
464.247,95585.2
464.347,95568.3
464.447,95588.7
464.547,95582.1
464.647,95582.8
464.747,95575
464.847,95592
464.947,95602.7
465.047,95592.8
465.147,95590
465.247,95590.9
465.347,95589.7
465.447,95600.3
465.547,95592
465.647,95595.3
465.747,95600.2
465.848,95602
465.947,95604.9
466.048,95610.3
466.148,95611.5
466.248,95611.3
466.348,95610.3
466.448,95617.9
466.547,95615.7
466.647,95617.4
466.747,95625.6
466.847,95618.8
466.948,95632.2
467.047,95623.4
467.147,95629.4
467.247,95638.7
467.348,95636.3
467.447,95644.4
467.547,95639
467.647,95637.4
467.747,95648.5
467.847,95649.6
467.947,95640.9
468.047,95650.3
468.147,95658
468.247,95659.6
468.347,95659
468.447,95657.4
468.547,95654.3
468.647,95666.3
468.747,95659.3
468.847,95669.9
468.947,95668.8
469.047,95665.6
469.147,95661.7
469.247,95666.9
469.347,95672.8
469.447,95667.6
469.547,95677.7
469.647,95676.6
469.748,95674.2
469.847,95675.3
469.947,95678.7
470.047,95690.7
470.147,95689.4
470.247,95700
470.347,95693.3
470.447,95690.5
470.547,95693.8
470.647,95695.3
470.748,95700
470.847,95698.8
470.948,95702.1
471.048,95704.3
471.148,95693.1
471.248,95701
471.347,95705.7
471.448,95705.6
471.547,95705.6
471.647,95700.2
471.747,95710.9
471.847,95723.6
471.947,95732.4
472.047,95705.7
472.147,95721.7
472.248,95730.4
472.348,95721.3
472.447,95725.8
472.548,95726.7
472.647,95739.3
472.748,95734.4
472.847,95739.8
472.947,95734.9
473.047,95726.7
473.147,95737.9
473.247,95740.8
473.347,95745.6
473.447,95744.7
473.547,95746.9
473.647,95742
473.747,95745.3
473.847,95752.3
473.947,95757.9
474.047,95757.5
474.147,95755.4
474.247,95766.3
474.347,95761.7
474.447,95764.2
474.547,95774.7
474.648,95769.3
474.747,95776.7
474.848,95772.7
474.947,95768.7
475.047,95767
475.147,95768.7
475.248,95773.1
475.347,95774.6
475.447,95774.3
475.547,95773.5
475.647,95776.7
475.747,95763
475.848,95771.1
475.947,95769.5
476.048,95766.7
476.148,95777
476.247,95771.7
476.347,95776
476.447,95782.3
476.547,95779.6
476.647,95774.6
476.747,95776
476.847,95781
476.947,95780.9
477.047,95782
477.147,95780.7
477.247,95789.3
477.347,95779.3
477.447,95775.7
477.547,95782.5
477.647,95778.9
477.747,95785.4
477.847,95784.9
477.947,95789.3
478.047,95779.8
478.147,95796
478.247,95795.3
478.347,95781.3
478.447,95793.6
478.547,95790.7
478.647,95783.4
478.747,95784.2
478.847,95794.6
478.947,95777.9
479.047,95788.6
479.148,95794.3
479.247,95790.3
479.348,95789.9
479.447,95782.1
479.548,95785.8
479.648,95795.6
479.748,95794.1
479.848,95791.6
479.947,95787.2
480.047,95791.3
480.148,95794.6
480.248,95789.2
480.347,95782.1
480.447,95791.6
480.547,95795.7
480.647,95784.5
480.747,95790.9
480.847,95788.3
480.947,95790.9
481.047,95796.2
481.147,95800.4
481.247,95795.4
481.347,95792.6
481.447,95800
481.547,95811
481.647,95790.3
481.747,95797.3
481.847,95801.7
481.947,95812
482.047,95814.4
482.147,95811.4
482.247,95804.3
482.347,95802.1
482.447,95804.9
482.547,95802.4
482.647,95793
482.747,95803.6
482.847,95801.9
482.947,95796
483.047,95802.7
483.147,95807
483.247,95802
483.347,95798
483.447,95809
483.547,95800.6
483.647,95801.9
483.747,95809
483.847,95807
483.947,95804.1
484.047,95811.4
484.147,95804.3
484.247,95806.3
484.347,95808.1
484.447,95805.9
484.547,95820.4
484.647,95817.8
484.747,95826.6
484.847,95819.9
484.947,95821.7
485.047,95821.3
485.147,95822.7
485.247,95818
485.347,95817.3
485.447,95819.3
485.547,95826
485.647,95816.9
485.747,95826.7
485.847,95832.1
485.947,95821.4
486.047,95820
486.147,95810.7
486.247,95821.3
486.347,95822.1
486.447,95829.9
486.547,95825.5
486.647,95833.3
486.748,95821.6
486.847,95831.3
486.947,95821.8
487.047,95823.9
487.147,95821.6
487.247,95829.3
487.347,95827.2
487.447,95831
487.547,95827.6
487.647,95826
487.747,95825
487.847,95831.7
487.947,95821
488.047,95819.9
488.147,95832.7
488.247,95824.3
488.348,95820.3
488.447,95825.7
488.547,95823.7
488.647,95818
488.747,95835.4
488.847,95821.9
488.947,95817.3
489.047,95818.1
489.148,95818
489.247,95828
489.348,95828.8
489.448,95826.9
489.547,95825.1
489.648,95823
489.748,95826.3
489.847,95828.1
489.948,95827.8
490.047,95819
490.148,95826.9
490.247,95833
490.348,95825.7
490.448,95831.7
490.548,95826.6
490.648,95822.4
490.748,95831.7
490.847,95828.7
490.948,95826.1
491.048,95825.7
491.148,95828.9
491.247,95823.3
491.348,95829.6
491.448,95819
491.548,95829.7
491.647,95823.5
491.748,95830.4
491.847,95824.1
491.948,95834.4
492.047,95824
492.147,95833.1
492.247,95827.7
492.347,95820.7
492.448,95825.3
492.547,95833.1
492.647,95834.9
492.748,95826.3
492.847,95828.8
492.948,95815.7
493.047,95818.4
493.148,95825.3
493.247,95826.8
493.348,95820.1
493.448,95829.9
493.548,95823.1
493.647,95831.8
493.748,95827
493.847,95823
493.947,95821.1
494.048,95824.3
494.148,95832.3
494.247,95822.9
494.348,95827.6
494.447,95826.8
494.548,95830
494.647,95817.9
494.748,95824.4
494.847,95832.2
494.948,95827.2
495.047,95818.3
495.148,95810.3
495.248,95825.3
495.348,95835.7
495.448,95828.3
495.548,95824.7
495.648,95830
495.748,95825.4
495.848,95819.4
495.948,95826.2
496.048,95825.6
496.148,95820.1
496.248,95837.3
496.348,95825.5
496.447,95817.9
496.548,95822.3
496.647,95817.3
496.748,95833.3
496.847,95829.9
496.948,95824.6
497.047,95831.3
497.148,95828.5
497.247,95825.9
497.348,95828.7
497.447,95825.6
497.548,95821.5
497.647,95830.6
497.748,95824.3
497.847,95827
497.948,95832.3
498.047,95833.6
498.148,95822.9
498.247,95824.9
498.348,95828
498.447,95827.6
498.548,95818.4
498.647,95823.4
498.748,95835.8
498.847,95828.1
498.947,95833.7
499.047,95830.9
499.148,95826
499.248,95829.9
499.348,95824.6
499.447,95825.3
499.548,95827.7
499.647,95825.7
499.748,95824.5
499.848,95823.2
499.948,95827
500.048,95827
500.148,95821.1
500.247,95825
500.348,95822.3
500.448,95829
500.548,95829.6
500.648,95819.2
500.748,95817.3
500.848,95824.9
500.948,95830.4
501.048,95828.8
501.148,95824.7
501.248,95829.4
501.348,95824.4
501.447,95818.3
501.548,95824.4
501.647,95825.6
501.748,95828.9
501.847,95823.2
501.948,95816.7
502.047,95829.6
502.148,95813
502.247,95829.2
502.348,95820.6
502.447,95821.1
502.548,95824.4
502.647,95823.8
502.748,95826
502.848,95831.9
502.948,95825.4
503.047,95832
503.148,95826.9
503.247,95827.1
503.348,95829.6
503.448,95827.7
503.548,95825.9
503.647,95821.3
503.748,95831.9
503.847,95827
503.948,95819.9
504.048,95825.9
504.148,95830.1
504.247,95831.5
504.348,95825.3
504.448,95830.7
504.548,95825.9
504.647,95820.7
504.748,95824.2
504.848,95826.6
504.948,95826.2
505.047,95824.1
505.148,95816.1
505.247,95829.7
505.348,95827.3
505.448,95825.1
505.548,95825.1
505.648,95825
505.748,95824.8
505.848,95820.3
505.948,95825.6
506.048,95815.6
506.148,95819.5
506.248,95824.9
506.348,95822.7
506.448,95829
506.548,95823.7
506.648,95816.3
506.748,95818.3
506.848,95814.3
506.948,95821.2
507.047,95831.3
507.148,95826
507.247,95823.4
507.348,95836
507.447,95827.3
507.548,95826.9
507.647,95827.1
507.748,95831
507.847,95830.3
507.948,95822.1
508.047,95820.7
508.148,95815
508.247,95819.4
508.348,95823
508.448,95834.4
508.548,95829.8
508.647,95827
508.748,95833.1
508.847,95817.4
508.948,95824.5
509.048,95824
509.148,95827.1
509.247,95820.6
509.348,95834
509.447,95825.7
509.548,95822.9
509.647,95823.7
509.748,95832.7
509.848,95828.4
509.948,95832.4
510.047,95831.5
510.148,95825.4
510.248,95830
510.348,95828.6
510.448,95834.7
510.548,95822.9
510.648,95831.6
510.748,95828
510.847,95824.5
510.948,95819.3
511.048,95825.3
511.148,95823.1
511.248,95814
511.348,95819.6
511.447,95833.3
511.548,95827.3
511.647,95819.2
511.748,95816
511.848,95824.7
511.948,95827.6
512.048,95832.8
512.148,95828.3
512.247,95824.7
512.348,95822
512.447,95829.2
512.548,95833.6
512.647,95819
512.748,95818.9
512.848,95834.3
512.948,95826.9
513.047,95824.9
513.148,95824.4
513.247,95830.3
513.348,95827.6
513.447,95826.4
513.548,95828.4
513.647,95832.2
513.748,95834.1
513.847,95836.3
513.948,95824
514.048,95821.8
514.148,95828.3
514.247,95821.1
514.348,95818.9
514.447,95829.2
514.548,95821.4
514.647,95832.6
514.748,95824
514.848,95828.1
514.948,95814.9
515.048,95827.6
515.148,95822.5
515.248,95830
515.348,95826.6
515.448,95832.6
515.548,95822.5
515.648,95833.3
515.748,95826.4
515.848,95832.7
515.948,95827.3
516.048,95827.1
516.148,95828.9
516.248,95834.3
516.348,95827.7
516.447,95821.7
516.548,95822.6
516.648,95827.1
516.748,95826.7
516.847,95830.3
516.948,95818.9
517.047,95825.1
517.148,95816.8
517.247,95827.6
517.348,95833.4
517.447,95816.1
517.548,95822
517.647,95832.9
517.748,95829.6
517.847,95819.7
517.948,95825.7
518.047,95822.4
518.148,95834.7
518.247,95817
518.348,95827.7
518.447,95826.1
518.548,95818.4
518.647,95831.4
518.748,95820.8
518.847,95826.6
518.948,95829.3
519.047,95831.9
519.148,95826.8
519.247,95824.7
519.348,95830
519.447,95829.7
519.548,95826.8
519.648,95829.4
519.748,95821.3
519.847,95827.9
519.948,95833.6
520.048,95822.6
520.148,95827
520.247,95819.8
520.348,95821.7
520.448,95824.9
520.548,95825.1
520.647,95832.2
520.748,95820.6
520.848,95829.8
520.948,95822.1
521.048,95827.5
521.148,95829.4
521.248,95831.7
521.348,95824
521.447,95831.3
521.547,95823.8
521.647,95819.4
521.748,95831.1
521.847,95822.3
521.947,95829.4
522.047,95832.4
522.148,95823.7
522.247,95826.8
522.348,95826
522.447,95832.3
522.548,95826.6
522.647,95832.8
522.747,95828
522.847,95814.3
522.948,95823.6
523.047,95832.2
523.148,95827
523.247,95823.9
523.348,95822.6
523.447,95829.2
523.548,95836.9
523.647,95828.9
523.748,95831.6
523.847,95828.8
523.948,95822.6
524.047,95824.7
524.148,95833.3
524.247,95834.5
524.347,95818.3
524.447,95818.9
524.547,95831.7
524.647,95831.2
524.748,95823.8
524.848,95820.3
524.948,95826
525.048,95820.7
525.148,95820.4
525.247,95827
525.348,95822.5
525.448,95829.9
525.548,95830.7
525.648,95826.3
525.748,95824.2
525.847,95816.6
525.948,95820.6
526.047,95826.1
526.147,95809
526.247,95817.7
526.347,95816
526.447,95808
526.548,95810.3
526.647,95817.1
526.747,95802
526.847,95816.3
526.947,95822
527.047,95807
527.147,95812.4
527.247,95816.4
527.347,95817.7
527.447,95809
527.548,95813.1
527.647,95817.7
527.747,95809
527.847,95821.9
527.947,95816
528.047,95811
528.147,95811.3
528.247,95810.1
528.347,95809.3
528.447,95815.6
528.547,95812
528.647,95811.9
528.747,95808
528.847,95809
528.947,95808.7
529.047,95818.3
529.148,95824.1
529.247,95815.7
529.347,95813.3
529.447,95809.9
529.547,95821.1
529.647,95811.1
529.747,95811
529.847,95816
529.948,95812
530.047,95811.7
530.147,95822.4
530.247,95815.3
530.348,95813.6
530.447,95801.3
530.547,95805.1
530.647,95810
530.747,95816.4
530.847,95822.2
530.947,95822.4
531.047,95814.4
531.147,95825.9
531.247,95820.5
531.347,95817
531.447,95818
531.547,95813.9
531.647,95823.3
531.747,95810.4
531.847,95810.7
531.947,95814
532.047,95814.7
532.147,95813
532.247,95814.1
532.347,95817.9
532.447,95815.8
532.547,95806.6
532.647,95815.1
532.747,95825.3
532.847,95824.5
532.947,95820.4
533.047,95816
533.147,95817.4
533.247,95817
533.347,95822.6
533.447,95820.1
533.547,95817.1
533.647,95817.3
533.747,95807
533.847,95814.4
533.947,95831.6
534.047,95823.3
534.147,95819.1
534.247,95820.4
534.347,95821.7
534.447,95814.2
534.547,95815
534.647,95816.9
534.747,95819.6
534.847,95812.5
534.947,95819.9
535.047,95812.1
535.147,95821.2
535.247,95823.4
535.347,95820.7
535.447,95817.9
535.547,95815.8
535.647,95813.3
535.747,95813.4
535.847,95809.7
535.947,95809.5
536.048,95822
536.147,95815
536.247,95823.9
536.347,95805.7
536.447,95811.9
536.547,95818.6
536.647,95817.1
536.747,95810
536.847,95808
536.947,95812.7
537.047,95817.4
537.147,95816.2
537.247,95812.9
537.347,95821.4
537.447,95809.1
537.547,95819.2
537.647,95829.1
537.747,95817.3
537.847,95813.7
537.947,95819.5
538.047,95815.7
538.147,95814.1
538.247,95812
538.347,95818.3
538.448,95817.7
538.547,95818.4
538.647,95814.7
538.747,95815.2
538.847,95822
538.947,95812.4
539.047,95813.1
539.147,95820
539.248,95817.7
539.347,95807.7
539.448,95812.1
539.547,95816.5
539.647,95813.7
539.747,95824.7
539.847,95804.3
539.947,95819.3
540.047,95815.3
540.147,95825.1
540.247,95809.3
540.347,95821.1
540.447,95817.3
540.547,95818.1
540.647,95821
540.747,95809.4
540.847,95827.1
540.947,95815.1
541.047,95819.3
541.147,95821.3
541.247,95809.4
541.347,95812.4
541.447,95817.5
541.547,95823.7
541.647,95813.1
541.747,95827.6
541.847,95816.3
541.947,95824.1
542.047,95821.9
542.147,95819.9
542.247,95815
542.347,95827.4
542.447,95825
542.547,95824.9
542.647,95818.5
542.747,95823.9
542.847,95818.9
542.948,95814.3
543.047,95822.2
543.148,95825.9
543.247,95825
543.347,95821.7
543.447,95814.5
543.547,95832
543.647,95820
543.747,95824.4
543.847,95827
543.947,95816.7
544.047,95818
544.147,95823.4
544.247,95822
544.347,95818.3
544.447,95821.6
544.547,95824.1
544.647,95832.3
544.747,95825.4
544.847,95827.1
544.947,95815.9
545.047,95830.3
545.147,95830.5
545.247,95827.9
545.347,95823.7
545.447,95836.7
545.547,95833.7
545.647,95838.6
545.747,95824.2
545.847,95828.1
545.948,95824.6
546.047,95819.3
546.147,95832.3
546.247,95830.7
546.347,95832
546.447,95833
546.547,95837.5
546.647,95832.9
546.747,95827
546.847,95833.4
546.948,95839.7
547.048,95830.7
547.147,95836.4
547.247,95791.1
547.347,95826.3
547.447,95829.3
547.547,95828.4
547.647,95832.1
547.747,95837.3
547.847,95829.3
547.947,95829.6
548.047,95823.3
548.147,95826.2
548.247,95835.9
548.347,95828.7
548.447,95829.9
548.548,95823.5
548.647,95832.9
548.747,95830.7
548.847,95827.7
548.948,95829.7
549.047,95835.9
549.148,95834.7
549.248,95826
549.347,95839.8
549.447,95820.6
549.547,95820.4
549.647,95832.6
549.748,95823.2
549.848,95832.4
549.948,95837.3
550.047,95834.5
550.148,95832.1
550.248,95829
550.348,95835.7
550.448,95829.8
550.547,95822
550.647,95823.3
550.747,95818.4
550.847,95823.2
550.947,95825.3
551.047,95822.7
551.147,95835.6
551.247,95833.2
551.347,95822.3
551.447,95824.7
551.547,95820.6
551.647,95825.8
551.747,95837.1
551.847,95830.1
551.947,95827.6
552.047,95830.5
552.147,95826.3
552.247,95836.9
552.347,95828.3
552.447,95834.3
552.547,95830.4
552.647,95834
552.747,95834.3
552.847,95834
552.947,95824.3
553.047,95832.7
553.147,95835.7
553.247,95833.2
553.348,95828.7
553.447,95825.4
553.548,95826.9
553.647,95830
553.747,95829.7
553.847,95831
553.948,95837.3
554.047,95828.2
554.147,95825.9
554.248,95822.6
554.347,95839.7
554.447,95824.8
554.547,95822.9
554.647,95838.6
554.747,95826.6
554.847,95837.2
554.948,95832.6
555.048,95822.1
555.147,95833.5
555.248,95830.7
555.348,95835.7
555.448,95828
555.548,95825.3
555.648,95823.6
