#time, Spd[]
0.100097,0
0.200097,0
0.300097,0
0.400097,0
0.500097,0
0.600097,0
0.700097,0
0.800097,0
0.900097,0
1.0001,0
1.1001,0
1.2001,0
1.3001,0
1.4001,0
1.5001,0
1.6001,0
1.7001,0
1.8001,0
1.9001,0
2.0001,0
2.1001,0
2.2001,0
2.3001,0
2.4001,0
2.5001,0
2.6001,0
2.7001,0
2.8001,0
2.9001,0
3.0001,0
3.1001,0
3.2001,0
3.3001,0
3.4001,0
3.5001,0
3.6001,0
3.7001,0
3.8001,0
3.9001,0
4.0001,0
4.1001,0
4.2001,0
4.3001,0
4.4001,0
4.5001,0
4.6001,0
4.7001,0
4.8001,0
4.9001,0
5.0001,0
5.1001,0
5.2001,0
5.3001,0
5.4001,0
5.5001,0
5.6001,0
5.7001,0
5.8001,0
5.9001,0
6.0001,0
6.1001,0
6.2001,0
6.3001,0
6.4001,0
6.5001,0
6.6001,0
6.7001,0
6.8001,0
6.9001,0
7.0001,0
7.1001,0
7.2001,0
7.3001,0
7.4001,0
7.5001,0
7.6001,0
7.7001,0
7.8001,0
7.9001,0
8.0001,0
8.1001,0
8.2001,0
8.3001,0
8.4001,0
8.5001,0
8.6001,0
8.7001,0
8.8001,0
8.9001,0
9.0001,0
9.1001,0
9.2001,0
9.3001,0
9.4001,0
9.5001,0
9.6001,0
9.7001,0
9.8001,0
9.9001,0
10.0001,0
10.1001,0
10.2001,0
10.3001,0
10.4001,0
10.5001,0
10.6001,0
10.7001,0
10.8001,0
10.9001,0
11.0001,0
11.1001,0
11.2001,0
11.3001,0
11.4001,0
11.5001,0
11.6001,0
11.7001,0
11.8001,0
11.9001,0
12.0001,0
12.1001,0
12.2001,0
12.3001,0
12.4001,0
12.5001,0
12.6001,0
12.7001,0
12.8001,0
12.9001,0
13.0001,0
13.1001,0
13.2001,0
13.3001,0
13.4001,0
13.5001,0
13.6001,0
13.7001,0
13.8001,0
13.9001,0
14.0001,0
14.1001,0
14.2001,0
14.3001,0
14.4001,0
14.5001,0
14.6001,0
14.7001,0
14.8001,0
14.9001,0
15.0001,0
15.1001,0
15.2001,0
15.3001,0
15.4001,0
15.5001,0
15.6001,0
15.7001,0
15.8001,0
15.9001,0
16.0001,0
16.1001,0
16.2001,0
16.3001,0
16.4001,0
16.5001,0
16.6001,0
16.7001,0
16.8001,0
16.9001,0
17.0001,0
17.1001,0
17.2001,0
17.3001,0
17.4001,0
17.5001,0
17.6001,0
17.7001,0
17.8001,0
17.9001,0
18.0001,0
18.1001,0
18.2001,0
18.3001,0
18.4001,0
18.5001,0
18.6001,0
18.7001,0
18.8001,0
18.9001,0
19.0001,0
19.1001,0
19.2001,0
19.3001,0
19.4001,0
19.5001,0
19.6001,0
19.7001,0
19.8001,0
19.9001,0
20.0001,0
20.1001,0
20.2001,0
20.3001,0
20.4001,0
20.5001,0
20.6001,0
20.7001,0
20.8001,0
20.9001,0
21.0001,0
21.1001,0
21.2001,0
21.3001,0
21.4001,0
21.5001,0
21.6001,0
21.7001,0
21.8001,0
21.9001,0
22.0001,0
22.1001,0
22.2001,0
22.3001,0
22.4001,0
22.5001,0
22.6001,0
22.7001,0
22.8001,0
22.9001,0
23.0001,0
23.1001,0
23.2001,0
23.3001,0
23.4001,0
23.5001,0
23.6001,0
23.7001,0
23.8001,0
23.9001,0
24.0001,0
24.1001,0
24.2001,0
24.3001,0
24.4001,0
24.5001,0
24.6001,0
24.7001,0
24.8001,0
24.9001,0
25.0001,0
25.1001,0
25.2001,0
25.3001,0
25.4001,0
25.5001,0
25.6001,0
25.7001,0
25.8001,0
25.9001,0
26.0001,0
26.1001,0
26.2001,0
26.3001,0
26.4001,0
26.5001,0
26.6001,0
26.7001,0
26.8001,0
26.9001,0
27.0001,0
27.1001,0
27.2001,0
27.3001,0
27.4001,0
27.5001,0
27.6001,0
27.7001,0
27.8001,0
27.9001,0
28.0001,0
28.1001,0
28.2001,0
28.3001,0
28.4001,0
28.5001,0
28.6001,0
28.7001,0
28.8001,0
28.9001,0
29.0001,0
29.1001,0
29.2001,0
29.3001,0
29.4001,0
29.5001,0
29.6001,0
29.7001,0
29.8001,0
29.9001,0
30.0001,0
30.1001,0
30.2001,0
30.3001,0
30.4001,0
30.5001,0
30.6001,0
30.7001,0
30.8001,0
30.9001,0
31.0001,0
31.1001,0
31.2001,0
31.3001,0
31.4001,0
31.5001,0
31.6001,0
31.7001,0
31.8001,0
31.9001,0
32.0001,0
32.1001,0
32.2001,0
32.3001,0
32.4001,0
32.5001,0
32.6001,0
32.7001,0
32.8001,0
32.9001,0
33.0001,0
33.1001,0
33.2001,0
33.3001,0
33.4001,0
33.5001,0
33.6001,0
33.7001,0
33.8001,0
33.9001,0
34.0001,0
34.1001,0
34.2001,0
34.3001,0
34.4001,0
34.5001,0
34.6001,0
34.7001,0
34.8001,0
34.9001,0
35.0001,0
35.1001,0
35.2001,0
35.3001,0
35.4001,0
35.5001,0
35.6001,0
35.7001,0
35.8001,0
35.9001,0
36.0001,0
36.1001,0
36.2001,0
36.3001,0
36.4001,0
36.5001,0
36.6001,0
36.7001,0
36.8001,0
36.9001,0
37.0001,0
37.1001,0
37.2001,0
37.3001,0
37.4001,0
37.5001,0
37.6001,0
37.7001,0
37.8001,0
37.9001,0
38.0001,0
38.1001,0
38.2001,0
38.3001,0
38.4001,0
38.5001,0
38.6001,0
38.7001,0
38.8001,0
38.9001,0
39.0001,0
39.1001,0
39.2001,0
39.3001,0
39.4001,0
39.5001,0
39.6001,0
39.7001,0
39.8001,0
39.9001,0
40.0001,0
40.1001,0
40.2001,0
40.3001,0
40.4001,0
40.5001,0
40.6001,0
40.7001,0
40.8001,0
40.9001,0
41.0001,0
41.1001,0
41.2001,0
41.3001,0
41.4001,0
41.5001,0
41.6001,0
41.7001,0
41.8001,0
41.9001,0
42.0001,0
42.1001,0
42.2001,0
42.3001,0
42.4001,0
42.5001,0
42.6001,0
42.7001,0
42.8001,0
42.9001,0
43.0001,0
43.1001,0
43.2001,0
43.3001,0
43.4001,0
43.5001,0
43.6001,0
43.7001,0.133417
43.8001,0.196977
43.9001,0.12083
44.0001,0.199249
44.1001,0.172046
44.2001,0.114018
44.3001,0.142127
44.4001,0.0640312
44.5001,0.0509902
44.6001,0.181108
44.7001,0.0360555
44.8001,0.0806226
44.9001,0.114018
45.0001,0.364005
45.1001,0.218403
45.2001,0.0360555
45.3001,0.164924
45.4001,0.155242
45.5001,0.266833
45.6001,0.226716
45.7001,0.170294
45.8001,0.0921954
45.9001,0.05
46.0001,0.10198
46.1001,0.19799
46.2001,0.19105
46.3001,0.0538516
46.4001,0.0984886
46.5001,0.148661
46.6001,0.03
46.7001,0.0509902
46.8001,0.17088
46.9001,0.17
47.0001,0.110454
47.1001,0.17088
47.2001,0.162788
47.3001,0.0141421
47.4001,0.150333
47.5001,0.240208
47.6001,0.134536
47.7001,0.21
47.8001,0.171172
47.9001,0.0360555
48.0001,0.0412311
48.1001,0.306757
48.2001,0.220227
48.3001,0.3228
48.4001,0.0860232
48.5001,0.150333
48.6001,0.0608276
48.7001,0.165529
48.8001,0.0538516
48.9001,0.275862
49.0001,0.09
49.1001,0.0538516
49.2001,0.0943398
49.3001,0.2
49.4001,0.388973
49.5001,0.180278
49.6001,0.269258
49.7001,0.133417
49.8001,0.0447214
49.9001,0.143178
50.0001,0.211896
50.1001,0.328938
50.2001,0.238537
50.3001,1.39918
50.4001,0.46
50.5001,0.131529
50.6001,0.24
50.7001,0.311448
50.8001,0.18868
50.9001,0.24331
51.0001,0.072111
51.1001,0.304631
51.2001,0.0806226
51.3001,0.128062
51.4001,0.21587
51.5001,0.250599
51.6001,0.158114
51.7001,0.02
51.8001,0.15
51.9001,0.156525
52.0001,0.42107
52.1001,0.242074
52.2001,0.0948683
52.3001,0.0989949
52.4001,0.21587
52.5001,0.367151
52.6001,0.261725
52.7001,0.130384
52.8001,0.0316228
52.9001,0.171172
53.0001,0.338378
53.1001,0.172046
53.2001,0.250799
53.3001,0.250799
53.4001,0.123693
53.5001,0.114018
53.6001,0.158114
53.7001,0.143178
53.8001,0.110454
53.9001,0.275862
54.0001,0.442719
54.1001,0.222036
54.2001,0.108167
54.3001,0.284605
54.4001,0.226274
54.5001,0.120416
54.6001,0.1772
54.7001,0.230868
54.8001,0.302655
54.9001,0.180278
55.0001,0.164012
55.1001,0.176918
55.2001,0.140357
55.3001,0.0447214
55.4001,0.184391
55.5001,0.156525
55.6001,0.122066
55.7001,0.28178
55.8001,0.205913
55.9001,0.220227
56.0001,0.233452
56.1001,0.346554
56.2001,0.254558
56.3001,0.221359
56.4001,0.21587
56.5001,0.301496
56.6001,0.200998
56.7001,0.148661
56.8001,0.111803
56.9001,0.0984886
57.0001,0.212603
57.1001,0.140357
57.2001,0.25
57.3001,0.145602
57.4001,0.134164
57.5001,0.0632455
57.6001,0.183848
57.7001,0.148661
57.8001,0.151327
57.9001,0.25318
58.0001,0.141421
58.1001,0.0707107
58.2001,0.141421
58.3001,0.193132
58.4001,0.116619
58.5001,0.162788
58.6001,0.0728011
58.7001,0.104403
58.8001,0.218403
58.9001,0.0984886
59.0001,0.37
59.1001,0.158114
59.2001,0.138924
59.3001,0.373631
59.4001,0.0509902
59.5001,0.165529
59.6001,0.114018
59.7001,0.121655
59.8001,0.220227
59.9001,0.134164
60.0001,0.141421
60.1001,0.206155
60.2001,0.0223607
60.3001,0.0707107
60.4001,0.107703
60.5001,0.136015
60.6001,0.158114
60.7001,0.230868
60.8001,0.241868
60.9001,0.1
61.0001,0.1
61.1001,0.176918
61.2001,0.0583095
61.3001,0.305287
61.4001,0.224722
61.5001,0.0282843
61.6001,0.108167
61.7001,0.0707107
61.8001,0.0412311
61.9001,0.0860232
62.0001,0.104403
62.1001,0.111803
62.2001,0.067082
62.3001,0.17
62.4001,0.10198
62.5001,0.0984886
62.6001,0.0707107
62.7001,0.160312
62.8001,0.158114
62.9001,0.0921954
63.0001,0.180278
63.1001,0.164012
63.2001,0.0948683
63.3001,0.0360555
63.4001,0.0894427
63.5001,0.0360555
63.6001,0.0538516
63.7001,0.0707107
63.8001,0.143178
63.9001,0.128062
64.0001,0.110454
64.1001,0.0824621
64.2001,0.114018
64.3001,0.0447214
64.4001,0.0538516
64.5001,0.0412311
64.6001,0.0412311
64.7001,0.0141421
64.8001,0.0806226
64.9001,0.0412311
65.0001,0.0447214
65.1001,0.237697
65.2001,0.0360555
65.3001,0.05
65.4001,0.0447214
65.5001,0.0360555
65.6001,0.1
65.7001,0.0905538
65.8001,0.08544
65.9001,0.0860232
66.0001,0.0316228
66.1001,0.0984886
66.2001,0.0141421
66.3001,0
66.4001,0.0316228
66.5001,0.15
66.6001,0.134536
66.7001,0.072111
66.8001,0.172627
66.9001,0.0894427
67.0001,0.0948683
67.1001,0.0223607
67.2001,0.05
67.3001,0.0583095
67.4001,0.10198
67.5001,0.0921954
67.6001,0.05
67.7001,0.122066
67.8001,0.0583095
67.9001,0.190263
68.0001,0.0728011
68.1001,0.202485
68.2001,0.0948683
68.3001,0.0707107
68.4001,0.156525
68.5001,0.0781025
68.6001,0.0943398
68.7001,0.0424264
68.8001,0.111803
68.9001,0.0360555
69.0001,0.02
69.1001,0.072111
69.2001,0.1253
69.3001,0.17088
69.4001,0.143178
69.5001,0.1
69.6001,0.1772
69.7001,0.148661
69.8001,0.111803
69.9001,0.0894427
70.0001,0.0538516
70.1001,0.0894427
70.2001,0.067082
70.3001,0.0583095
70.4001,0.05
70.5001,0.104403
70.6001,0.0921954
70.7001,0.0943398
70.8001,0.150333
70.9001,0.104403
71.0001,0.183848
71.1001,0.130384
71.2001,0.0848528
71.3001,0.0921954
71.4001,0.128062
71.5001,0.06
71.6001,0.05
71.7001,0.126491
71.8001,0.0781025
71.9001,0.0538516
72.0001,0.0565685
72.1001,0.0223607
72.2001,0.0316228
72.3001,0.0806226
72.4001,0.0806226
72.5001,0.0360555
72.6001,0.0223607
72.7001,0.067082
72.8001,0.072111
72.9001,0.180278
73.0001,0.19105
73.1001,0.0360555
73.2001,0.0447214
73.3001,0.0728011
73.4001,0.117047
73.5001,0.1
73.6001,0.0848528
73.7001,0.143178
73.8001,0.240208
73.9001,0.0223607
74.0001,0.0761577
74.1001,0.0412311
74.2001,0.130384
74.3001,0.0943398
74.4001,0.117047
74.5001,0.0360555
74.6001,0.130384
74.7001,0.09
74.8001,0.259422
74.9001,0.01
75.0001,0.0223607
75.1001,0.0707107
75.2001,0.117047
75.3001,0.139284
75.4001,0.139284
75.5001,0.0707107
75.6001,0.08544
75.7001,0.117047
75.8001,0.14
75.9001,0.107703
76.0001,0.0948683
76.1001,0.0509902
76.2001,0.145602
76.3001,0.0316228
76.4001,0.219317
76.5001,0.100499
76.6001,0.0728011
76.7001,0.0538516
76.8001,0.0424264
76.9001,0.0707107
77.0001,0.152315
77.1001,0.219545
77.2001,0.113137
77.3001,0.0360555
77.4001,0.0282843
77.5001,0.0424264
77.6001,0.0223607
77.7001,0.0360555
77.8001,0.0781025
77.9001,0.108167
78.0001,0.14
78.1001,0.0905538
78.2001,0.0141421
78.3001,0.0583095
78.4001,0.1
78.5001,0.0509902
78.6001,0.0707107
78.7001,0.0943398
78.8001,0.0640312
78.9001,0.116619
79.0001,0.0632455
79.1001,0.067082
79.2001,0.03
79.3001,0.161245
79.4001,0.0806226
79.5001,0.0848528
79.6001,0.100499
79.7001,0.05
79.8001,0.152315
79.9001,0.0761577
80.0001,0.08544
80.1001,0.0707107
80.2001,0.0640312
80.3001,0.067082
80.4001,0.07
80.5001,0.0860232
80.6001,0.166433
80.7001,0.0728011
80.8001,0.0538516
80.9001,0.07
81.0001,0.067082
81.1001,0.234094
81.2001,0.0538516
81.3001,0.0632455
81.4001,0.170294
81.5001,0.106301
81.6001,0.100499
81.7001,0.116619
81.8001,0.0948683
181.947,0.113137
182.147,0.0223607
182.347,0.0632455
182.547,0.0538516
182.747,0.0316228
182.947,0.0316228
183.147,0.0538516
183.347,0.05
183.547,0.0781025
183.747,0.0989949
183.946,0.04
184.147,0.0824621
184.347,0.150333
184.547,0.0360555
184.747,0.106301
184.947,0.161245
185.147,0.0282843
185.347,0.0921954
185.547,0.072111
185.747,0.0707107
185.947,0.072111
186.147,0.02
186.347,0.0632455
186.547,0.0608276
186.747,0.0141421
186.947,0.0608276
187.147,0.17
187.346,0.0905538
187.547,0.161245
187.746,0.108167
187.947,0.05
188.147,0.0848528
188.347,0.156205
188.547,0.0583095
188.747,0.0806226
188.947,0.0632455
189.147,0.0223607
189.347,0.0141421
189.547,0.11
189.747,0.05
189.947,0.108167
190.147,0.0905538
190.347,0.04
190.547,0.0848528
190.747,0.0860232
190.947,0.286356
191.147,0.0424264
191.346,0.0948683
191.546,0.13
191.746,0.05
191.946,0.11
192.147,0.0921954
192.347,0.1772
192.546,0.1253
192.747,0.0608276
192.947,0.0412311
193.147,0.06
193.347,0.152643
193.547,0.0761577
193.747,0.0806226
193.947,0.172046
194.147,0.0282843
194.347,0.0728011
194.547,0.0360555
194.747,0.05
194.947,0.0538516
195.147,0.0632455
195.347,0.0948683
195.547,0.111803
195.747,0.0894427
195.947,0.1
196.147,0.0707107
196.347,0.186815
196.547,0.144222
196.747,0.08544
196.946,0.04
197.147,0.102956
197.347,0.12
197.547,0.187883
197.747,0.072111
197.947,0.180278
198.147,0.161555
198.347,0.0905538
198.547,0.0806226
198.747,0.0761577
198.947,0.224722
199.147,0.0316228
199.347,0.164924
199.547,0.072111
199.747,0.222036
199.947,0.474236
200.147,0.515461
200.347,0.291548
200.547,0.13
200.747,0.108167
200.947,0.0824621
201.147,0.0728011
201.347,0.0424264
201.547,0.139284
201.747,0.134164
201.947,0.08
202.147,0.11
202.347,0.0707107
202.547,0.127279
202.747,0.0984886
202.947,0.0223607
203.147,0.114018
203.347,0.152315
203.547,0.0707107
203.747,0.111803
203.947,0.107703
204.147,0.0412311
204.347,0.0707107
204.547,0.0806226
204.747,0.17088
204.947,0.138924
205.147,0.08544
205.347,0.05
205.547,0.0761577
205.747,0.0632455
205.947,0.05
206.147,0.183576
206.347,0.0728011
206.547,0.0707107
206.747,0.194165
206.947,0.0806226
207.147,0.08
207.346,0.0948683
207.547,0.133417
207.747,0.187883
207.947,0.134164
208.147,0.03
208.347,0.0761577
208.547,0.0509902
208.747,0.102956
208.947,0.172627
209.147,0.0360555
209.347,0.0761577
209.547,0.0141421
209.747,0.0223607
209.947,0.189737
210.147,0.156525
210.347,0.117047
210.547,0.134164
210.747,0.0223607
210.947,0.202237
211.147,0.186011
211.347,0.234307
211.547,0.0282843
211.747,0.0806226
211.947,0.0447214
212.147,0.0989949
212.347,0.160312
212.547,0.102956
212.747,0.0565685
212.947,0.162788
213.147,0.120416
213.347,0.0447214
213.547,0.117047
213.747,0.0824621
213.947,0.0538516
214.147,0.136015
214.347,0.240208
214.547,0.0806226
214.747,0.0894427
214.947,0.128062
215.147,0.06
215.347,0.25318
215.547,0.0806226
215.747,0.434166
215.947,0.430116
216.147,0.481041
216.347,0.152643
216.547,0.364005
216.747,0.202485
216.947,0.455412
217.147,0.134164
217.347,0.25807
217.547,0.186011
217.747,0.400125
217.947,0.0608276
218.147,0.167631
218.347,0.262488
218.547,0.07
218.747,0.42
218.947,0.260768
219.147,0.120416
219.347,0.174642
219.547,0.198494
219.747,0.114018
219.947,0.107703
220.147,0.266833
220.347,0.0707107
220.547,0.0984886
220.747,0.150333
220.947,0.184391
221.147,0.368782
221.347,0.32311
221.547,0.490408
221.747,0.252982
221.947,0.502892
222.147,0.356931
222.347,0.314006
222.547,0.518652
222.747,0.339706
222.947,0.205913
223.147,0.0447214
223.347,0.0223607
223.547,0.254951
223.747,0.170294
223.947,0.186815
224.147,0.283196
224.347,0.111803
224.547,0.223607
224.747,0.386005
224.947,0.269258
225.147,0.275862
225.347,0.210238
225.547,0.162788
225.747,0.133417
225.947,0.152971
226.147,0.0894427
226.347,0.295296
226.547,0.366742
226.747,0.136015
226.947,0.31305
227.147,0.218403
227.347,0.151327
227.547,0.170294
227.747,0.214009
227.947,0.230217
228.147,0.68884
228.347,0.939628
228.547,0.822253
228.747,0.604649
228.947,0.205183
229.147,0.0538516
229.347,0.290689
229.547,0.332866
229.747,0.0583095
229.947,0.171172
230.147,0.31
230.347,0.297321
230.547,0.160312
230.747,0.243516
230.947,0.200998
231.147,0.0424264
231.347,0.156525
231.547,0.100499
231.747,0.06
231.947,0.110454
232.147,0.0781025
232.347,0.113137
232.547,0.134164
232.747,0.0943398
232.947,0.19105
233.147,0.0761577
233.347,0.09
233.547,0.180278
233.747,0.178885
233.947,0.241868
234.147,0.18
234.347,0.21
234.547,0.0509902
234.747,0.0984886
234.947,0.202237
235.147,0.232594
235.347,0.600167
235.547,0.65146
235.747,0.871436
235.947,0.182483
236.147,0.183576
236.347,0.174929
236.547,0.392938
236.747,0.291204
236.947,0.247386
237.147,0.0984886
237.347,0.0583095
237.547,0.0860232
237.747,0.22561
237.947,0.19799
238.147,0.210238
238.347,0.134536
238.547,0.210238
238.747,0.300832
238.947,0.230217
239.147,0.450111
239.347,0.610737
239.547,0.57
239.747,0.47676
239.947,0.122066
240.147,0.422966
240.347,0.228473
240.547,0.480521
240.747,0.749533
240.947,0.559017
241.147,0.560357
241.347,0.386394
241.547,0.6
241.747,0.451774
241.947,0.383275
242.147,0.04
242.347,0.0860232
242.547,0.117047
242.747,0.192354
242.947,0.0608276
243.147,0.145602
243.347,0.3228
243.547,0.562228
243.747,0.622013
243.947,0.427551
244.147,0.0943398
244.347,0.0632455
244.547,0.590762
244.747,0.428019
244.947,0.672681
245.147,0.406079
245.347,0.114018
245.547,0.241868
245.747,0.226716
245.947,0.15
246.147,0.367967
246.347,0.640312
246.547,0.396989
246.747,0.715122
246.947,1.04202
247.147,0.559464
247.347,0.72111
247.547,0.13
247.747,0.675352
247.947,0.0223607
248.147,0.621289
248.347,0.184391
248.547,0.832346
248.747,0.398246
248.947,0.374433
249.147,0.716101
249.347,0.266271
249.547,0.876584
249.747,0.976934
249.947,0.515461
250.147,0.128062
250.347,0.3245
250.547,0.304795
250.747,0.162788
250.947,0.867698
251.147,0.317805
251.347,0.0860232
251.547,0.504876
251.747,0.353553
251.947,0.484149
252.147,0.438292
252.347,0.212132
252.547,0.436807
252.747,0.563205
252.947,0.686222
253.147,1.21491
253.347,0.988989
253.547,1.23037
253.747,1.47597
253.947,1.2184
254.147,0.89
254.347,0.61
254.547,0.550818
254.747,0.393573
254.947,0.52469
255.147,0.438292
255.347,0.0921954
255.547,0.246982
255.747,0.272029
255.947,0.400125
256.147,0.555428
256.347,0.23
256.547,0.64405
256.747,0.276586
256.947,0.417612
257.147,0.62
257.347,1.17154
257.547,0.782943
257.747,0.9
257.947,0.485077
258.147,0.404475
258.347,0.121655
258.547,0.403113
258.747,0.773692
258.947,1.24595
259.147,2.15928
259.347,2.9052
259.547,2.4973
259.747,2.50252
259.947,2.89969
260.147,3.66565
260.347,3.77362
260.547,4.35707
260.747,4.19228
260.947,4.59619
261.147,8.24662
261.347,3.67724
261.546,1.86936
261.746,1.57407
261.947,2.03887
262.146,1.79075
262.347,1.86424
262.547,2.05351
262.747,1.9425
262.947,1.52329
263.147,1.74201
263.347,1.70417
263.546,1.25447
263.747,3.49704
263.947,4.908
264.147,4.16659
264.347,3.13313
264.547,3.2681
264.747,3.20465
264.947,2.97437
265.147,2.97946
265.347,2.64887
265.547,2.68153
265.747,2.10466
265.947,1.98116
266.147,1.95167
266.347,2.13467
266.547,1.40246
266.747,1.38033
266.947,1.06066
267.147,1.46014
267.347,1.24615
267.547,1.01242
267.747,0.915478
267.947,0.996895
268.147,0.921141
268.347,1.0678
268.547,1.04139
268.747,1.264
268.947,1.52611
269.147,1.37768
269.347,1.00802
269.547,0.300832
269.747,0.353553
269.947,0.533104
270.147,2.83805
270.347,2.47655
270.547,2.3132
270.747,1.95747
270.947,1.04077
271.147,1.26657
271.347,1.72192
271.547,1.24487
271.747,1.0633
271.947,1.14791
272.147,1.54738
272.347,1.51212
272.547,1.34837
272.746,1.95023
272.947,2.11981
273.147,1.11615
273.347,1.65421
273.547,1.16379
273.747,1.11973
273.947,1.13146
274.147,0.986154
274.347,0.532353
274.547,0.940213
274.747,0.990454
274.947,0.91022
275.147,0.859069
275.347,0.420476
275.547,0.532353
275.747,0.260768
275.947,1.28413
276.147,0.65146
276.347,0.208806
276.547,0.32249
276.747,0.368782
276.947,0.396232
277.147,0.12083
277.347,0.362491
277.547,0.0282843
277.747,0.155563
277.947,0.102956
278.167,0.319531
278.367,0.0412311
278.567,0.0728011
278.767,0.134164
278.947,0.14
279.167,0.100499
279.347,0.0223607
279.547,0.276586
279.747,0.148661
279.947,0.326497
280.147,0.35
280.347,0.196977
280.547,0.0316228
280.747,0.072111
280.947,0.0608276
281.147,0.243516
281.367,0.0360555
281.547,0.318277
281.747,0.122066
281.947,0.07
282.147,0.03
282.347,0.390512
282.547,0.493964
282.747,0.366742
282.947,0.230868
283.147,0.190263
283.347,0.186815
283.547,0.0761577
283.767,0.269258
283.947,0.107703
284.167,0.241868
284.347,0.161555
284.567,0.0894427
284.747,0.164012
284.967,0.0781025
285.167,0.120416
285.367,0.0360555
285.567,0.1
285.747,0.08544
285.967,0.05
286.167,0.13
286.367,0.114018
286.567,0.108167
286.767,0.114018
286.967,0.113137
287.147,0.0640312
287.367,0.0360555
287.567,0.0984886
287.766,0.114018
287.967,0.04
288.167,0.0583095
288.367,0.03
288.547,0.0728011
288.767,0.138924
288.967,0.0412311
289.167,0.0860232
289.367,0.0640312
289.567,0.03
289.767,0.067082
289.947,0.13
290.167,0.155563
290.367,0.18
290.567,0.100499
290.767,0.320624
290.947,0.364966
291.167,0.16
291.347,0.260192
291.567,0.178045
291.767,0.111803
291.967,0.156525
292.167,0.0447214
292.367,0.156205
292.567,0.0894427
292.767,0.0360555
292.967,0.136015
293.167,0.0360555
293.367,0.02
293.567,0.0640312
293.767,0.108167
293.947,0.0141421
294.167,0.0412311
294.367,0.130384
294.567,0.05
294.767,0.0447214
294.967,0.14
295.167,0.10198
295.347,0.0360555
295.567,0.155563
295.767,0.15
295.967,0.1
296.167,0.174929
296.367,0.12083
296.567,0.0223607
296.747,0.152315
296.967,0.0632455
297.167,0.100499
297.367,0.03
297.567,0.0565685
297.767,0.0894427
297.967,0.05
298.147,0.0509902
298.367,0.0608276
298.567,0.0984886
298.767,0.10198
298.967,0.0640312
299.167,0.123693
299.367,0.04
299.547,0.08
299.767,0.0583095
299.967,0.1253
300.167,0.0943398
300.367,0.0447214
300.567,0.108167
300.767,0.130384
300.947,0.0728011
301.167,0.106301
301.367,0.0282843
301.567,0.100499
301.767,0.0806226
301.967,0.0412311
302.167,0.0282843
302.347,0.0824621
302.567,0.0781025
302.767,0.01
302.967,0.02
303.167,0.0141421
303.367,0.10198
303.567,0.0360555
303.767,0.10198
303.967,0.05
304.167,0.07
304.367,0.164012
304.567,0.0412311
304.767,0.0806226
304.967,0.0984886
305.167,0.0316228
305.367,0.0424264
305.567,0.0412311
305.767,0.1
305.967,0.0412311
306.167,0.1
306.367,0.139284
306.567,0.0412311
306.767,0.0943398
306.967,0.08544
307.167,0.0806226
307.367,0.233452
307.567,0.15
307.767,0.0360555
307.967,0.0781025
308.167,0.0509902
308.367,0.140357
308.567,0.152643
308.767,0.06
308.967,0.0583095
309.167,0.0632455
309.367,0.0412311
309.567,0.128062
309.767,0.228473
309.967,0.0282843
310.167,0.174642
310.367,0.0509902
310.567,0.140357
310.767,0.0316228
310.967,0.158114
311.167,0.114018
311.367,0.0316228
311.567,0.0905538
311.767,0.0921954
311.967,0.250799
312.167,0.343657
312.367,0.0848528
312.567,0.0781025
312.767,0.120416
312.967,0.315753
313.167,0.190263
313.367,0.147648
313.567,0.142127
313.767,0.0640312
313.967,0.120416
314.167,0.252389
314.367,0.255539
314.567,0.104403
314.767,0.1
314.967,0.111803
315.167,0.067082
315.367,0.0412311
315.567,0.04
315.767,0.1253
315.967,0.0761577
316.167,0.0141421
316.367,0.04
316.567,0.110454
316.767,0.0424264
316.967,0.0360555
317.167,0.0316228
317.367,0.0223607
317.567,0.0316228
317.767,0.0948683
317.967,0.0360555
318.167,0.01
318.367,0.0921954
318.567,0.0583095
318.767,0.0316228
318.967,0.0806226
319.167,0.0860232
319.367,0.0921954
319.567,0.0509902
319.767,0.0921954
319.967,0.0538516
320.167,0.0509902
320.367,0.0360555
320.567,0.0360555
320.767,0.0538516
320.967,0.0707107
321.167,0.131529
321.367,0.0141421
321.567,0.0538516
321.767,0.0509902
321.967,0.116619
322.167,0.0316228
322.367,0.102956
322.567,0.0509902
322.767,0.0824621
322.967,0.0761577
323.167,0.0894427
323.367,0.0412311
323.567,0.0282843
323.767,0.0282843
323.967,0.03
324.167,0.12083
324.367,0.150333
324.567,0.0860232
324.767,0.0447214
324.967,0.04
325.167,0.0640312
325.367,0.0583095
325.567,0.08
325.767,0.0316228
325.967,0.0781025
326.167,0.0781025
326.367,0.170294
326.567,0.0538516
326.767,0.100499
326.967,0.0360555
327.167,0.0509902
327.367,0.0223607
327.567,0.0565685
327.767,0.107703
327.967,0.155242
328.167,0.0781025
328.367,0.05
328.567,0.117047
328.767,0.0412311
328.967,0.0806226
329.167,0.0948683
329.367,0.06
329.567,0.04
329.767,0.0728011
329.967,0.0894427
330.167,0.0761577
330.367,0.067082
330.567,0.12083
330.767,0.102956
330.967,0.139284
331.167,0.067082
331.367,0.0360555
331.567,0.0360555
331.767,0.128062
331.967,0.0921954
332.167,0.0948683
332.367,0.01
332.567,0.0447214
332.767,0.122066
332.967,0.0632455
333.167,0.067082
333.367,0.06
333.567,0.0316228
333.767,0.186011
333.967,0.0412311
334.167,0.05
334.367,0.072111
334.567,0.0632455
334.767,0.0824621
334.967,0.0316228
335.167,0.07
335.367,0.134536
335.567,0.0509902
335.767,0.120416
335.967,0.100499
336.167,0.1253
336.367,0.0424264
336.567,0.0806226
336.767,0.0894427
336.967,0.110454
337.167,0.152643
337.367,0.140357
337.567,0.114018
337.767,0.0728011
337.967,0.106301
338.167,0.0824621
338.367,0.206155
338.567,0.0316228
338.767,0.0608276
338.967,0.0608276
339.167,0.0761577
339.367,0.09
339.567,0.322025
339.767,0.22561
339.967,0.0632455
340.167,0.0848528
340.367,0.160312
340.567,0.17
340.767,0.33541
340.967,0.114018
341.167,0.199249
341.367,0.107703
341.567,0.0360555
341.767,0.0943398
341.967,0.02
342.167,0.111803
342.367,0.114018
342.567,0.0565685
342.767,0.03
342.967,0.167631
343.167,0.136015
343.367,0.143178
343.567,0.072111
343.767,0.0806226
343.967,0.0921954
344.167,0.144222
344.367,0.0921954
344.567,0.1
344.767,0.06
344.967,0.08544
345.167,0.102956
345.367,0.0728011
345.567,0.0707107
345.767,0.0608276
345.967,0.0640312
346.167,0.12
346.367,0.126491
346.567,0.122066
346.767,0.161555
346.967,0.05
347.167,0.100499
347.367,0.06
347.567,0.0824621
347.767,0.0728011
347.967,0.100499
348.167,0.0223607
348.367,0.02
348.567,0.0707107
348.767,0.0316228
348.967,0.0223607
349.167,0.02
349.367,0.09
349.567,0.0761577
349.767,0.142127
349.967,0.0282843
350.167,0.131529
350.367,0.0761577
350.567,0.03
350.767,0.0316228
350.967,0.05
351.167,0.0282843
351.367,0.0943398
351.586,0.05
351.767,0.02
351.967,0.0608276
352.167,0.128062
352.367,0.0509902
352.567,0.0509902
352.767,0.0565685
352.967,0.04
353.167,0.0860232
353.367,0.0447214
353.567,0.072111
353.767,0.05
353.967,0.0360555
354.167,0.02
354.367,0.0707107
354.567,0.0943398
354.767,0.0223607
354.967,0.14
355.167,0.116619
355.367,0.0223607
355.567,0.0223607
355.767,0.0781025
355.967,0.0943398
356.167,0.108167
356.367,0.0632455
356.567,0.0781025
356.767,0.0707107
356.967,0.0761577
357.167,0.0565685
357.367,0.0583095
357.567,0.111803
357.767,0.0412311
357.967,0.0509902
358.167,0.107703
358.367,0.0761577
358.567,0.0509902
358.767,0.0223607
358.967,0.104403
359.167,0.0538516
359.367,0.08544
359.567,0.0921954
359.767,0.0640312
359.967,0.0509902
360.167,0.0282843
360.367,0.1
360.567,0.0282843
360.767,0.02
360.967,0.0447214
361.167,0.0223607
361.367,0.0921954
361.567,0.0509902
361.767,0.0223607
361.967,0.222036
362.167,0.0509902
362.367,0.0640312
362.567,0.0728011
362.767,0.067082
362.967,0.0583095
363.167,0.0316228
363.367,0.0761577
363.567,0.0921954
363.767,0.0608276
363.967,0.104403
364.167,0.0223607
364.367,0.0223607
364.567,0.01
364.767,0.114018
364.967,0.0141421
365.167,0.0943398
365.367,0.05
365.567,0.04
365.767,0.072111
365.967,0.0412311
366.167,0.05
366.367,0.0583095
366.587,0.102956
366.767,0.107703
366.967,0.08544
367.167,0.116619
367.367,0.0360555
367.587,0.0806226
367.767,0.03
367.967,0.0360555
368.167,0.0583095
368.367,0.0632455
368.586,0.0728011
368.787,0.0538516
368.967,0.0943398
369.167,0.06
369.367,0.0943398
369.587,0.07
369.767,0.0943398
369.967,0.02
370.167,0.136015
370.367,0.116619
370.567,0.104403
370.767,0.0538516
370.967,0.0282843
371.167,0.0538516
371.367,0.0360555
371.567,0.0707107
371.767,0.0282843
371.967,0.0223607
372.167,0.03
372.367,0.0223607
372.567,0.0223607
372.767,0.0509902
372.967,0.0447214
373.167,0.09
373.367,0.0608276
373.567,0.0565685
373.767,0.0223607
373.967,0.08544
374.167,0.0608276
374.367,0.110454
374.586,0.0921954
374.767,0.0223607
374.967,0.067082
375.167,0.0360555
375.367,0.0282843
375.567,0.0412311
375.786,0.0447214
375.967,0.0509902
376.167,0.0707107
376.367,0.113137
376.567,0.067082
376.767,0.067082
376.967,0.0707107
377.167,0.0943398
377.387,0.0223607
377.567,0.110454
377.767,0.07
377.987,0.01
378.167,0.0223607
378.367,0.0632455
378.587,0.241868
378.767,0.158114
378.967,0.120416
379.167,0.0282843
379.367,0.120416
379.567,0.0943398
379.767,0.0583095
379.967,0.0707107
380.167,0.0360555
380.367,0.113137
380.587,0.0360555
380.767,0.09
380.967,0.0640312
381.186,0.126491
381.367,0.0806226
381.587,0.0632455
381.787,0.107703
381.987,0.01
382.167,0.202485
382.367,0.01
382.587,0.13
382.787,0.0781025
382.987,0.0806226
383.187,0.0921954
383.387,0.0806226
383.587,0.0316228
383.767,0.0640312
383.986,0.147648
384.186,0.0141421
384.387,0.05
384.587,0.05
384.787,0.072111
384.987,0.0728011
385.167,0.0424264
385.387,0.0943398
385.586,0.12
385.786,0.0860232
385.987,0.0316228
386.187,0.05
386.367,0.130384
386.567,0.0984886
386.787,0.192354
386.987,0.155563
387.187,0.067082
387.387,0.126491
387.587,0.120416
387.787,0.155242
387.967,0.02
388.187,0.156205
388.387,0.0360555
388.587,0.111803
388.787,0.114018
388.986,0.180278
389.167,0.32249
389.387,0.415933
389.567,0.562228
389.787,1.14935
389.967,2.33549
390.167,1.22576
390.387,0.534135
390.567,0.452217
390.787,0.511077
390.967,1.25363
391.187,1.13877
391.387,0.926121
391.587,0.7571
391.767,1.90979
391.967,2.16684
392.187,0.527731
392.387,0.2502
392.587,1.12272
392.767,1.6473
392.967,1.87579
393.167,0.600749
393.367,1.06231
393.567,1.18089
393.767,0.488365
393.967,1.678
394.167,1.69068
394.387,1.28363
394.567,1.37615
394.767,1.68885
394.987,2.11149
395.167,2.0016
395.387,1.12539
395.587,1.82538
395.787,1.97489
395.987,1.42443
396.167,1.01823
396.387,0.988129
396.567,1.71814
396.767,1.69366
396.967,1.56237
397.187,1.96461
397.387,1.66292
397.567,1.22004
397.787,1.52594
397.987,2.75659
398.167,1.50748
398.387,1.23004
398.587,1.24423
398.787,1.35506
398.967,2.15601
399.167,1.59512
399.367,2.08
399.567,1.49482
399.767,1.33869
399.967,1.58751
400.167,1.98842
400.367,0.934719
400.567,0.363593
400.767,1.21334
400.967,1.38279
401.167,1.8951
401.367,1.86454
401.567,1.38928
401.767,0.91706
401.967,1.2256
402.167,1.49084
402.367,1.04738
402.567,0.99363
402.767,1.24852
402.967,2.10021
403.167,2.08062
403.367,2.33077
403.567,1.68908
403.767,1.91638
403.967,0.93
404.167,0.481041
404.367,1.1277
404.587,1.08724
404.767,1.78488
404.967,0.657647
405.167,0.616117
405.387,0.880909
405.567,0.232594
405.767,0.73
405.967,0.854751
406.167,1.03078
406.367,1.51119
406.567,1.00305
406.767,1.64347
406.967,3.57498
407.167,2.47
407.367,1.35565
407.567,0.678012
407.767,1.54858
407.967,1.93992
408.167,2.57158
408.367,3.29243
408.567,3.19056
408.767,2.64821
408.967,2.43906
409.167,2.45416
409.367,2.29924
409.567,1.47122
409.767,0.906863
409.967,0.308869
410.167,1.31034
410.367,0.933381
410.587,1.46414
410.767,2.19802
410.987,1.35565
411.167,0.811542
411.367,1.45041
411.567,1.78216
411.767,1.97294
411.967,1.82124
412.167,1.07005
412.367,1.78239
412.567,1.40801
412.767,1.68671
412.967,2.0042
413.167,0.590085
413.367,0.94578
413.567,1.19541
413.767,2.1225
413.967,2.04414
414.167,1.82631
414.367,1.42127
414.567,1.27142
414.767,1.29062
414.967,1.88011
415.167,3.08883
415.367,1.0959
415.567,0.865332
415.767,1.01533
415.967,1.57029
416.167,2.89214
416.367,1.76709
416.567,0.793977
416.767,0.434626
416.967,0.844334
417.167,1.45003
417.367,2.25002
417.567,1.03755
417.767,0.308707
417.967,0.94921
418.167,2.37592
418.387,2.09805
418.567,0.524023
418.767,1.00409
418.967,1.36499
419.167,0.97
419.367,0.386264
419.567,0.5001
419.767,1.30035
419.967,1.79011
420.187,1.60527
420.387,0.693758
420.567,0.471699
420.787,0.634114
420.967,0.565685
421.167,0.906863
421.386,0.372021
421.587,0.907965
421.767,0.998248
421.967,1.04938
422.167,1.0198
422.367,0.657343
422.567,0.425793
422.767,0.604649
422.987,0.919239
423.167,0.732462
423.367,0.37
423.587,0.493964
423.767,0.687314
423.967,0.290689
424.186,0.178045
424.367,0.281603
424.567,0.626498
424.767,0.794796
424.967,0.310483
425.167,0.0921954
425.386,0.261725
425.567,0.511566
425.787,0.526308
425.987,1.42667
426.186,1.39302
426.386,2.10002
426.568,3.50407
426.767,4.19936
426.967,4.31082
427.167,5.41335
427.367,2.68002
427.587,3.75229
427.767,9.77789
427.967,15.8643
428.167,20.436
428.387,20.436
428.567,18.961
428.787,18.2606
428.987,16.3786
429.187,15.0436
429.387,14.4796
429.586,13.7641
429.787,13.4115
429.987,12.923
430.186,12.8838
430.387,12.8752
430.587,12.5994
430.787,12.3737
430.987,12.3456
431.187,12.2478
431.387,11.9775
431.587,11.8005
431.787,11.8697
431.987,11.5288
432.186,11.4226
432.387,11.2549
432.587,11.518
432.787,11.1946
432.987,11.1308
433.187,11.0952
433.387,11.116
433.587,11.0305
433.787,11.0189
433.986,10.9762
434.186,11.104
434.387,11.1187
434.587,11.3882
434.767,11.248
434.987,11.277
435.187,11.3887
435.387,11.4902
435.586,11.5488
435.786,11.5593
435.987,11.7731
436.167,11.5125
436.387,11.5643
436.587,11.153
436.787,11.1652
436.987,11.3864
437.186,11.2621
437.387,11.7011
437.567,11.7595
437.787,11.3395
437.987,11.1903
438.187,11.1839
438.387,11.0641
438.586,10.9115
438.787,10.8803
438.986,10.9633
439.187,10.9465
439.386,10.9458
439.587,10.7982
439.787,10.8943
439.987,10.7097
440.187,10.8348
440.386,10.765
440.587,10.7783
440.787,11.0534
440.986,11.1602
441.187,11.0864
441.387,11.3948
441.587,11.0809
441.787,11.1233
441.986,11.0606
442.186,10.935
442.387,10.7296
442.587,10.6023
442.787,10.7162
442.987,10.5789
443.187,10.5444
443.387,10.629
443.587,10.7199
443.787,10.7197
443.987,10.6091
444.187,10.6578
444.386,10.4803
444.587,10.4463
444.787,10.5008
444.987,10.5146
445.187,10.596
445.387,10.8556
445.587,10.8672
445.786,10.8268
445.987,10.8004
446.186,11.038
446.387,11.1815
446.587,10.9677
446.787,11.0518
446.987,11.0463
447.187,11.1646
447.387,11.0958
447.587,10.9883
447.787,10.8903
447.987,10.8953
448.187,10.9287
448.387,11.0608
448.587,10.836
448.787,11.0072
448.987,10.8249
449.187,10.8468
449.386,10.9089
449.587,10.8337
449.786,10.8693
449.987,10.8125
450.187,10.6043
450.387,10.6897
450.587,10.3727
450.787,10.6362
450.987,10.4368
451.186,10.48
451.386,10.7041
451.587,10.7027
451.787,10.1403
451.987,10.4266
452.187,10.2479
452.387,10.2732
452.587,9.87456
452.787,10.6302
452.987,9.97265
453.187,10.3094
453.387,9.96092
453.587,10.0101
453.787,10.1811
453.987,10.16
454.187,10.2296
454.387,10.0955
454.587,10.0628
454.787,9.94713
454.987,9.86011
455.187,9.62866
455.387,9.65958
455.587,9.5292
455.787,9.40273
455.987,9.45043
456.187,9.63761
456.387,9.86169
456.587,10.1703
456.787,10.2194
456.987,10.0315
457.187,9.92402
457.387,10.1123
457.587,10.2509
457.787,10.5364
457.987,10.064
458.187,9.98319
458.387,10.0005
458.587,10.1752
458.787,10.3785
458.987,10.3373
459.187,10.5843
459.387,10.5097
459.587,10.6671
459.787,10.5507
459.987,10.6496
460.187,10.6408
460.387,10.5515
460.587,10.6273
460.787,10.4718
460.987,10.919
461.187,11.191
461.387,10.6236
461.587,10.7619
461.787,11.0339
461.987,11.0127
462.187,10.958
462.387,11.0998
462.587,10.9415
462.787,11.0418
462.987,11.1733
463.187,10.9297
463.387,11.168
463.587,11.1626
463.787,11.2785
463.987,11.1262
464.187,11.3293
464.387,11.0758
464.587,11.2232
464.787,11.3192
464.987,11.1957
465.187,11.2997
465.387,11.1724
465.587,11.4163
465.787,11.4608
465.987,11.4728
466.187,11.3518
466.387,11.4051
466.587,11.211
466.787,11.2817
466.987,11.2785
467.187,11.4581
467.387,11.3455
467.587,11.4883
467.787,11.5564
467.987,11.6297
468.187,11.6391
468.387,11.2418
468.587,11.6831
468.787,12.1499
468.987,11.9157
469.187,12.0702
469.387,11.9644
469.587,12.1001
469.787,12.124
469.987,12.339
470.187,12.3018
470.387,12.537
470.587,12.2775
470.787,12.3565
470.986,12.527
471.186,12.4713
471.387,12.5493
471.586,12.5548
471.787,12.4455
471.987,12.5848
472.187,12.3968
472.387,12.8493
472.587,13.0736
472.787,13.1198
472.987,12.8996
473.187,13.0307
473.387,13.096
473.587,13.1639
473.787,13.1644
473.986,13.3284
474.187,13.5136
474.387,13.4719
474.587,13.6601
474.787,13.7402
474.987,13.8106
475.187,13.3701
475.387,13.1898
475.587,13.0424
475.786,12.9976
475.986,12.8442
476.187,12.3332
476.387,12.1691
476.587,11.7834
476.787,11.9201
476.987,12.0665
477.187,11.448
477.387,11.7808
477.587,11.536
477.787,11.062
477.987,11.144
478.187,11.073
478.387,11.2758
478.587,11.2953
478.787,10.8734
478.986,11.105
479.187,10.9668
479.387,10.9224
479.587,10.6011
479.787,10.3907
479.987,10.4799
480.187,10.4347
480.387,9.9866
480.587,9.90657
480.787,9.80231
480.987,9.616
481.187,9.83913
481.387,9.65259
481.587,9.59754
481.787,9.55654
481.987,9.49451
482.187,9.19785
482.387,9.13833
482.587,8.93678
482.787,8.69828
482.987,8.60326
483.187,8.30853
483.387,8.10838
483.587,7.69562
483.787,7.37035
483.987,7.28518
484.187,7.25681
484.387,7.46715
484.587,7.33878
484.787,5.08709
484.987,0.143178
485.187,0.445982
485.387,0.621691
485.587,0.673573
485.787,0.326497
485.987,0.22
486.187,0.17
486.387,0.235372
486.587,0.208087
486.787,0.269258
486.987,0.320156
487.187,0.0640312
487.387,0.226274
487.587,0.123693
487.787,0.487545
487.987,0.384708
488.187,0.545894
488.387,0.201246
488.587,0.0781025
488.787,0.152315
488.987,0.0538516
489.187,0.107703
489.387,0.17088
489.587,0.072111
489.787,0.0282843
489.987,0.0984886
490.187,0.131529
490.387,0.264764
490.587,0.0316228
490.787,0.0608276
490.987,0.0640312
491.187,0.0141421
491.387,0.120416
491.587,0.181108
491.787,0.141421
491.987,0.120416
492.187,0.106301
492.387,0.0565685
492.587,0.067082
492.787,0.110454
492.987,0.117047
493.187,0.141421
493.387,0.264008
493.587,0.19799
493.787,0.152643
493.986,0.186815
494.187,0.134536
494.387,0.116619
494.587,0.05
494.787,0.0632455
494.987,0.0360555
495.187,0.0943398
495.387,0.180278
495.587,0.12
495.787,0.134164
495.987,0.0282843
496.186,0.0223607
496.387,0.120416
496.587,0.19
496.787,0.0640312
496.987,0.0509902
497.186,0.0806226
497.387,0.114018
497.587,0.121655
497.787,0.0538516
497.987,0.150333
498.187,0.0412311
498.387,0.08544
498.587,0.134164
498.787,0.0360555
498.986,0.186011
499.186,0.431856
499.387,0.235372
499.587,0.308058
499.786,0.290689
499.987,0.534603
500.187,0.540833
500.386,0.29
500.586,0.42
500.786,0.202485
500.987,0.0905538
501.186,0.0583095
501.387,0.072111
501.586,0.0943398
501.787,0.02
501.986,0.0538516
502.187,0.130384
502.387,0.127279
502.587,0.10198
502.787,0.06
502.987,0.128062
503.187,0.04
503.387,0.0316228
503.586,0.0905538
503.786,0.158114
503.986,0.0848528
504.187,0.120416
504.387,0.211896
504.587,0.183848
504.787,0.05
504.986,0.0989949
505.186,0.25
505.387,0.072111
505.587,0.04
505.787,0.211896
505.987,0.0860232
506.187,0.0282843
506.387,0.0538516
506.587,0.03
506.787,0.0824621
506.986,0.02
507.186,0.222036
507.387,0.0316228
507.587,0.0424264
507.787,0.0447214
507.987,0.0447214
508.187,0.212132
508.386,0.131529
508.586,0.0905538
508.787,0.0538516
508.986,0.0412311
509.187,0.08
509.387,0.174929
509.587,0.194165
509.786,0.0632455
509.987,0.0806226
510.187,0.12
510.387,0.11
510.587,0.291204
510.786,0.156525
510.987,0.01
511.187,0.172627
511.387,0.0538516
511.587,0.0509902
511.787,0.05
511.986,0.130384
512.187,0.0984886
512.387,0.241868
512.587,0.156525
512.787,0.2502
512.987,0.1772
513.187,0.200998
513.387,0.150333
513.587,0.0921954
513.786,0.0447214
513.987,0.05
514.187,0.123693
514.387,0.126491
514.586,0.02
514.786,0.178045
514.987,0.354683
515.187,0.375899
515.387,0.27074
515.586,0.148661
515.786,0.259615
515.987,0.180278
516.187,0.0707107
516.387,0.25632
516.587,0.15
516.787,0.136015
516.987,0.067082
517.186,0.0316228
517.387,0.0806226
517.586,0.0608276
517.787,0.102956
517.987,0.180278
518.187,0.100499
518.387,0.0921954
518.586,0.117047
518.786,0.0509902
518.987,0.0921954
519.186,0.0424264
519.387,0.0141421
519.587,0.133417
519.787,0.0608276
519.987,0.21095
520.186,0.210238
520.387,0.117047
520.607,0.0583095
520.786,0.150333
520.987,0.35
521.186,0.199249
521.387,0.0509902
521.587,0.120416
521.787,0.1253
521.987,0.143178
522.187,0.184391
522.387,0.072111
522.587,0.13
522.787,0.134536
522.987,0.0824621
523.187,0.0223607
523.387,0.17
523.587,0.0707107
523.786,0.133417
523.986,0.0538516
524.187,0.228254
524.387,0.140357
524.587,0.114018
524.787,0.0412311
524.987,0.0761577
525.186,0.1253
525.387,0.0921954
525.586,0.308058
525.786,0.384708
525.986,0.155563
526.187,0.487955
526.387,0.202237
526.587,0.594811
526.787,0.70342
526.987,0.0761577
527.187,0.194165
527.387,0.460435
527.587,0.530848
527.787,0.506063
527.987,0.919674
528.187,1.43031
528.387,1.79234
528.587,1.45527
528.786,1.32966
528.987,1.25132
529.186,1.0617
529.386,0.867295
529.587,0.679411
529.787,0.457056
529.987,0.763217
530.187,1.10318
530.387,1.86936
530.587,1.19004
530.786,1.34937
530.987,1.66433
531.187,0.985089
531.387,0.925419
531.587,1.03586
531.787,0.779295
531.987,0.490306
532.186,0.475395
532.387,0.987168
532.587,0.836301
532.787,0.99985
532.987,0.916788
533.187,0.799062
533.386,1.26921
533.587,1.1833
533.787,1.3132
533.986,1.03247
534.187,1.24652
534.387,0.980051
534.587,0.931075
534.787,0.762758
534.987,0.860232
535.187,1.34302
535.387,0.842912
535.586,1.12641
535.787,1.14337
535.986,1.31548
536.187,1.54029
536.387,1.16276
536.587,0.911373
536.787,1.11041
536.987,1.33507
537.187,1.39703
537.387,1.32004
537.587,1.59113
537.787,1.40129
537.987,1.23406
538.187,1.10639
538.387,1.05152
538.587,1.20354
538.786,0.841487
538.986,0.852115
539.187,0.834865
539.386,0.455412
539.587,0.269072
539.787,0.466476
539.987,0.237065
540.187,0.282843
540.387,0.68884
540.586,0.359026
540.787,0.575847
540.986,0.65521
541.187,0.420476
541.387,0.707107
541.587,0.766942
541.787,0.618547
541.987,0.64846
542.187,0.735391
542.387,0.907965
542.587,0.352278
542.787,0.7245
542.987,0.203961
543.187,0.512445
543.387,0.152971
543.587,0.0761577
543.787,0.44643
543.987,0.210238
544.187,0.329848
544.387,0.768505
544.587,0.82662
544.787,1.12045
544.987,1.05361
545.187,1.06231
545.387,0.695701
545.587,0.05
545.787,0.550818
545.987,0.0447214
546.187,0.130384
546.387,0.341321
546.587,0.222036
546.787,0.116619
546.987,0.62434
547.187,0.16
547.387,0.0943398
547.587,0.308058
547.787,0.143178
547.987,0.166433
548.187,0.566392
548.387,0.107703
548.587,0.143178
548.787,0.247588
548.987,0.269258
549.187,0.346699
549.387,0.0538516
549.587,0.221359
549.787,0.208087
549.987,0.223607
550.207,0.0141421
550.387,0.212132
550.607,0.0509902
550.787,0.0921954
550.986,0.181108
551.187,0.353412
551.387,0.276586
551.587,0.322025
551.787,0.0583095
551.987,0.486004
552.186,0.481664
552.387,0.305287
552.587,0.184391
552.787,0.158114
552.987,0.65437
553.187,0.226716
553.387,0.254951
553.586,0.0921954
553.787,0.142127
553.986,0.01
554.187,0.0707107
554.387,0.0948683
554.587,0.182483
554.787,0.0316228
554.987,0.0806226
555.187,0.15
555.387,0.19105
555.587,0.306757
