#time, Temp[]
21.3047,0.57
21.4038,0.57
21.504,0.57
21.6039,0.57
21.704,0.57
21.8041,0.57
21.9039,0.57
22.0039,0.57
22.1041,0.57
22.2037,0.57
22.3051,0.57
22.405,0.57
22.5054,0.57
22.605,0.57
22.7052,0.57
22.8051,0.57
22.9052,0.57
23.0052,0.57
23.1053,0.57
23.2053,0.57
23.3056,0.57
23.4052,0.57
23.5054,0.57
23.6051,0.58
23.7053,0.58
23.8053,0.58
23.9054,0.58
24.0053,0.58
24.1054,0.58
24.2052,0.58
24.3054,0.58
24.4057,0.58
24.5055,0.58
24.6053,0.58
24.7054,0.58
24.8051,0.58
24.9054,0.58
25.005,0.58
25.1053,0.58
25.2052,0.58
25.3052,0.58
25.4052,0.58
25.5054,0.58
25.605,0.58
25.7053,0.58
25.8051,0.58
25.9053,0.58
26.0053,0.58
26.1053,0.58
26.2051,0.58
26.3052,0.58
26.4051,0.58
26.5053,0.58
26.6053,0.58
26.7052,0.58
26.8052,0.58
26.9053,0.58
27.0053,0.58
27.1052,0.58
27.2052,0.58
27.3052,0.58
27.4054,0.58
27.5054,0.58
27.6051,0.58
27.7052,0.58
27.8051,0.58
27.9053,0.58
28.0051,0.58
28.1052,0.58
28.2051,0.58
28.3054,0.58
28.4056,0.58
28.5055,0.58
28.6053,0.58
28.7054,0.58
28.8052,0.58
28.9054,0.58
29.0052,0.58
29.1053,0.58
29.2052,0.58
29.3054,0.58
29.4053,0.58
29.5053,0.58
29.6054,0.58
29.7055,0.58
29.8054,0.58
29.9052,0.58
30.0053,0.58
30.1053,0.58
30.2052,0.58
30.3052,0.58
30.4052,0.58
30.5053,0.58
30.6052,0.58
30.7057,0.58
30.8054,0.58
30.9055,0.58
31.0053,0.58
31.1056,0.58
31.2052,0.58
31.3056,0.58
31.4053,0.58
31.5055,0.58
31.6052,0.58
31.7056,0.58
31.8053,0.58
31.9055,0.58
32.0052,0.58
32.1054,0.58
32.2052,0.58
32.3056,0.58
32.4059,0.58
32.5056,0.58
32.6054,0.58
32.7055,0.59
32.8052,0.59
32.9055,0.59
33.0052,0.59
33.1054,0.59
33.2054,0.59
33.3056,0.59
33.4053,0.59
33.5055,0.59
33.6056,0.59
33.7053,0.59
33.8053,0.59
33.9054,0.59
34.0054,0.59
34.1054,0.59
34.2052,0.59
34.3054,0.59
34.4053,0.59
34.5054,0.59
34.6054,0.59
34.7054,0.59
34.8052,0.59
34.9052,0.59
35.0053,0.59
35.1053,0.59
35.2052,0.59
35.3052,0.59
35.4052,0.59
35.5053,0.59
35.6053,0.59
35.7052,0.59
35.8053,0.59
35.9052,0.59
36.0058,0.59
36.1052,0.59
36.2054,0.59
36.3052,0.59
36.4055,0.59
36.5053,0.59
36.6054,0.59
36.7052,0.59
36.8055,0.59
36.9052,0.59
37.0055,0.59
37.1052,0.59
37.2056,0.59
37.3053,0.59
37.4055,0.59
37.5052,0.59
37.6055,0.59
37.7053,0.59
37.8055,0.59
37.9053,0.59
38.0058,0.59
38.1052,0.59
38.2054,0.59
38.3053,0.59
38.4053,0.59
38.5051,0.59
38.6058,0.59
38.7057,0.59
38.8054,0.59
38.9053,0.59
39.0056,0.59
39.1054,0.59
39.2055,0.59
39.3052,0.59
39.4056,0.59
39.5054,0.59
39.6055,0.59
39.7053,0.59
39.8054,0.59
39.9052,0.59
40.0052,0.59
40.1052,0.59
40.2052,0.59
40.3052,0.59
40.4052,0.59
40.5051,0.59
40.6057,0.59
40.7051,0.59
40.8055,0.59
40.9051,0.59
41.0054,0.59
41.1052,0.59
41.2054,0.59
41.3052,0.59
41.4054,0.59
41.5053,0.59
41.6053,0.59
41.7052,0.59
41.8055,0.59
41.9052,0.59
42.0052,0.59
42.1052,0.59
42.2053,0.59
42.3052,0.59
42.4051,0.59
42.5052,0.59
42.6051,0.59
42.7051,0.59
42.8051,0.59
42.9051,0.59
43.0051,0.59
43.1052,0.59
43.2052,0.59
43.3052,0.59
43.4052,0.59
43.5052,0.59
43.6053,0.59
43.7052,0.59
43.8052,0.59
43.9053,0.59
44.0052,0.59
44.1053,0.59
44.2053,0.59
44.3053,0.59
44.4052,0.59
44.5053,0.59
44.6053,0.59
44.7053,0.6
44.8051,0.6
44.9052,0.6
45.0052,0.6
45.1052,0.6
45.2051,0.6
45.3052,0.6
45.405,0.6
45.5051,0.6
45.6052,0.6
45.7052,0.6
45.8052,0.6
45.9053,0.6
46.0051,0.6
46.1051,0.6
46.2052,0.6
46.3053,0.6
46.4052,0.6
46.5051,0.6
46.6052,0.6
46.7053,0.6
46.8051,0.6
46.9052,0.6
47.0051,0.6
47.1051,0.6
47.2052,0.6
47.3051,0.6
47.4051,0.6
47.5052,0.6
47.6052,0.6
47.7052,0.6
47.8051,0.6
47.9053,0.6
48.0052,0.6
48.1053,0.6
48.2053,0.6
48.3053,0.6
48.4053,0.6
48.5053,0.6
48.6053,0.6
48.7053,0.6
48.8054,0.6
48.9053,0.6
49.0053,0.6
49.1052,0.6
49.2053,0.6
49.3053,0.6
49.4052,0.6
49.5052,0.6
49.6053,0.6
49.7053,0.6
49.8051,0.6
49.9052,0.6
50.0052,0.6
50.1051,0.6
50.2052,0.6
50.3051,0.6
50.4051,0.6
50.5051,0.6
50.6051,0.6
50.7051,0.6
50.8053,0.6
50.9051,0.6
51.0052,0.6
51.1051,0.6
51.2051,0.6
51.3052,0.6
51.4051,0.6
51.5052,0.6
51.6051,0.6
51.7051,0.6
51.8054,0.6
51.9051,0.6
52.0051,0.6
52.1051,0.6
52.2051,0.6
52.3053,0.6
52.4052,0.6
52.5051,0.6
52.6052,0.6
52.7052,0.6
52.8051,0.6
52.9051,0.6
53.0051,0.6
53.1053,0.6
53.2052,0.6
53.305,0.6
53.4051,0.6
53.5052,0.6
53.6052,0.6
53.7052,0.6
53.8052,0.6
53.9053,0.6
54.0054,0.6
54.1053,0.6
54.2052,0.6
54.3056,0.6
54.4054,0.6
54.5055,0.6
54.6051,0.6
54.7054,0.6
54.8051,0.6
54.9054,0.6
55.0052,0.6
55.1054,0.6
55.2051,0.6
55.3054,0.6
55.4051,0.6
55.5056,0.6
55.6051,0.6
55.7053,0.6
55.8051,0.6
55.9054,0.6
56.0052,0.6
56.1056,0.6
56.2051,0.6
56.3054,0.6
56.4051,0.6
56.5056,0.6
56.6052,0.6
56.7053,0.6
56.8051,0.6
56.9054,0.6
57.005,0.6
57.1052,0.6
57.2051,0.6
57.3053,0.6
57.4053,0.6
57.5055,0.6
57.605,0.6
57.7054,0.6
57.805,0.6
57.9057,0.6
58.0052,0.6
58.1055,0.6
58.2053,0.6
58.3056,0.6
58.4052,0.6
58.5054,0.6
58.6053,0.6
58.7054,0.6
58.8052,0.6
58.9054,0.6
59.0054,0.6
59.1053,0.6
59.2053,0.6
59.3051,0.6
59.4052,0.6
59.5051,0.6
59.6053,0.6
59.7052,0.6
59.8051,0.6
59.9051,0.6
60.0051,0.6
60.1052,0.6
60.2052,0.6
60.3052,0.6
60.4051,0.6
60.5051,0.6
60.6053,0.6
60.7052,0.6
60.8051,0.6
60.9054,0.6
61.0052,0.6
61.1052,0.6
61.2051,0.6
61.305,0.6
61.405,0.6
61.5051,0.6
61.6051,0.6
61.7052,0.6
61.8051,0.6
61.9054,0.6
62.0053,0.6
62.1051,0.6
62.2052,0.6
62.3053,0.6
62.4052,0.6
62.5052,0.6
62.6052,0.6
62.7052,0.6
62.8052,0.6
62.9053,0.6
63.0052,0.6
63.1052,0.6
63.2051,0.6
63.3053,0.6
63.4053,0.6
63.5052,0.6
63.6052,0.6
63.7053,0.6
63.8052,0.6
63.9054,0.6
64.0054,0.6
64.1053,0.6
64.2053,0.6
64.3053,0.6
64.4051,0.6
64.5051,0.6
64.6052,0.6
64.7051,0.6
64.8051,0.6
64.9052,0.6
65.0051,0.6
65.1052,0.6
65.2051,0.6
65.3052,0.6
65.4052,0.6
65.5052,0.6
65.6051,0.6
65.7052,0.6
65.8051,0.6
65.9053,0.6
66.0052,0.6
66.1052,0.6
66.2051,0.6
66.3051,0.6
66.4051,0.6
66.5052,0.6
66.6051,0.6
66.7051,0.6
66.8051,0.6
66.9052,0.6
67.0051,0.6
67.1051,0.6
67.2051,0.6
67.3051,0.6
67.4053,0.6
67.5051,0.6
67.6051,0.61
67.7052,0.6
67.8052,0.6
67.9052,0.61
68.0052,0.61
68.1051,0.61
68.2052,0.61
68.3052,0.61
68.4053,0.61
68.5052,0.61
68.6053,0.61
68.7052,0.61
68.8053,0.61
68.9054,0.61
69.0054,0.61
69.1052,0.61
69.2053,0.61
69.3052,0.61
69.4052,0.61
69.5052,0.61
69.6052,0.61
69.7051,0.61
69.8053,0.61
69.9052,0.61
70.0051,0.61
70.1052,0.61
70.2052,0.61
70.3052,0.61
70.4051,0.61
70.5052,0.61
70.6051,0.61
70.7051,0.61
70.8052,0.61
70.9053,0.61
71.0052,0.61
71.1052,0.61
71.205,0.61
71.3051,0.61
71.4052,0.61
71.5051,0.61
71.6052,0.61
71.7051,0.61
71.8052,0.61
71.9053,0.61
72.0053,0.61
72.1052,0.61
72.2051,0.61
72.3052,0.61
72.4052,0.61
72.5052,0.61
72.6052,0.61
72.7051,0.61
72.8052,0.61
72.9053,0.61
73.0052,0.61
73.1055,0.61
73.2053,0.61
73.3053,0.61
73.4051,0.61
73.5056,0.61
73.6052,0.61
73.7053,0.61
73.8052,0.61
73.9053,0.61
74.0053,0.61
74.1054,0.61
74.2051,0.61
74.3051,0.61
74.4052,0.61
74.5052,0.61
74.6052,0.61
74.7051,0.61
74.8051,0.61
74.9051,0.61
75.0053,0.61
75.1052,0.61
75.2052,0.61
75.3051,0.61
75.4051,0.61
75.5052,0.61
75.6051,0.61
75.7051,0.61
75.8052,0.61
75.9052,0.61
76.0051,0.61
76.1054,0.61
76.2051,0.61
76.305,0.61
76.4052,0.61
76.5051,0.61
76.6051,0.61
76.7051,0.61
76.8052,0.61
76.9053,0.61
77.0051,0.61
77.1052,0.61
77.2051,0.61
77.3051,0.61
77.4051,0.61
77.5052,0.61
77.6051,0.61
77.705,0.61
77.8052,0.61
77.9053,0.61
78.0052,0.61
78.1052,0.61
78.2053,0.61
78.3052,0.61
78.4053,0.61
78.5052,0.61
78.6054,0.61
78.7053,0.61
78.8052,0.61
78.9052,0.61
79.0052,0.61
79.1053,0.61
79.2054,0.61
79.3051,0.61
79.4051,0.61
79.5052,0.61
79.6052,0.61
79.7052,0.61
79.8051,0.61
79.9052,0.61
80.0054,0.61
80.1052,0.61
80.2053,0.61
80.3052,0.61
80.4052,0.61
80.5051,0.61
80.6051,0.61
80.7052,0.61
80.8051,0.61
80.9052,0.61
81.0051,0.61
81.1051,0.61
81.2053,0.61
81.3051,0.61
81.4052,0.61
81.5051,0.61
81.6051,0.61
81.7052,0.61
81.8051,0.61
81.9054,0.61
82.0053,0.61
82.1052,0.61
82.2051,0.61
82.3052,0.61
82.4052,0.61
82.5051,0.61
82.6051,0.61
82.7054,0.61
82.8051,0.61
82.9052,0.61
83.0052,0.61
83.1053,0.61
83.2052,0.61
83.3052,0.61
83.4053,0.61
83.5052,0.61
83.6051,0.61
83.7052,0.61
83.8054,0.61
83.9053,0.61
84.0054,0.61
84.1053,0.61
84.2053,0.61
84.3051,0.61
84.4051,0.61
84.505,0.61
84.6058,0.61
84.7051,0.61
84.8051,0.61
84.9051,0.61
85.0052,0.61
85.1052,0.61
85.2052,0.61
85.3051,0.61
85.4052,0.61
85.5052,0.61
85.6051,0.61
85.7051,0.61
85.8053,0.61
85.9051,0.61
86.0052,0.61
86.1051,0.61
86.205,0.61
86.3053,0.61
86.4051,0.61
86.5052,0.61
86.6051,0.61
86.7052,0.61
86.8051,0.61
86.9052,0.61
87.0051,0.61
87.1051,0.61
87.2052,0.61
87.3051,0.61
87.4052,0.61
87.5052,0.61
87.6051,0.61
87.7051,0.61
87.8054,0.61
87.9051,0.61
88.0052,0.61
88.1052,0.61
88.2052,0.61
88.3052,0.61
88.4053,0.61
88.5053,0.61
88.6052,0.61
88.7052,0.61
88.8053,0.61
88.9053,0.61
89.0053,0.61
89.1052,0.61
89.2055,0.61
89.3052,0.61
89.4052,0.61
89.5051,0.61
89.6051,0.61
89.7052,0.61
89.8051,0.61
89.905,0.61
90.0051,0.61
90.1052,0.61
90.2053,0.61
90.3052,0.61
90.4053,0.61
90.5051,0.61
90.6051,0.61
90.7051,0.61
90.8052,0.61
90.9051,0.61
91.0051,0.61
91.1052,0.61
91.2051,0.61
91.305,0.61
91.405,0.61
91.5051,0.61
91.6051,0.61
91.7051,0.61
91.8051,0.61
91.905,0.61
92.0052,0.61
92.1051,0.61
92.2051,0.61
92.3051,0.61
92.4051,0.61
92.5052,0.61
92.6052,0.61
92.705,0.61
92.8051,0.61
92.9054,0.61
93.0052,0.61
93.1052,0.61
93.2052,0.61
93.3053,0.61
93.4052,0.61
93.5052,0.61
93.6052,0.61
93.7053,0.61
93.8052,0.61
93.9053,0.61
94.0053,0.61
94.1056,0.61
94.2051,0.61
94.3052,0.61
94.4051,0.61
94.5051,0.61
94.6052,0.61
94.7051,0.61
94.8052,0.61
94.9051,0.61
95.0051,0.61
95.1053,0.61
95.2051,0.61
95.3053,0.61
95.4052,0.61
95.5052,0.61
95.6051,0.61
95.7051,0.61
95.8052,0.61
95.9051,0.61
96.0051,0.61
96.1052,0.61
96.2053,0.61
96.305,0.61
96.4052,0.61
96.5052,0.61
96.6053,0.61
96.7052,0.61
96.8052,0.61
96.9051,0.61
97.0049,0.61
97.1051,0.61
97.2052,0.61
97.3051,0.61
97.4052,0.61
97.5052,0.61
97.6049,0.61
97.705,0.61
97.805,0.61
97.9053,0.61
98.0051,0.61
98.105,0.61
98.2052,0.61
98.3053,0.61
98.4052,0.61
98.5051,0.61
98.6051,0.61
98.7052,0.61
98.8051,0.61
98.9052,0.61
99.0053,0.61
99.1053,0.61
99.2053,0.61
99.3052,0.61
99.4055,0.61
99.5051,0.61
99.605,0.61
99.7051,0.61
99.8048,0.61
99.9051,0.61
100.005,0.61
100.105,0.61
100.205,0.61
100.305,0.61
100.405,0.61
100.505,0.61
100.605,0.61
100.705,0.61
100.805,0.61
100.905,0.61
101.005,0.61
101.105,0.61
101.205,0.61
101.305,0.61
101.405,0.61
101.505,0.61
101.605,0.61
101.705,0.61
101.805,0.61
101.905,0.61
102.005,0.61
102.105,0.61
102.205,0.61
102.305,0.61
102.405,0.61
102.505,0.61
102.606,0.61
102.705,0.61
102.806,0.61
102.905,0.61
103.006,0.61
103.105,0.61
103.205,0.61
103.305,0.61
103.406,0.61
103.505,0.61
103.606,0.61
103.705,0.61
103.805,0.61
103.905,0.61
104.005,0.61
104.105,0.61
104.205,0.61
104.305,0.61
104.405,0.61
104.505,0.61
104.605,0.61
104.705,0.61
104.805,0.61
104.905,0.61
105.005,0.61
105.105,0.61
105.205,0.61
105.305,0.61
105.405,0.61
105.505,0.61
105.605,0.61
105.705,0.61
105.805,0.61
105.905,0.61
106.005,0.61
106.105,0.61
106.205,0.61
106.305,0.61
106.405,0.61
106.505,0.61
106.605,0.61
106.705,0.61
106.805,0.61
106.905,0.61
107.005,0.61
107.105,0.61
107.205,0.61
107.305,0.61
107.405,0.61
107.505,0.61
107.605,0.61
107.705,0.61
107.805,0.61
107.905,0.61
108.005,0.61
108.105,0.61
108.205,0.61
108.305,0.61
108.405,0.61
108.505,0.61
108.605,0.61
108.705,0.61
108.805,0.61
108.905,0.61
109.005,0.61
109.105,0.61
109.205,0.61
109.305,0.61
109.405,0.61
109.505,0.61
109.605,0.61
109.705,0.61
109.805,0.61
109.905,0.61
110.005,0.61
110.105,0.61
110.205,0.61
110.305,0.61
110.405,0.61
110.505,0.61
110.605,0.61
110.705,0.61
110.805,0.61
110.905,0.61
111.005,0.61
111.105,0.61
111.205,0.61
111.305,0.61
111.405,0.61
111.505,0.61
111.605,0.61
111.705,0.61
111.805,0.61
111.905,0.61
112.005,0.62
112.105,0.61
112.205,0.62
112.305,0.62
112.405,0.61
112.505,0.61
112.605,0.62
112.705,0.62
112.805,0.62
112.906,0.62
113.005,0.62
113.106,0.62
113.205,0.62
113.306,0.62
113.405,0.62
113.505,0.62
113.605,0.62
113.705,0.62
113.805,0.62
113.906,0.62
114.005,0.62
114.106,0.62
114.205,0.62
114.305,0.62
114.405,0.62
114.505,0.62
114.605,0.62
114.705,0.62
114.805,0.62
114.905,0.62
115.005,0.62
115.105,0.62
115.205,0.62
115.305,0.62
115.405,0.62
115.505,0.62
115.605,0.62
115.705,0.62
115.805,0.62
115.905,0.62
116.005,0.62
116.105,0.62
116.205,0.62
116.305,0.62
116.405,0.62
116.505,0.62
116.605,0.62
116.705,0.62
116.805,0.62
116.905,0.62
117.005,0.62
117.105,0.62
117.205,0.62
117.305,0.62
117.405,0.62
117.505,0.62
117.605,0.62
117.705,0.62
117.805,0.62
117.905,0.62
118.005,0.62
118.105,0.62
118.205,0.62
118.305,0.62
118.405,0.62
118.505,0.62
118.605,0.62
118.705,0.62
118.805,0.62
118.905,0.62
119.005,0.62
119.105,0.62
119.205,0.62
119.305,0.62
119.405,0.62
119.505,0.62
119.605,0.62
119.705,0.62
119.805,0.62
119.905,0.62
120.005,0.62
120.105,0.62
120.205,0.62
120.305,0.62
120.405,0.62
120.505,0.62
120.605,0.62
120.705,0.62
120.805,0.62
120.905,0.62
121.005,0.62
121.105,0.62
121.205,0.62
121.305,0.62
121.405,0.62
121.505,0.62
121.605,0.62
121.705,0.62
121.805,0.62
121.905,0.62
122.005,0.62
122.105,0.62
122.205,0.62
122.305,0.62
122.406,0.62
122.505,0.62
122.605,0.62
122.705,0.62
122.805,0.62
122.905,0.62
123.006,0.62
123.105,0.62
123.205,0.62
123.305,0.62
123.405,0.62
123.505,0.62
123.606,0.62
123.705,0.62
123.805,0.62
123.905,0.62
124.005,0.62
124.105,0.62
124.206,0.62
124.305,0.62
124.405,0.62
124.505,0.62
124.605,0.62
124.705,0.62
124.806,0.62
124.905,0.62
125.005,0.62
125.105,0.62
125.205,0.62
125.305,0.62
125.405,0.62
125.505,0.62
125.605,0.62
125.705,0.62
125.805,0.62
125.905,0.62
126.005,0.62
126.105,0.62
126.205,0.62
126.305,0.62
126.405,0.62
126.505,0.62
126.605,0.62
126.705,0.62
126.805,0.62
126.905,0.62
127.005,0.62
127.105,0.62
127.205,0.62
127.305,0.62
127.405,0.62
127.505,0.62
127.605,0.62
127.705,0.62
127.805,0.62
127.905,0.62
128.005,0.62
128.105,0.62
128.205,0.62
128.305,0.62
128.405,0.62
128.505,0.62
128.605,0.62
128.705,0.62
128.805,0.62
128.905,0.62
129.005,0.62
129.105,0.62
129.205,0.62
129.306,0.62
129.405,0.62
129.505,0.62
129.605,0.62
129.705,0.62
129.805,0.62
129.906,0.62
130.005,0.62
130.105,0.62
130.205,0.62
130.305,0.62
130.405,0.62
130.505,0.62
130.605,0.62
130.706,0.62
130.805,0.62
130.905,0.62
131.005,0.62
131.106,0.62
131.205,0.62
131.305,0.62
131.405,0.62
131.505,0.62
131.605,0.62
131.705,0.62
131.805,0.62
131.905,0.62
132.005,0.62
132.105,0.62
132.205,0.62
132.305,0.62
132.405,0.62
132.505,0.62
132.605,0.62
132.705,0.62
132.805,0.62
132.905,0.62
133.005,0.62
133.105,0.62
133.205,0.62
133.305,0.62
133.405,0.62
133.505,0.62
133.605,0.62
133.705,0.62
133.805,0.62
133.905,0.62
134.005,0.62
134.105,0.62
134.205,0.62
134.305,0.62
134.405,0.62
134.505,0.62
134.607,0.62
134.705,0.62
134.805,0.62
134.905,0.62
135.005,0.62
135.105,0.62
135.207,0.62
135.305,0.62
135.405,0.62
135.505,0.62
135.605,0.62
135.705,0.62
135.805,0.62
135.905,0.62
136.005,0.62
136.105,0.62
136.205,0.62
136.305,0.62
136.405,0.62
136.505,0.62
136.605,0.62
136.705,0.62
136.805,0.62
136.905,0.62
137.005,0.62
137.105,0.62
137.205,0.62
137.305,0.62
137.405,0.62
137.505,0.62
137.605,0.62
137.705,0.62
137.805,0.62
137.905,0.62
138.007,0.62
138.105,0.62
138.205,0.62
138.305,0.62
138.407,0.62
138.505,0.62
138.605,0.62
138.705,0.62
138.805,0.62
138.905,0.62
139.005,0.62
139.105,0.62
139.205,0.62
139.305,0.62
139.405,0.62
139.505,0.62
139.607,0.62
139.705,0.62
139.805,0.62
139.905,0.62
140.005,0.62
140.105,0.62
140.205,0.62
140.305,0.62
140.405,0.62
140.505,0.62
140.605,0.62
140.705,0.62
140.805,0.62
140.905,0.62
141.005,0.62
141.105,0.62
141.205,0.62
141.305,0.62
141.405,0.62
141.505,0.62
141.605,0.62
141.705,0.62
141.805,0.62
141.905,0.62
142.006,0.62
142.105,0.62
142.205,0.62
142.305,0.62
142.405,0.62
142.505,0.62
142.605,0.62
142.705,0.62
142.805,0.62
142.905,0.62
143.005,0.62
143.105,0.62
143.205,0.62
143.305,0.62
143.405,0.62
143.505,0.62
143.605,0.62
143.706,0.62
143.806,0.62
143.905,0.62
144.005,0.62
144.105,0.62
144.205,0.62
144.305,0.62
144.405,0.62
144.505,0.62
144.605,0.62
144.705,0.62
144.807,0.62
144.905,0.62
145.005,0.62
145.105,0.62
145.205,0.62
145.305,0.62
145.405,0.62
145.505,0.62
145.605,0.62
145.706,0.62
145.805,0.62
145.905,0.62
146.007,0.62
146.105,0.62
146.205,0.62
146.305,0.62
146.405,0.62
146.505,0.62
146.607,0.62
146.705,0.62
146.805,0.62
146.905,0.62
147.005,0.62
147.105,0.62
147.205,0.62
147.305,0.62
147.405,0.62
147.505,0.62
147.605,0.62
147.705,0.62
147.805,0.62
147.905,0.62
148.005,0.62
148.105,0.62
148.205,0.62
148.305,0.62
148.405,0.62
148.505,0.62
148.605,0.62
148.705,0.62
148.805,0.62
148.905,0.62
149.005,0.62
149.105,0.62
149.205,0.62
149.305,0.62
149.405,0.62
149.505,0.62
149.605,0.62
149.705,0.62
149.805,0.62
149.905,0.62
150.005,0.62
150.105,0.62
150.205,0.62
150.305,0.62
150.405,0.62
150.505,0.62
150.605,0.62
150.705,0.62
150.805,0.62
150.905,0.62
151.005,0.62
151.105,0.62
151.205,0.62
151.305,0.62
151.405,0.62
151.505,0.62
151.605,0.62
151.705,0.62
151.805,0.62
151.905,0.62
152.005,0.62
152.105,0.62
152.205,0.62
152.305,0.62
152.405,0.62
152.505,0.62
152.605,0.62
152.705,0.62
152.807,0.62
152.905,0.62
153.005,0.62
153.105,0.62
153.205,0.62
153.305,0.62
153.405,0.62
153.505,0.62
153.605,0.62
153.705,0.62
153.805,0.62
153.905,0.62
154.006,0.62
154.105,0.62
154.207,0.62
154.305,0.62
154.407,0.62
154.505,0.62
154.605,0.62
154.705,0.62
154.806,0.62
154.905,0.62
155.005,0.62
155.105,0.62
155.205,0.62
155.305,0.62
155.405,0.62
155.505,0.62
155.605,0.62
155.705,0.62
155.805,0.62
155.905,0.62
156.005,0.62
156.105,0.62
156.205,0.62
156.305,0.62
156.407,0.62
156.505,0.62
156.605,0.62
156.705,0.62
156.805,0.62
156.905,0.62
157.005,0.62
157.105,0.62
157.205,0.62
157.305,0.62
157.405,0.62
157.505,0.62
157.607,0.62
157.705,0.62
157.805,0.62
157.905,0.62
158.005,0.62
158.105,0.62
158.207,0.62
158.305,0.62
158.407,0.62
158.505,0.62
158.607,0.62
158.705,0.62
158.805,0.62
158.905,0.62
159.005,0.62
159.105,0.62
159.205,0.62
159.305,0.62
159.405,0.62
159.505,0.62
159.607,0.62
159.705,0.62
159.806,0.62
159.905,0.62
160.005,0.62
160.105,0.62
160.205,0.62
160.305,0.62
160.405,0.62
160.505,0.62
160.605,0.62
160.705,0.62
160.806,0.62
160.905,0.62
161.005,0.62
161.105,0.62
161.205,0.62
161.305,0.62
161.405,0.62
161.505,0.62
161.605,0.62
161.705,0.62
161.805,0.62
161.905,0.62
162.006,0.62
162.105,0.62
162.207,0.62
162.305,0.62
162.407,0.62
162.505,0.62
162.605,0.62
162.705,0.62
162.807,0.62
162.905,0.62
163.005,0.62
163.105,0.62
163.205,0.62
163.305,0.62
163.405,0.62
163.505,0.62
163.605,0.62
163.705,0.62
163.805,0.62
163.905,0.62
164.005,0.62
164.105,0.62
164.207,0.62
164.305,0.62
164.405,0.62
164.505,0.62
164.606,0.62
164.705,0.62
164.807,0.62
164.905,0.62
165.007,0.62
165.105,0.62
165.206,0.63
165.305,0.63
165.406,0.62
165.505,0.63
165.606,0.62
165.705,0.63
165.805,0.63
165.905,0.63
166.007,0.63
166.105,0.63
166.207,0.63
166.305,0.63
166.407,0.63
166.505,0.63
166.606,0.62
166.705,0.63
166.806,0.63
166.905,0.63
167.005,0.63
167.105,0.63
167.205,0.63
167.305,0.63
167.405,0.63
167.505,0.63
167.605,0.63
167.705,0.63
167.807,0.63
167.905,0.63
168.007,0.63
168.105,0.63
168.207,0.63
168.305,0.63
168.405,0.63
168.505,0.63
168.607,0.63
168.705,0.63
168.807,0.63
168.905,0.63
169.007,0.63
169.105,0.63
169.207,0.63
169.305,0.63
169.407,0.63
169.505,0.63
169.607,0.63
169.705,0.63
169.805,0.63
169.905,0.63
170.007,0.63
170.105,0.63
170.207,0.63
170.305,0.63
170.407,0.63
170.505,0.63
170.606,0.63
170.705,0.63
170.807,0.63
170.905,0.63
171.007,0.63
171.105,0.63
171.205,0.63
171.305,0.63
171.406,0.63
171.505,0.63
171.607,0.63
171.705,0.63
171.807,0.63
171.905,0.63
172.007,0.63
172.105,0.63
172.206,0.63
172.305,0.63
172.407,0.63
172.505,0.63
172.605,0.63
172.705,0.63
172.807,0.63
172.905,0.63
173.007,0.63
173.105,0.63
173.207,0.63
173.305,0.63
173.406,0.63
173.505,0.63
173.607,0.63
173.705,0.63
173.807,0.63
173.905,0.63
174.005,0.63
174.105,0.63
174.207,0.63
174.305,0.63
174.407,0.63
174.505,0.63
174.607,0.63
174.705,0.63
174.806,0.63
174.905,0.63
175.006,0.63
175.105,0.63
175.206,0.63
175.305,0.63
175.405,0.63
175.505,0.63
175.606,0.63
175.705,0.63
175.806,0.63
175.905,0.63
176.007,0.63
176.105,0.63
176.207,0.63
176.305,0.63
176.407,0.63
176.505,0.63
176.606,0.63
176.705,0.63
176.805,0.63
176.905,0.63
177.006,0.63
177.105,0.63
177.207,0.63
177.305,0.63
177.407,0.63
177.505,0.63
177.607,0.63
177.705,0.63
177.805,0.63
177.905,0.63
178.007,0.63
178.105,0.63
178.205,0.63
178.306,0.63
178.407,0.63
178.505,0.63
178.607,0.63
178.705,0.63
178.807,0.63
178.905,0.63
179.007,0.63
179.105,0.63
179.207,0.63
179.305,0.63
179.406,0.63
179.505,0.63
179.607,0.63
179.705,0.63
179.807,0.63
179.905,0.63
180.006,0.63
180.105,0.63
180.206,0.63
180.305,0.63
180.407,0.63
180.505,0.63
180.606,0.63
180.705,0.63
180.806,0.63
180.905,0.63
181.006,0.63
181.105,0.63
181.207,0.63
181.305,0.63
181.406,0.63
181.505,0.63
181.606,0.63
181.705,0.63
181.806,0.63
181.905,0.63
182.006,0.63
182.105,0.63
182.205,0.63
182.305,0.63
182.407,0.63
182.505,0.63
182.607,0.63
182.705,0.63
182.806,0.63
182.905,0.63
183.007,0.63
183.105,0.63
183.206,0.63
183.305,0.63
183.407,0.63
183.505,0.63
183.605,0.63
183.705,0.63
183.807,0.63
183.905,0.63
184.007,0.63
184.105,0.63
184.207,0.63
184.305,0.63
184.407,0.63
184.505,0.63
184.607,0.63
184.705,0.63
184.806,0.63
184.905,0.63
185.005,0.63
185.105,0.63
185.206,0.63
185.305,0.63
185.406,0.63
185.505,0.63
185.607,0.63
185.705,0.63
185.807,0.63
185.905,0.63
186.007,0.63
186.105,0.63
186.206,0.63
186.305,0.63
186.405,0.63
186.505,0.63
186.606,0.63
186.705,0.63
186.807,0.63
186.905,0.63
187.006,0.63
187.105,0.63
187.207,0.63
187.305,0.63
187.407,0.63
187.505,0.63
187.607,0.63
187.705,0.63
187.807,0.63
187.905,0.63
188.005,0.63
188.105,0.63
188.205,0.63
188.305,0.63
188.405,0.63
188.505,0.63
188.605,0.63
188.705,0.63
188.805,0.63
188.905,0.63
189.007,0.63
189.105,0.63
189.205,0.63
189.305,0.63
189.406,0.63
189.505,0.63
189.606,0.63
189.705,0.63
189.806,0.63
189.905,0.63
190.006,0.63
190.105,0.63
190.206,0.63
190.305,0.63
190.407,0.63
190.505,0.63
190.605,0.63
190.705,0.63
190.807,0.63
190.905,0.63
191.007,0.63
191.105,0.63
191.207,0.63
191.305,0.63
191.406,0.63
191.505,0.63
191.607,0.63
191.705,0.63
191.806,0.63
191.905,0.63
192.007,0.63
192.105,0.63
192.206,0.63
192.305,0.63
192.407,0.63
192.505,0.63
192.607,0.63
192.705,0.63
192.807,0.63
192.905,0.63
193.005,0.63
193.105,0.63
193.205,0.63
193.305,0.63
193.405,0.63
193.505,0.63
193.605,0.63
193.705,0.63
193.807,0.63
193.905,0.63
194.007,0.63
194.105,0.63
194.207,0.63
194.305,0.63
194.406,0.63
194.505,0.63
194.606,0.63
194.705,0.63
194.807,0.63
194.905,0.63
195.007,0.63
195.105,0.63
195.207,0.63
195.305,0.63
195.406,0.63
195.505,0.63
195.606,0.63
195.705,0.63
195.806,0.63
195.905,0.63
196.005,0.63
196.105,0.63
196.206,0.63
196.305,0.63
196.406,0.63
196.505,0.63
196.607,0.63
196.705,0.63
196.807,0.63
196.905,0.63
197.006,0.63
197.105,0.63
197.207,0.63
197.305,0.63
197.407,0.63
197.505,0.63
197.607,0.63
197.705,0.63
197.807,0.63
197.905,0.63
198.007,0.63
198.105,0.63
198.207,0.63
198.305,0.63
198.407,0.63
198.505,0.63
198.607,0.63
198.705,0.63
198.805,0.63
198.905,0.63
199.007,0.63
199.105,0.63
199.207,0.63
199.305,0.63
199.407,0.63
199.505,0.63
199.607,0.63
199.705,0.63
199.807,0.63
199.905,0.63
200.006,0.63
200.105,0.63
200.205,0.63
200.305,0.63
200.407,0.63
200.505,0.63
200.606,0.63
200.705,0.63
200.805,0.63
200.905,0.63
201.007,0.63
201.105,0.63
201.206,0.63
201.305,0.63
201.407,0.63
201.505,0.63
201.606,0.63
201.705,0.63
201.807,0.63
201.905,0.63
202.006,0.63
202.105,0.63
202.207,0.63
202.305,0.63
202.407,0.63
202.505,0.63
202.607,0.63
202.705,0.63
202.807,0.63
202.905,0.63
203.007,0.63
203.105,0.63
203.206,0.63
203.305,0.63
203.407,0.63
203.505,0.63
203.606,0.63
203.705,0.63
203.807,0.63
203.905,0.63
204.007,0.63
204.105,0.63
204.207,0.63
204.305,0.63
204.407,0.63
204.505,0.63
204.607,0.63
204.705,0.63
204.807,0.63
204.905,0.63
205.007,0.63
205.105,0.63
205.206,0.63
205.305,0.63
205.407,0.63
205.505,0.63
205.606,0.63
205.705,0.63
205.805,0.63
205.905,0.63
206.006,0.63
206.105,0.63
206.207,0.63
206.305,0.63
206.407,0.63
206.505,0.63
206.606,0.63
206.705,0.63
206.806,0.63
206.905,0.63
207.007,0.63
207.105,0.63
207.205,0.63
207.305,0.63
207.407,0.63
207.505,0.63
207.607,0.63
207.705,0.63
207.807,0.63
207.905,0.63
208.007,0.63
208.105,0.63
208.207,0.63
208.305,0.63
208.407,0.63
208.505,0.63
208.607,0.63
208.705,0.63
208.807,0.63
208.905,0.63
209.007,0.63
209.105,0.63
209.207,0.63
209.305,0.63
209.406,0.63
209.505,0.63
209.606,0.63
209.705,0.63
209.807,0.63
209.905,0.63
210.006,0.63
210.105,0.63
210.207,0.63
210.305,0.63
210.406,0.63
210.505,0.63
210.607,0.63
210.705,0.63
210.806,0.63
210.905,0.63
211.007,0.63
211.105,0.63
211.205,0.63
211.305,0.63
211.406,0.63
211.505,0.63
211.606,0.63
211.705,0.63
211.806,0.63
211.905,0.63
212.007,0.63
212.105,0.63
212.206,0.63
212.305,0.63
212.407,0.63
212.505,0.63
212.607,0.63
212.705,0.63
212.807,0.63
212.905,0.63
213.007,0.63
213.105,0.63
213.207,0.63
213.305,0.63
213.407,0.63
213.505,0.63
213.605,0.63
213.705,0.63
213.807,0.63
213.905,0.63
214.007,0.63
214.105,0.63
214.207,0.63
214.305,0.63
214.407,0.63
214.505,0.63
214.607,0.63
214.705,0.63
214.807,0.63
214.905,0.63
215.007,0.63
215.105,0.63
215.207,0.63
215.305,0.63
215.406,0.63
215.505,0.63
215.607,0.63
215.705,0.63
215.807,0.63
215.905,0.63
216.007,0.63
216.105,0.63
216.207,0.63
216.305,0.63
216.407,0.63
216.505,0.63
216.606,0.63
216.705,0.63
216.806,0.63
216.905,0.63
217.007,0.63
217.105,0.63
217.206,0.63
217.305,0.63
217.407,0.63
217.505,0.63
217.607,0.63
217.705,0.63
217.807,0.63
217.905,0.63
218.007,0.63
218.105,0.63
218.207,0.63
218.305,0.63
218.407,0.63
218.505,0.63
218.607,0.63
218.705,0.63
218.807,0.63
218.905,0.63
219.007,0.63
219.105,0.63
219.207,0.63
219.305,0.63
219.407,0.63
219.505,0.63
219.605,0.63
219.705,0.63
219.807,0.63
219.905,0.63
220.007,0.63
220.105,0.63
220.207,0.63
220.305,0.63
220.407,0.63
220.505,0.63
220.606,0.63
220.705,0.63
220.806,0.63
220.905,0.63
221.007,0.63
221.105,0.63
221.207,0.63
221.305,0.63
221.407,0.63
221.505,0.63
221.607,0.63
221.705,0.63
221.806,0.63
221.905,0.63
222.006,0.63
222.105,0.63
222.207,0.63
222.305,0.63
222.407,0.63
222.505,0.63
222.607,0.63
222.705,0.63
222.807,0.63
222.905,0.63
223.007,0.63
223.105,0.63
223.207,0.63
223.305,0.63
223.407,0.63
223.505,0.63
223.606,0.63
223.705,0.63
223.807,0.63
223.905,0.63
224.007,0.63
224.105,0.63
224.207,0.63
224.305,0.63
224.406,0.63
224.505,0.63
224.606,0.63
224.705,0.63
224.807,0.63
224.905,0.63
225.005,0.63
225.105,0.63
225.207,0.63
225.305,0.63
225.407,0.63
225.505,0.63
225.607,0.63
225.705,0.63
225.806,0.63
225.905,0.63
226.006,0.63
226.105,0.63
226.207,0.63
226.305,0.63
226.405,0.63
226.505,0.63
226.607,0.63
226.705,0.63
226.806,0.63
226.905,0.63
227.006,0.63
227.105,0.63
227.205,0.63
227.305,0.63
227.407,0.63
227.505,0.63
227.607,0.63
227.705,0.63
227.805,0.63
227.905,0.63
228.006,0.63
228.105,0.63
228.207,0.63
228.305,0.63
228.407,0.63
228.505,0.63
228.607,0.63
228.705,0.63
228.807,0.63
228.905,0.63
229.007,0.63
229.105,0.63
229.205,0.63
229.305,0.63
229.407,0.63
229.505,0.63
229.607,0.63
229.705,0.63
229.807,0.63
229.905,0.63
230.006,0.63
230.105,0.63
230.207,0.63
230.305,0.63
230.406,0.63
230.505,0.63
230.605,0.63
230.705,0.63
230.806,0.63
230.905,0.63
231.007,0.63
231.105,0.63
231.207,0.63
231.305,0.63
231.406,0.63
231.505,0.63
231.606,0.63
231.705,0.63
231.806,0.63
231.905,0.63
232.006,0.63
232.105,0.63
232.207,0.63
232.305,0.63
232.407,0.63
232.505,0.63
232.607,0.63
232.705,0.63
232.807,0.63
232.905,0.63
233.006,0.63
233.105,0.63
233.207,0.63
233.305,0.63
233.405,0.63
233.505,0.63
233.607,0.63
233.705,0.63
233.807,0.63
233.905,0.63
234.007,0.63
234.105,0.63
234.207,0.63
234.305,0.63
234.407,0.63
234.505,0.63
234.607,0.63
234.705,0.63
234.807,0.63
234.905,0.63
235.006,0.63
235.105,0.63
235.207,0.63
235.305,0.63
235.406,0.63
235.505,0.63
235.607,0.63
235.705,0.63
235.806,0.63
235.905,0.63
236.007,0.63
236.105,0.63
236.207,0.63
236.305,0.63
236.406,0.63
236.505,0.63
236.606,0.63
236.705,0.63
236.807,0.63
236.905,0.63
237.007,0.63
237.105,0.63
237.207,0.63
237.305,0.63
237.405,0.63
237.505,0.63
237.607,0.63
237.705,0.63
237.807,0.63
237.905,0.63
238.007,0.63
238.105,0.63
238.207,0.63
238.305,0.63
238.407,0.63
238.505,0.63
238.607,0.63
238.705,0.63
238.805,0.63
238.905,0.63
239.005,0.63
239.105,0.63
239.207,0.63
239.305,0.63
239.406,0.63
239.505,0.63
239.606,0.63
239.705,0.63
239.806,0.63
239.905,0.63
240.006,0.63
240.105,0.63
240.205,0.63
240.305,0.63
240.406,0.63
240.505,0.63
240.606,0.63
240.705,0.63
240.807,0.63
240.905,0.63
241.006,0.63
241.105,0.63
241.207,0.63
241.305,0.63
241.406,0.63
241.505,0.63
241.605,0.63
241.705,0.63
241.807,0.63
241.905,0.63
242.007,0.63
242.105,0.63
242.207,0.63
242.305,0.63
242.407,0.63
242.505,0.63
242.607,0.63
242.705,0.63
242.807,0.63
242.905,0.63
243.005,0.63
243.105,0.63
243.207,0.63
243.305,0.63
243.407,0.63
243.505,0.63
243.606,0.63
243.705,0.63
243.807,0.63
243.905,0.63
244.006,0.63
244.105,0.63
244.207,0.63
244.305,0.63
244.406,0.63
244.505,0.63
244.607,0.63
244.705,0.63
244.806,0.63
244.905,0.63
245.006,0.63
245.105,0.63
245.207,0.63
245.305,0.63
245.406,0.63
245.505,0.63
245.607,0.63
245.705,0.63
245.807,0.63
245.905,0.63
246.006,0.63
246.105,0.63
246.207,0.63
246.305,0.63
246.406,0.63
246.505,0.63
246.607,0.63
246.705,0.63
246.806,0.63
246.905,0.63
247.007,0.63
247.105,0.63
247.207,0.63
247.305,0.63
247.407,0.63
247.505,0.63
247.607,0.63
247.705,0.63
247.807,0.63
247.905,0.63
248.007,0.63
248.105,0.63
248.207,0.63
248.305,0.63
248.407,0.63
248.505,0.63
248.607,0.63
248.705,0.63
248.807,0.63
248.905,0.63
249.007,0.63
249.105,0.63
249.207,0.63
249.305,0.63
249.407,0.63
249.505,0.63
249.607,0.63
249.705,0.63
249.806,0.63
249.905,0.63
250.006,0.63
250.105,0.63
250.206,0.63
250.305,0.63
250.407,0.63
250.505,0.63
250.606,0.63
250.705,0.64
250.806,0.63
250.905,0.63
251.007,0.63
251.105,0.63
251.206,0.64
251.305,0.63
251.407,0.63
251.505,0.63
251.607,0.64
251.705,0.63
251.806,0.64
251.905,0.63
252.006,0.63
252.105,0.63
252.207,0.64
252.305,0.63
252.407,0.64
252.505,0.64
252.607,0.63
252.706,0.64
252.807,0.64
252.906,0.64
253.006,0.64
253.106,0.64
253.207,0.63
253.306,0.64
253.407,0.64
253.505,0.63
253.607,0.64
253.705,0.64
253.807,0.64
253.905,0.63
254.007,0.64
254.105,0.64
254.206,0.64
254.305,0.64
254.407,0.64
254.505,0.64
254.607,0.64
254.705,0.64
254.806,0.64
254.905,0.63
255.006,0.64
255.105,0.64
255.207,0.64
255.305,0.64
255.407,0.64
255.505,0.64
255.607,0.64
255.705,0.64
255.806,0.64
255.905,0.64
256.007,0.64
256.105,0.64
256.207,0.64
256.305,0.64
256.406,0.64
256.505,0.64
256.606,0.64
256.705,0.64
256.806,0.64
256.905,0.64
257.007,0.64
257.105,0.64
257.207,0.64
257.305,0.64
257.407,0.64
257.505,0.64
257.607,0.64
257.705,0.64
257.807,0.64
257.905,0.64
258.007,0.64
258.105,0.64
258.207,0.64
258.306,0.64
258.407,0.64
258.505,0.64
258.606,0.64
258.706,0.64
258.807,0.64
258.905,0.64
259.007,0.64
259.105,0.64
259.207,0.64
259.305,0.64
259.406,0.64
259.505,0.64
259.607,0.64
259.705,0.64
259.807,0.64
259.905,0.64
260.006,0.64
260.105,0.64
260.206,0.64
260.305,0.64
260.406,0.64
260.505,0.64
260.606,0.64
260.705,0.64
260.807,0.64
260.905,0.64
261.007,0.64
261.105,0.64
261.207,0.64
261.305,0.64
261.406,0.64
261.505,0.64
261.606,0.64
261.705,0.64
261.807,0.64
261.905,0.64
262.007,0.64
262.105,0.64
262.207,0.64
262.305,0.64
262.406,0.64
262.505,0.64
262.607,0.64
262.705,0.64
262.806,0.64
262.905,0.64
263.007,0.64
263.106,0.64
263.207,0.64
263.305,0.64
263.407,0.64
263.506,0.64
263.607,0.64
263.706,0.64
263.807,0.64
263.906,0.64
264.007,0.64
264.106,0.64
264.207,0.64
264.305,0.64
264.406,0.64
264.505,0.64
264.606,0.64
264.705,0.64
264.806,0.64
264.905,0.64
265.006,0.64
265.105,0.64
265.206,0.64
265.305,0.64
265.407,0.64
265.505,0.64
265.606,0.64
265.705,0.64
265.806,0.64
265.905,0.64
266.007,0.64
266.105,0.64
266.206,0.64
266.305,0.64
266.406,0.64
266.505,0.64
266.606,0.64
266.705,0.64
266.806,0.64
266.905,0.64
267.006,0.64
267.105,0.64
267.206,0.64
267.305,0.64
267.406,0.64
267.505,0.64
267.606,0.64
267.705,0.64
267.806,0.64
267.905,0.64
268.006,0.64
268.105,0.64
268.206,0.64
268.305,0.64
268.407,0.64
268.505,0.64
268.606,0.64
268.705,0.64
268.806,0.64
268.905,0.64
269.006,0.64
269.105,0.64
269.206,0.64
269.305,0.64
269.406,0.64
269.505,0.64
269.606,0.64
269.705,0.64
269.806,0.64
269.905,0.64
270.006,0.64
270.104,0.64
270.206,0.64
270.305,0.64
270.406,0.64
270.505,0.64
270.606,0.64
270.705,0.64
270.806,0.64
270.905,0.64
271.006,0.64
271.105,0.64
271.206,0.64
271.305,0.64
271.406,0.64
271.505,0.64
271.606,0.64
271.705,0.64
271.806,0.64
271.905,0.64
272.006,0.64
272.105,0.64
272.206,0.64
272.305,0.64
272.407,0.64
272.506,0.64
272.607,0.64
272.705,0.64
272.806,0.64
272.905,0.64
273.006,0.64
273.105,0.64
273.206,0.64
273.305,0.64
273.406,0.64
273.505,0.64
273.606,0.64
273.705,0.64
273.806,0.64
273.905,0.64
274.006,0.64
274.105,0.64
274.206,0.64
274.305,0.64
274.406,0.64
274.505,0.64
274.606,0.64
274.705,0.64
274.806,0.64
274.905,0.64
275.006,0.64
275.105,0.64
275.206,0.64
275.305,0.64
275.406,0.64
275.505,0.64
275.606,0.64
275.705,0.64
275.806,0.64
275.905,0.64
276.006,0.64
276.105,0.64
276.206,0.64
276.305,0.64
276.406,0.64
276.505,0.64
276.606,0.64
276.705,0.64
276.806,0.64
276.905,0.64
277.006,0.64
277.105,0.64
277.206,0.64
277.305,0.64
277.406,0.64
277.505,0.64
277.606,0.64
277.705,0.64
277.806,0.64
277.905,0.64
278.007,0.64
278.105,0.64
278.206,0.64
278.305,0.64
278.406,0.64
278.505,0.64
278.606,0.64
278.705,0.64
278.806,0.64
278.905,0.64
279.007,0.64
279.105,0.64
279.207,0.64
279.305,0.64
279.406,0.64
279.505,0.64
279.606,0.64
279.705,0.64
279.806,0.64
279.905,0.64
280.006,0.64
280.105,0.64
280.206,0.64
280.305,0.64
280.406,0.64
280.505,0.64
280.606,0.64
280.705,0.64
280.806,0.64
280.905,0.64
281.006,0.64
281.105,0.64
281.206,0.64
281.305,0.64
281.406,0.64
281.505,0.64
281.606,0.64
281.705,0.64
281.806,0.64
281.905,0.64
282.006,0.64
282.105,0.64
282.206,0.64
282.305,0.64
282.406,0.64
282.505,0.64
282.606,0.64
282.705,0.64
282.806,0.64
282.905,0.64
283.006,0.64
283.105,0.64
283.206,0.64
283.305,0.64
283.406,0.64
283.505,0.64
283.606,0.64
283.705,0.64
283.806,0.64
283.905,0.64
284.006,0.64
284.105,0.64
284.206,0.64
284.305,0.64
284.406,0.64
284.505,0.64
284.606,0.64
284.705,0.64
284.806,0.64
284.905,0.64
285.006,0.64
285.105,0.64
285.206,0.64
285.305,0.64
285.406,0.64
285.505,0.64
285.606,0.64
285.705,0.64
285.806,0.64
285.905,0.64
286.006,0.64
286.105,0.64
286.206,0.64
286.305,0.64
286.407,0.64
286.505,0.64
286.606,0.64
286.705,0.64
286.806,0.64
286.905,0.64
287.006,0.64
287.105,0.64
287.206,0.64
287.305,0.64
287.406,0.64
287.505,0.64
287.606,0.64
287.705,0.64
287.806,0.64
287.905,0.64
288.006,0.64
288.105,0.64
288.206,0.64
288.305,0.64
288.406,0.64
288.505,0.64
288.606,0.64
288.705,0.64
288.806,0.64
288.905,0.64
289.006,0.64
289.105,0.64
289.206,0.64
289.305,0.64
289.406,0.64
289.505,0.64
289.606,0.64
289.705,0.64
289.806,0.64
289.905,0.64
290.006,0.64
290.105,0.64
290.206,0.64
290.305,0.64
290.406,0.64
290.505,0.64
290.606,0.64
290.705,0.64
290.806,0.64
290.905,0.64
291.006,0.64
291.105,0.64
291.206,0.64
291.305,0.64
291.406,0.64
291.505,0.64
291.606,0.64
291.705,0.64
291.806,0.64
291.905,0.64
292.006,0.64
292.105,0.64
292.206,0.64
292.305,0.64
292.406,0.64
292.505,0.64
292.606,0.64
292.705,0.64
292.807,0.64
292.905,0.64
293.006,0.64
293.105,0.64
293.206,0.64
293.305,0.64
293.406,0.64
293.505,0.64
293.607,0.64
293.705,0.64
293.806,0.64
293.905,0.64
294.006,0.64
294.105,0.64
294.206,0.64
294.305,0.64
294.406,0.64
294.505,0.64
294.606,0.64
294.705,0.64
294.807,0.64
294.905,0.64
295.006,0.64
295.105,0.64
295.206,0.64
295.305,0.64
295.407,0.64
295.505,0.64
295.606,0.64
295.705,0.64
295.807,0.64
295.905,0.64
296.006,0.64
296.105,0.64
296.206,0.64
296.305,0.64
296.406,0.64
296.505,0.64
296.607,0.64
296.705,0.64
296.806,0.64
296.905,0.64
297.006,0.64
297.105,0.64
297.206,0.64
297.305,0.64
297.406,0.64
297.505,0.64
297.607,0.64
297.705,0.64
297.806,0.64
297.905,0.64
298.007,0.64
298.105,0.64
298.206,0.64
298.305,0.64
298.407,0.64
298.505,0.64
298.606,0.64
298.705,0.64
298.807,0.64
298.905,0.64
299.007,0.64
299.105,0.64
299.207,0.64
299.305,0.64
299.406,0.64
299.505,0.64
299.606,0.64
299.705,0.64
299.806,0.64
299.905,0.64
300.006,0.64
300.105,0.64
300.206,0.64
300.305,0.64
300.407,0.64
300.505,0.64
300.606,0.64
300.705,0.64
300.806,0.64
300.905,0.64
301.006,0.64
301.105,0.64
301.206,0.64
301.305,0.64
301.407,0.64
301.505,0.64
301.606,0.64
301.705,0.64
301.806,0.64
301.905,0.64
302.006,0.64
302.105,0.64
302.206,0.64
302.305,0.64
302.406,0.64
302.505,0.64
302.606,0.64
302.705,0.64
302.806,0.64
302.905,0.64
303.006,0.64
303.105,0.64
303.206,0.64
303.305,0.64
303.406,0.64
303.505,0.64
303.607,0.64
303.705,0.64
303.806,0.64
303.905,0.64
304.006,0.64
304.105,0.64
304.206,0.64
304.305,0.64
304.406,0.64
304.505,0.64
304.606,0.64
304.705,0.64
304.806,0.64
304.905,0.64
305.006,0.64
305.105,0.64
305.206,0.64
305.305,0.64
305.406,0.64
305.505,0.64
305.606,0.64
305.705,0.64
305.806,0.64
305.905,0.64
306.006,0.64
306.105,0.64
306.206,0.64
306.305,0.64
306.406,0.64
306.505,0.64
306.606,0.64
306.705,0.64
306.807,0.64
306.905,0.64
307.007,0.64
307.105,0.64
307.206,0.64
307.305,0.64
307.406,0.64
307.505,0.64
307.606,0.64
307.705,0.64
307.806,0.64
307.905,0.64
308.006,0.64
308.105,0.64
308.206,0.64
308.305,0.64
308.406,0.64
308.505,0.64
308.606,0.64
308.705,0.64
308.806,0.64
308.905,0.64
309.006,0.64
309.105,0.64
309.206,0.64
309.305,0.64
309.406,0.64
309.505,0.64
309.606,0.64
309.705,0.64
309.806,0.64
309.905,0.64
310.006,0.64
310.105,0.64
310.206,0.64
310.305,0.64
310.406,0.64
310.505,0.64
310.606,0.64
310.705,0.64
310.806,0.64
310.905,0.64
311.007,0.64
311.105,0.64
311.206,0.64
311.305,0.64
311.406,0.64
311.505,0.64
311.606,0.64
311.705,0.64
311.807,0.64
311.905,0.64
312.007,0.64
312.105,0.64
312.206,0.64
312.305,0.64
312.406,0.64
312.505,0.64
312.606,0.64
312.705,0.64
312.806,0.64
312.905,0.64
313.006,0.64
313.105,0.64
313.206,0.64
313.305,0.64
313.406,0.64
313.505,0.64
313.606,0.64
313.705,0.64
313.806,0.64
313.905,0.64
314.006,0.64
314.105,0.64
314.206,0.64
314.305,0.64
314.406,0.64
314.505,0.64
314.606,0.64
314.705,0.64
314.806,0.64
314.905,0.64
315.006,0.64
315.105,0.64
315.206,0.64
315.305,0.64
315.406,0.64
315.505,0.64
315.606,0.64
315.705,0.64
315.806,0.64
315.905,0.64
316.006,0.64
316.105,0.64
316.206,0.64
316.305,0.64
316.406,0.64
316.505,0.64
316.606,0.64
316.705,0.64
316.806,0.64
316.905,0.64
317.007,0.64
317.105,0.64
317.206,0.64
317.305,0.64
317.406,0.64
317.505,0.64
317.606,0.64
317.705,0.64
317.806,0.64
317.905,0.64
318.006,0.64
318.105,0.64
318.206,0.64
318.305,0.64
318.406,0.64
318.505,0.64
318.607,0.64
318.705,0.64
318.806,0.64
318.905,0.64
319.007,0.64
319.105,0.64
319.206,0.64
319.305,0.64
319.406,0.64
319.505,0.64
319.607,0.64
319.705,0.64
319.807,0.64
319.905,0.64
320.007,0.64
320.105,0.64
320.206,0.64
320.305,0.64
320.406,0.64
320.505,0.64
320.607,0.64
320.705,0.64
320.806,0.64
320.905,0.64
321.007,0.64
321.105,0.64
321.207,0.64
321.305,0.64
321.406,0.64
321.505,0.64
321.606,0.64
321.705,0.64
321.806,0.64
321.905,0.64
322.007,0.64
322.105,0.64
322.206,0.64
322.305,0.64
322.406,0.64
322.505,0.64
322.606,0.64
322.705,0.64
322.806,0.64
322.905,0.64
323.007,0.64
323.105,0.64
323.206,0.64
323.305,0.64
323.406,0.64
323.505,0.64
323.606,0.64
323.705,0.64
323.806,0.64
323.905,0.64
324.006,0.64
324.105,0.64
324.206,0.64
324.305,0.64
324.406,0.64
324.505,0.64
324.606,0.64
324.705,0.64
324.806,0.64
324.905,0.64
325.006,0.64
325.105,0.64
325.206,0.64
325.305,0.64
325.406,0.64
325.505,0.64
325.606,0.64
325.705,0.64
325.806,0.64
325.905,0.64
326.006,0.64
326.105,0.64
326.206,0.64
326.305,0.64
326.406,0.64
326.505,0.64
326.606,0.64
326.705,0.64
326.806,0.64
326.905,0.64
327.006,0.64
327.105,0.64
327.206,0.64
327.305,0.64
327.406,0.64
327.505,0.64
327.606,0.64
327.705,0.64
327.805,0.64
327.905,0.64
328.006,0.64
328.105,0.64
328.206,0.64
328.305,0.64
328.405,0.64
328.505,0.64
328.606,0.64
328.705,0.64
328.806,0.64
328.905,0.64
329.006,0.64
329.105,0.64
329.207,0.64
329.305,0.64
329.406,0.64
329.505,0.64
329.606,0.64
329.705,0.64
329.806,0.64
329.905,0.64
330.006,0.64
330.105,0.64
330.206,0.64
330.305,0.64
330.405,0.64
330.505,0.64
330.606,0.64
330.705,0.64
330.807,0.64
330.905,0.64
331.006,0.64
331.105,0.64
331.206,0.64
331.305,0.64
331.407,0.64
331.505,0.64
331.606,0.64
331.705,0.64
331.806,0.64
331.905,0.64
332.006,0.64
332.105,0.64
332.206,0.64
332.305,0.64
332.406,0.64
332.505,0.64
332.606,0.64
332.705,0.64
332.807,0.64
332.905,0.64
333.006,0.64
333.105,0.64
333.206,0.64
333.305,0.64
333.406,0.64
333.505,0.64
333.606,0.64
333.705,0.64
333.806,0.64
333.905,0.64
334.006,0.64
334.105,0.64
334.206,0.64
334.305,0.64
334.406,0.64
334.505,0.64
334.606,0.64
334.705,0.64
334.806,0.64
334.905,0.64
335.006,0.64
335.105,0.64
335.206,0.64
335.305,0.64
335.406,0.64
335.505,0.64
335.605,0.64
335.705,0.64
335.806,0.64
335.905,0.64
336.007,0.64
336.105,0.64
336.206,0.64
336.305,0.64
336.406,0.64
336.505,0.64
336.606,0.64
336.705,0.64
336.806,0.64
336.905,0.64
337.006,0.64
337.105,0.64
337.206,0.64
337.305,0.64
337.406,0.64
337.505,0.64
337.606,0.64
337.705,0.64
337.806,0.64
337.905,0.64
338.005,0.64
338.105,0.64
338.206,0.64
338.305,0.64
338.405,0.64
338.505,0.64
338.605,0.64
338.705,0.64
338.807,0.64
338.905,0.64
339.007,0.64
339.105,0.64
339.206,0.64
339.305,0.64
339.406,0.64
339.505,0.64
339.606,0.64
339.705,0.64
339.807,0.64
339.905,0.64
340.007,0.64
340.105,0.64
340.207,0.64
340.305,0.64
340.407,0.64
340.505,0.64
340.606,0.64
340.705,0.64
340.806,0.64
340.905,0.64
341.006,0.64
341.105,0.64
341.207,0.64
341.305,0.64
341.407,0.64
341.505,0.64
341.607,0.64
341.705,0.64
341.805,0.64
341.905,0.64
342.007,0.64
342.105,0.64
342.206,0.64
342.306,0.64
342.407,0.64
342.505,0.64
342.607,0.64
342.705,0.64
342.807,0.64
342.905,0.64
343.007,0.64
343.105,0.64
343.207,0.64
343.305,0.64
343.407,0.64
343.505,0.64
343.607,0.64
343.705,0.64
343.807,0.64
343.905,0.64
344.006,0.64
344.105,0.64
344.207,0.64
344.305,0.64
344.406,0.64
344.505,0.64
344.606,0.64
344.705,0.64
344.807,0.64
344.905,0.64
345.007,0.64
345.105,0.64
345.207,0.64
345.305,0.64
345.406,0.64
345.505,0.64
345.607,0.64
345.705,0.64
345.807,0.64
345.905,0.64
346.007,0.64
346.105,0.64
346.207,0.64
346.305,0.64
346.407,0.64
346.505,0.64
346.607,0.64
346.705,0.64
346.807,0.64
346.905,0.64
347.006,0.64
347.105,0.64
347.207,0.64
347.305,0.64
347.407,0.64
347.505,0.64
347.605,0.64
347.705,0.64
347.807,0.64
347.905,0.64
348.007,0.64
348.105,0.64
348.207,0.64
348.305,0.64
348.407,0.64
348.505,0.64
348.605,0.64
348.705,0.64
348.806,0.64
348.905,0.64
349.005,0.64
349.105,0.64
349.207,0.64
349.305,0.64
349.406,0.64
349.505,0.64
349.606,0.64
349.705,0.64
349.807,0.64
349.905,0.64
350.005,0.64
350.105,0.64
350.205,0.64
350.305,0.64
350.405,0.64
350.505,0.64
350.607,0.64
350.705,0.64
350.805,0.64
350.905,0.64
351.005,0.64
351.105,0.64
351.205,0.64
351.305,0.64
351.407,0.64
351.505,0.64
351.607,0.64
351.705,0.64
351.807,0.64
351.905,0.64
352.006,0.64
352.105,0.64
352.205,0.64
352.305,0.64
352.407,0.64
352.505,0.64
352.605,0.64
352.705,0.64
352.807,0.64
352.905,0.64
353.007,0.64
353.105,0.64
353.207,0.64
353.305,0.64
353.407,0.64
353.505,0.64
353.607,0.64
353.705,0.64
353.807,0.64
353.905,0.64
354.007,0.64
354.105,0.65
354.207,0.64
354.305,0.64
354.405,0.64
354.505,0.64
354.605,0.64
354.705,0.64
354.807,0.64
354.905,0.64
355.006,0.64
355.105,0.64
355.206,0.64
355.305,0.64
355.406,0.64
355.505,0.65
355.606,0.64
355.705,0.64
355.806,0.64
355.905,0.64
356.006,0.64
356.105,0.65
356.206,0.64
356.305,0.65
356.406,0.64
356.505,0.64
356.605,0.64
356.705,0.64
356.805,0.64
356.905,0.64
357.005,0.65
357.105,0.65
357.206,0.65
357.305,0.65
357.405,0.65
357.505,0.65
357.607,0.65
357.705,0.64
357.805,0.65
357.905,0.65
358.005,0.64
358.105,0.64
358.207,0.65
358.306,0.65
358.407,0.65
358.505,0.65
358.605,0.65
358.706,0.64
358.805,0.64
358.906,0.64
359.005,0.64
359.105,0.64
359.205,0.65
359.306,0.65
359.405,0.65
359.505,0.64
359.605,0.64
359.706,0.65
359.805,0.65
359.905,0.65
360.005,0.65
360.105,0.65
360.205,0.65
360.305,0.65
360.405,0.65
360.505,0.65
360.605,0.65
360.705,0.65
360.805,0.65
360.905,0.65
361.005,0.65
361.105,0.65
361.205,0.65
361.305,0.65
361.405,0.65
361.505,0.65
361.607,0.65
361.705,0.65
361.805,0.65
361.905,0.65
362.005,0.65
362.105,0.65
362.205,0.65
362.305,0.65
362.405,0.65
362.505,0.65
362.605,0.65
362.705,0.65
362.805,0.65
362.905,0.65
363.006,0.65
363.105,0.65
363.205,0.65
363.305,0.65
363.406,0.65
363.505,0.65
363.605,0.65
363.705,0.65
363.806,0.65
363.905,0.65
364.006,0.65
364.105,0.65
364.206,0.65
364.305,0.65
364.406,0.64
364.505,0.65
364.605,0.65
364.705,0.65
364.807,0.65
364.905,0.65
365.005,0.65
365.105,0.65
365.207,0.65
365.305,0.65
365.406,0.65
365.505,0.65
365.607,0.65
365.705,0.65
365.807,0.65
365.905,0.65
366.007,0.65
366.105,0.65
366.207,0.65
366.305,0.65
366.406,0.65
366.505,0.65
366.605,0.65
366.705,0.65
366.807,0.65
366.905,0.65
367.007,0.65
367.105,0.65
367.207,0.65
367.305,0.65
367.407,0.65
367.505,0.65
367.607,0.65
367.705,0.65
367.807,0.65
367.905,0.65
368.007,0.65
368.105,0.65
368.205,0.65
368.305,0.65
368.407,0.65
368.505,0.65
368.607,0.65
368.705,0.65
368.806,0.65
368.905,0.65
369.006,0.65
369.105,0.65
369.206,0.65
369.305,0.65
369.406,0.65
369.505,0.65
369.606,0.65
369.705,0.65
369.806,0.65
369.905,0.65
370.006,0.65
370.105,0.65
370.206,0.65
370.305,0.65
370.405,0.65
370.505,0.65
370.605,0.65
370.705,0.65
370.805,0.65
370.905,0.65
371.005,0.65
371.105,0.65
371.205,0.65
371.305,0.65
371.406,0.65
371.505,0.65
371.606,0.65
371.705,0.65
371.805,0.65
371.905,0.65
372.005,0.65
372.105,0.65
372.205,0.65
372.305,0.65
372.406,0.65
372.505,0.65
372.606,0.65
372.705,0.65
372.807,0.65
372.905,0.65
373.007,0.65
373.105,0.65
373.206,0.65
373.305,0.65
373.406,0.65
373.505,0.65
373.606,0.65
373.705,0.65
373.806,0.65
373.905,0.65
374.006,0.65
374.105,0.65
374.206,0.65
374.305,0.65
374.405,0.65
374.505,0.65
374.605,0.65
374.705,0.65
374.805,0.65
374.905,0.65
375.005,0.65
375.105,0.65
375.205,0.65
375.305,0.65
375.405,0.65
375.505,0.65
375.605,0.65
375.705,0.65
375.805,0.65
375.905,0.65
376.005,0.65
376.105,0.65
376.205,0.65
376.305,0.65
376.406,0.65
376.505,0.65
376.605,0.65
376.705,0.65
376.806,0.65
376.905,0.65
377.005,0.65
377.105,0.65
377.205,0.65
377.305,0.65
377.405,0.65
377.505,0.65
377.605,0.65
377.705,0.65
377.805,0.65
377.905,0.65
378.005,0.65
378.105,0.65
378.207,0.65
378.305,0.65
378.405,0.65
378.505,0.65
378.605,0.65
378.705,0.65
378.805,0.65
378.905,0.65
379.005,0.65
379.105,0.65
379.205,0.65
379.305,0.65
379.405,0.65
379.505,0.65
379.607,0.65
379.705,0.65
379.805,0.65
379.905,0.65
380.005,0.65
380.105,0.65
380.205,0.65
380.305,0.65
380.405,0.65
380.505,0.65
380.605,0.65
380.705,0.65
380.805,0.65
380.905,0.65
381.005,0.65
381.105,0.65
381.205,0.65
381.305,0.65
381.405,0.65
381.505,0.65
381.605,0.65
381.705,0.65
381.805,0.65
381.905,0.65
382.005,0.65
382.105,0.65
382.205,0.65
382.305,0.65
382.406,0.65
382.505,0.65
382.606,0.65
382.705,0.65
382.806,0.65
382.905,0.65
383.006,0.65
383.105,0.65
383.206,0.65
383.305,0.65
383.406,0.65
383.505,0.65
383.605,0.65
383.705,0.65
383.806,0.65
383.905,0.65
384.006,0.65
384.105,0.65
384.206,0.65
384.305,0.65
384.405,0.65
384.505,0.65
384.606,0.65
384.705,0.65
384.806,0.65
384.905,0.65
385.005,0.65
385.105,0.65
385.207,0.65
385.305,0.65
385.405,0.65
385.505,0.65
385.605,0.65
385.705,0.65
385.805,0.65
385.905,0.65
386.005,0.65
386.105,0.65
386.205,0.65
386.305,0.65
386.405,0.65
386.505,0.65
386.605,0.65
386.705,0.65
386.805,0.65
386.905,0.65
387.005,0.65
387.105,0.65
387.205,0.65
387.305,0.65
387.405,0.65
387.505,0.65
387.605,0.65
387.705,0.65
387.805,0.65
387.905,0.65
388.005,0.65
388.105,0.65
388.205,0.65
388.305,0.65
388.405,0.65
388.505,0.65
388.605,0.65
388.705,0.65
388.805,0.65
388.905,0.65
389.005,0.65
389.105,0.65
389.205,0.65
389.305,0.65
389.405,0.65
389.505,0.65
389.605,0.65
389.705,0.65
389.805,0.65
389.905,0.65
390.005,0.65
390.105,0.65
390.205,0.65
390.305,0.65
390.405,0.65
390.505,0.65
390.605,0.65
390.705,0.65
390.805,0.65
390.905,0.65
391.005,0.65
391.105,0.65
391.205,0.65
391.305,0.65
391.405,0.65
391.505,0.65
391.605,0.65
391.705,0.65
391.805,0.65
391.905,0.65
392.005,0.65
392.105,0.65
392.205,0.65
392.305,0.65
392.405,0.65
392.505,0.65
392.605,0.65
392.705,0.65
392.805,0.65
392.905,0.65
393.005,0.65
393.105,0.65
393.205,0.65
393.305,0.65
393.405,0.65
393.505,0.65
393.605,0.65
393.705,0.65
393.805,0.65
393.905,0.65
394.005,0.65
394.105,0.65
394.205,0.65
394.305,0.65
394.405,0.65
394.505,0.65
394.605,0.65
394.705,0.65
394.805,0.65
394.905,0.65
395.005,0.65
395.105,0.65
395.205,0.65
395.305,0.65
395.405,0.65
395.505,0.65
395.605,0.65
395.705,0.65
395.806,0.65
395.905,0.65
396.006,0.65
396.105,0.65
396.205,0.65
396.305,0.65
396.405,0.65
396.505,0.65
396.605,0.65
396.705,0.65
396.805,0.65
396.905,0.65
397.005,0.65
397.105,0.65
397.205,0.65
397.305,0.65
397.405,0.65
397.505,0.65
397.605,0.65
397.705,0.65
397.806,0.65
397.905,0.65
398.005,0.65
398.105,0.65
398.206,0.65
398.305,0.65
398.405,0.65
398.505,0.65
398.606,0.65
398.705,0.65
398.805,0.65
398.905,0.65
399.005,0.65
399.105,0.65
399.205,0.65
399.305,0.65
399.406,0.65
399.505,0.65
399.605,0.65
399.705,0.65
399.805,0.65
399.905,0.65
400.005,0.65
400.105,0.65
400.205,0.65
400.305,0.65
400.405,0.65
400.505,0.65
400.606,0.65
400.705,0.65
400.805,0.65
400.905,0.65
401.006,0.65
401.105,0.65
401.205,0.65
401.305,0.65
401.405,0.65
401.505,0.65
401.605,0.65
401.705,0.65
401.805,0.65
401.905,0.65
402.005,0.65
402.105,0.65
402.205,0.65
402.305,0.65
402.405,0.65
402.505,0.65
402.605,0.65
402.705,0.65
402.805,0.65
402.905,0.65
403.005,0.65
403.105,0.65
403.205,0.65
403.305,0.65
403.405,0.65
403.505,0.65
403.605,0.65
403.705,0.65
403.805,0.65
403.905,0.65
404.005,0.65
404.105,0.65
404.205,0.65
404.305,0.65
404.405,0.65
404.505,0.65
404.605,0.65
404.705,0.65
404.805,0.65
404.905,0.65
405.005,0.65
405.105,0.65
405.205,0.65
405.305,0.65
405.405,0.65
405.505,0.65
405.605,0.65
405.705,0.65
405.805,0.65
405.905,0.65
406.005,0.65
406.105,0.65
406.205,0.65
406.305,0.65
406.405,0.65
406.505,0.65
406.605,0.65
406.705,0.65
406.805,0.65
406.905,0.65
407.005,0.65
407.105,0.65
407.205,0.65
407.305,0.65
407.406,0.65
407.505,0.65
407.606,0.65
407.705,0.65
407.805,0.65
407.905,0.65
408.005,0.65
408.105,0.65
408.205,0.65
408.305,0.65
408.405,0.65
408.505,0.65
408.606,0.65
408.705,0.65
408.806,0.65
408.905,0.65
409.006,0.65
409.105,0.65
409.205,0.65
409.305,0.65
409.405,0.65
409.505,0.65
409.605,0.65
409.705,0.65
409.805,0.65
409.905,0.65
410.005,0.65
410.105,0.65
410.205,0.65
410.305,0.65
410.405,0.65
410.505,0.65
410.605,0.65
410.705,0.65
410.805,0.65
410.905,0.65
411.006,0.65
411.105,0.65
411.206,0.65
411.305,0.65
411.405,0.65
411.505,0.65
411.605,0.65
411.705,0.65
411.805,0.65
411.905,0.65
412.005,0.65
412.105,0.65
412.205,0.65
412.305,0.65
412.405,0.65
412.505,0.65
412.605,0.65
412.705,0.65
412.805,0.65
412.905,0.65
413.005,0.65
413.105,0.65
413.205,0.65
413.305,0.65
413.405,0.65
413.505,0.65
413.605,0.65
413.705,0.65
413.805,0.65
413.905,0.65
414.005,0.65
414.105,0.65
414.205,0.65
414.305,0.65
414.405,0.65
414.505,0.65
414.605,0.65
414.705,0.65
414.805,0.65
414.905,0.65
415.005,0.65
415.105,0.65
415.205,0.65
415.305,0.65
415.405,0.65
415.505,0.65
415.605,0.65
415.705,0.65
415.805,0.65
415.905,0.65
416.005,0.65
416.105,0.65
416.205,0.65
416.305,0.65
416.405,0.65
416.505,0.65
416.605,0.65
416.705,0.65
416.805,0.65
416.905,0.65
417.005,0.65
417.105,0.65
417.205,0.65
417.305,0.65
417.405,0.65
417.505,0.65
417.605,0.65
417.705,0.65
417.805,0.65
417.905,0.65
418.005,0.65
418.105,0.65
418.205,0.65
418.305,0.65
418.405,0.65
418.505,0.65
418.605,0.65
418.705,0.65
418.805,0.65
418.905,0.65
419.005,0.65
419.105,0.65
419.205,0.65
419.305,0.65
419.405,0.65
419.505,0.65
419.605,0.65
419.705,0.65
419.805,0.65
419.905,0.65
420.005,0.65
420.105,0.65
420.205,0.65
420.305,0.65
420.405,0.65
420.505,0.65
420.605,0.65
420.705,0.65
420.805,0.65
420.905,0.65
421.005,0.65
421.105,0.65
421.205,0.65
421.305,0.65
421.405,0.65
421.505,0.65
421.605,0.65
421.705,0.65
421.805,0.65
421.905,0.65
422.005,0.65
422.105,0.65
422.205,0.65
422.305,0.65
422.405,0.65
422.505,0.65
422.605,0.65
422.705,0.65
422.806,0.65
422.905,0.65
423.006,0.65
423.105,0.65
423.205,0.65
423.305,0.65
423.405,0.65
423.505,0.65
423.605,0.65
423.705,0.65
423.805,0.65
423.905,0.65
424.005,0.65
424.105,0.65
424.205,0.65
424.305,0.65
424.405,0.65
424.505,0.65
424.605,0.65
424.705,0.65
424.805,0.65
424.905,0.65
425.005,0.65
425.105,0.65
425.205,0.65
425.305,0.65
425.405,0.65
425.505,0.65
425.605,0.65
425.705,0.65
425.805,0.65
425.905,0.65
426.005,0.65
426.105,0.65
426.205,0.65
426.305,0.65
426.406,0.65
426.505,0.65
426.605,0.65
426.705,0.65
426.805,0.65
426.905,0.65
427.005,0.65
427.105,0.65
427.206,0.65
427.305,0.65
427.405,0.65
427.505,0.65
427.605,0.65
427.705,0.65
427.805,0.65
427.905,0.65
428.005,0.65
428.105,0.65
428.205,0.65
428.305,0.65
428.405,0.65
428.505,0.65
428.605,0.65
428.705,0.65
428.805,0.65
428.905,0.65
429.005,0.65
429.105,0.65
429.205,0.65
429.305,0.65
429.405,0.65
429.505,0.65
429.605,0.65
429.705,0.65
429.805,0.65
429.905,0.65
430.005,0.65
430.105,0.65
430.206,0.65
430.305,0.65
430.406,0.65
430.505,0.65
430.605,0.65
430.705,0.65
430.806,0.65
430.905,0.65
431.005,0.65
431.105,0.65
431.205,0.65
431.305,0.65
431.405,0.65
431.505,0.65
431.605,0.65
431.705,0.65
431.805,0.65
431.905,0.65
432.005,0.65
432.105,0.65
432.205,0.65
432.305,0.65
432.405,0.65
432.505,0.65
432.605,0.65
432.705,0.65
432.805,0.65
432.905,0.65
433.005,0.65
433.105,0.65
433.205,0.65
433.305,0.65
433.407,0.65
433.505,0.65
433.605,0.65
433.705,0.65
433.805,0.65
433.905,0.65
434.005,0.65
434.105,0.65
434.205,0.65
434.305,0.65
434.405,0.65
434.505,0.65
434.605,0.65
434.705,0.65
434.805,0.65
434.905,0.65
435.005,0.65
435.105,0.65
435.205,0.65
435.305,0.65
435.405,0.65
435.505,0.65
435.605,0.65
435.705,0.65
435.805,0.65
435.905,0.65
436.005,0.65
436.105,0.65
436.205,0.65
436.305,0.65
436.405,0.65
436.505,0.65
436.605,0.65
436.705,0.65
436.805,0.65
436.905,0.65
437.005,0.65
437.105,0.65
437.205,0.65
437.305,0.65
437.405,0.65
437.505,0.65
437.605,0.65
437.705,0.65
437.805,0.65
437.905,0.65
438.005,0.65
438.105,0.65
438.205,0.65
438.305,0.65
438.406,0.65
438.505,0.65
438.605,0.65
438.705,0.65
438.805,0.65
438.905,0.65
439.005,0.65
439.105,0.65
439.205,0.65
439.305,0.65
439.405,0.65
439.505,0.65
439.606,0.65
439.705,0.65
439.805,0.65
439.905,0.65
440.005,0.65
440.105,0.65
440.205,0.65
440.305,0.65
440.405,0.65
440.505,0.65
440.606,0.65
440.705,0.65
440.805,0.65
440.905,0.65
441.005,0.65
441.105,0.65
441.206,0.65
441.305,0.65
441.405,0.65
441.505,0.65
441.605,0.65
441.705,0.65
441.805,0.65
441.905,0.65
442.005,0.65
442.105,0.65
442.205,0.65
442.305,0.65
442.405,0.65
442.505,0.65
442.605,0.65
442.705,0.65
442.805,0.65
442.905,0.65
443.006,0.65
443.105,0.65
443.205,0.65
443.305,0.65
443.405,0.65
443.505,0.65
443.605,0.65
443.705,0.65
443.805,0.65
443.905,0.65
444.005,0.65
444.105,0.65
444.205,0.65
444.305,0.65
444.405,0.65
444.505,0.65
444.605,0.65
444.705,0.65
444.806,0.65
444.905,0.65
445.005,0.65
445.105,0.65
445.205,0.65
445.305,0.65
445.405,0.65
445.505,0.65
445.605,0.65
445.705,0.65
445.805,0.65
445.905,0.65
446.005,0.65
446.106,0.65
446.205,0.65
446.305,0.65
446.405,0.65
446.505,0.65
446.605,0.65
446.705,0.65
446.805,0.65
446.905,0.65
447.005,0.65
447.105,0.65
447.205,0.65
447.305,0.65
447.405,0.65
447.505,0.65
447.605,0.65
447.705,0.65
447.805,0.65
447.905,0.65
448.005,0.65
448.105,0.65
448.205,0.65
448.305,0.65
448.405,0.65
448.505,0.65
448.605,0.65
448.705,0.65
448.805,0.65
448.905,0.65
449.005,0.65
449.105,0.65
449.205,0.65
449.305,0.65
449.405,0.65
449.505,0.65
449.605,0.65
449.705,0.65
449.805,0.65
449.905,0.65
450.005,0.65
450.105,0.65
450.205,0.65
450.305,0.65
450.405,0.65
450.505,0.65
450.605,0.65
450.705,0.65
450.805,0.65
450.905,0.65
451.005,0.65
451.105,0.65
451.205,0.65
451.305,0.65
451.405,0.65
451.505,0.65
451.605,0.65
451.705,0.65
451.805,0.65
451.905,0.65
452.006,0.65
452.105,0.65
452.205,0.65
452.305,0.65
452.406,0.65
452.505,0.65
452.606,0.65
452.705,0.65
452.805,0.65
452.905,0.65
453.005,0.65
453.105,0.65
453.206,0.65
453.305,0.65
453.405,0.65
453.505,0.65
453.605,0.65
453.705,0.65
453.805,0.65
453.905,0.65
454.005,0.65
454.105,0.65
454.205,0.65
454.305,0.65
454.405,0.65
454.505,0.65
454.605,0.65
454.705,0.65
454.805,0.65
454.905,0.65
455.005,0.65
455.105,0.65
455.205,0.65
455.305,0.65
455.405,0.65
455.505,0.65
455.605,0.65
455.705,0.65
455.805,0.65
455.905,0.65
456.005,0.65
456.105,0.65
456.205,0.65
456.305,0.65
456.405,0.65
456.505,0.65
456.605,0.65
456.705,0.65
456.805,0.65
456.905,0.65
457.005,0.65
457.106,0.65
457.205,0.65
457.305,0.65
457.405,0.65
457.505,0.65
457.605,0.65
457.705,0.65
457.805,0.65
457.905,0.65
458.005,0.65
458.105,0.65
458.206,0.65
458.305,0.65
458.405,0.65
458.505,0.65
458.605,0.65
458.705,0.65
458.805,0.65
458.905,0.65
459.005,0.65
459.105,0.65
459.205,0.65
459.305,0.65
459.406,0.65
459.505,0.65
459.605,0.65
459.705,0.65
459.805,0.65
459.905,0.65
460.005,0.65
460.105,0.65
460.205,0.65
460.305,0.65
460.405,0.65
460.505,0.65
460.605,0.65
460.705,0.65
460.805,0.65
460.905,0.65
461.005,0.65
461.105,0.65
461.205,0.65
461.305,0.65
461.405,0.65
461.505,0.65
461.605,0.65
461.705,0.65
461.805,0.65
461.906,0.65
462.005,0.65
462.106,0.65
462.205,0.65
462.305,0.65
462.405,0.65
462.505,0.65
462.605,0.65
462.706,0.65
462.805,0.65
462.906,0.65
463.005,0.65
463.106,0.65
463.205,0.65
463.306,0.65
463.405,0.65
463.506,0.65
463.605,0.65
463.705,0.65
463.805,0.65
463.905,0.65
464.005,0.65
464.105,0.65
464.205,0.65
464.305,0.65
464.405,0.65
464.505,0.65
464.605,0.65
464.705,0.65
464.805,0.65
464.905,0.65
465.005,0.65
465.105,0.65
465.205,0.65
465.305,0.65
465.405,0.65
465.506,0.65
465.605,0.65
465.706,0.65
465.805,0.65
465.905,0.65
466.005,0.65
466.105,0.65
466.205,0.65
466.305,0.65
466.405,0.65
466.506,0.65
466.605,0.65
466.705,0.65
466.805,0.65
466.906,0.65
467.005,0.65
467.106,0.65
467.206,0.65
467.306,0.65
467.405,0.65
467.505,0.65
467.605,0.65
467.705,0.65
467.805,0.65
467.905,0.65
468.005,0.65
468.106,0.65
468.205,0.65
468.305,0.65
468.405,0.65
468.505,0.65
468.605,0.65
468.705,0.65
468.805,0.65
468.905,0.65
469.005,0.65
469.105,0.65
469.205,0.65
469.305,0.65
469.405,0.65
469.505,0.65
469.605,0.65
469.705,0.65
469.805,0.65
469.905,0.65
470.005,0.65
470.105,0.65
470.205,0.65
470.305,0.65
470.405,0.65
470.505,0.65
470.605,0.65
470.705,0.65
470.805,0.65
470.905,0.65
471.005,0.65
471.105,0.65
471.205,0.65
471.305,0.65
471.405,0.65
471.505,0.65
471.605,0.65
471.705,0.65
471.805,0.65
471.905,0.65
472.005,0.65
472.105,0.65
472.205,0.65
472.305,0.65
472.405,0.65
472.505,0.65
472.605,0.65
472.705,0.65
472.805,0.65
472.905,0.65
473.005,0.65
473.105,0.65
473.205,0.65
473.305,0.65
473.405,0.65
473.505,0.65
473.605,0.65
473.705,0.65
473.805,0.65
473.905,0.65
474.005,0.65
474.105,0.65
474.205,0.65
474.305,0.65
474.405,0.65
474.505,0.65
474.605,0.65
474.705,0.65
474.805,0.65
474.905,0.65
475.005,0.65
475.105,0.65
475.205,0.65
475.305,0.65
475.405,0.65
475.505,0.65
475.605,0.65
475.705,0.65
475.805,0.65
475.905,0.65
476.005,0.65
476.105,0.65
476.205,0.65
476.305,0.65
476.405,0.65
476.505,0.65
476.605,0.65
476.705,0.65
476.805,0.65
476.905,0.65
477.005,0.65
477.105,0.65
477.205,0.65
477.305,0.65
477.405,0.65
477.505,0.65
477.605,0.65
477.705,0.65
477.805,0.65
477.905,0.65
478.005,0.65
478.105,0.65
478.205,0.65
478.305,0.65
478.405,0.65
478.505,0.65
478.605,0.65
478.706,0.65
478.805,0.65
478.905,0.65
479.005,0.65
479.105,0.65
479.205,0.65
479.305,0.65
479.405,0.65
479.505,0.65
479.605,0.65
479.705,0.65
479.805,0.65
479.905,0.65
480.005,0.65
480.105,0.65
480.205,0.65
480.305,0.65
480.405,0.65
480.505,0.65
480.605,0.65
480.705,0.65
480.805,0.65
480.905,0.65
481.005,0.65
481.105,0.65
481.205,0.65
481.305,0.65
481.405,0.65
481.505,0.65
481.605,0.65
481.705,0.65
481.805,0.65
481.905,0.65
482.005,0.65
482.105,0.65
482.205,0.65
482.305,0.65
482.405,0.65
482.505,0.65
482.605,0.65
482.705,0.65
482.805,0.65
482.905,0.65
483.005,0.65
483.105,0.65
483.205,0.65
483.305,0.65
483.405,0.65
483.505,0.65
483.605,0.65
483.705,0.65
483.805,0.65
483.905,0.65
484.005,0.65
484.105,0.65
484.205,0.65
484.306,0.65
484.405,0.65
484.505,0.65
484.605,0.65
484.705,0.65
484.805,0.65
484.905,0.65
485.005,0.65
485.105,0.65
485.205,0.65
485.305,0.65
485.405,0.65
485.505,0.65
485.605,0.65
485.705,0.65
485.805,0.65
485.905,0.65
486.005,0.65
486.105,0.65
486.205,0.65
486.305,0.65
486.405,0.65
486.505,0.65
486.605,0.65
486.705,0.65
486.805,0.65
486.905,0.65
487.005,0.65
487.105,0.65
487.205,0.65
487.305,0.65
487.405,0.65
487.505,0.65
487.605,0.65
487.705,0.65
487.805,0.65
487.905,0.65
488.005,0.65
488.105,0.65
488.205,0.65
488.305,0.65
488.405,0.65
488.505,0.65
488.605,0.65
488.705,0.65
488.805,0.65
488.905,0.65
489.005,0.65
489.105,0.65
489.205,0.65
489.305,0.65
489.405,0.65
489.505,0.65
489.605,0.65
489.705,0.65
489.805,0.65
489.905,0.65
490.005,0.65
490.105,0.65
490.205,0.65
490.305,0.65
490.405,0.65
490.505,0.65
490.605,0.65
490.705,0.65
490.805,0.65
490.905,0.65
491.005,0.65
491.105,0.65
491.205,0.65
491.305,0.65
491.405,0.65
491.505,0.65
491.606,0.65
491.705,0.65
491.805,0.65
491.905,0.65
492.005,0.65
492.105,0.65
492.205,0.65
492.305,0.65
492.405,0.65
492.505,0.65
492.605,0.65
492.705,0.65
492.805,0.65
492.905,0.65
493.005,0.65
493.105,0.65
493.205,0.65
493.305,0.65
493.405,0.65
493.505,0.65
493.605,0.65
493.705,0.65
493.805,0.65
493.905,0.65
494.005,0.65
494.105,0.65
494.205,0.65
494.305,0.65
494.405,0.65
494.505,0.65
494.605,0.65
494.705,0.65
494.805,0.65
494.905,0.65
495.005,0.65
495.105,0.65
495.205,0.65
495.305,0.65
495.405,0.65
495.505,0.65
495.605,0.65
495.705,0.65
495.805,0.65
495.905,0.65
496.005,0.65
496.105,0.65
496.206,0.65
496.305,0.65
496.406,0.65
496.505,0.65
496.605,0.65
496.705,0.65
496.806,0.65
496.905,0.65
497.005,0.65
497.105,0.65
497.206,0.65
497.305,0.65
497.405,0.65
497.505,0.65
497.605,0.65
497.705,0.65
497.805,0.65
497.905,0.65
498.005,0.65
498.105,0.65
498.205,0.65
498.305,0.65
498.405,0.65
498.505,0.65
498.605,0.65
498.705,0.65
498.805,0.65
498.905,0.65
499.005,0.65
499.105,0.65
499.205,0.65
499.305,0.65
499.405,0.65
499.505,0.65
499.605,0.65
499.705,0.65
499.805,0.65
499.905,0.65
500.005,0.65
500.105,0.65
500.205,0.65
500.305,0.65
500.405,0.65
500.505,0.65
500.605,0.65
500.705,0.65
500.805,0.65
500.905,0.65
501.005,0.65
501.105,0.65
501.205,0.65
501.305,0.65
501.405,0.65
501.505,0.65
501.605,0.65
501.705,0.65
501.805,0.65
501.905,0.65
502.005,0.65
502.105,0.65
502.205,0.65
502.305,0.65
502.405,0.65
502.505,0.65
502.605,0.65
502.705,0.65
502.805,0.65
502.905,0.65
503.005,0.65
503.105,0.65
503.205,0.65
503.305,0.65
503.405,0.65
503.505,0.65
503.605,0.65
503.704,0.65
503.805,0.65
503.905,0.65
504.005,0.65
504.105,0.65
504.205,0.65
504.305,0.65
504.405,0.65
504.505,0.65
504.605,0.65
504.705,0.65
504.805,0.65
504.905,0.65
505.005,0.65
505.105,0.65
505.205,0.65
505.305,0.65
505.405,0.65
505.504,0.65
505.605,0.65
505.705,0.65
505.805,0.65
505.905,0.65
506.005,0.65
506.105,0.65
506.205,0.65
506.305,0.65
506.405,0.65
506.505,0.65
506.605,0.65
506.705,0.65
506.805,0.65
506.905,0.65
507.005,0.65
507.105,0.65
507.205,0.65
507.306,0.65
507.405,0.65
507.505,0.65
507.605,0.65
507.705,0.65
507.805,0.65
507.905,0.65
508.005,0.65
508.105,0.65
508.205,0.65
508.305,0.65
508.405,0.65
508.505,0.65
508.605,0.65
508.705,0.65
508.805,0.65
508.906,0.65
509.005,0.65
509.105,0.65
509.205,0.65
509.305,0.65
509.405,0.65
509.505,0.65
509.605,0.65
509.705,0.65
509.805,0.65
509.905,0.65
510.005,0.65
510.105,0.65
510.205,0.65
510.305,0.65
510.405,0.65
510.505,0.65
510.605,0.65
510.705,0.65
510.805,0.65
510.905,0.65
511.005,0.65
511.105,0.65
511.205,0.65
511.305,0.65
511.405,0.65
511.505,0.65
511.605,0.65
511.705,0.65
511.805,0.65
511.905,0.65
512.005,0.65
512.105,0.65
512.205,0.65
512.305,0.65
512.405,0.65
512.505,0.65
512.605,0.65
512.705,0.65
512.805,0.65
512.905,0.65
513.005,0.65
513.105,0.65
513.205,0.65
513.305,0.65
513.405,0.65
513.505,0.65
513.605,0.65
513.705,0.65
513.805,0.65
513.905,0.65
514.005,0.65
514.105,0.65
514.205,0.65
514.305,0.65
514.405,0.65
514.505,0.65
514.605,0.65
514.705,0.65
514.805,0.65
514.905,0.65
515.005,0.65
515.105,0.65
515.205,0.65
515.305,0.65
515.405,0.65
515.505,0.65
515.605,0.65
515.705,0.65
515.805,0.65
515.905,0.65
516.005,0.65
516.105,0.65
516.205,0.65
516.305,0.65
516.405,0.65
516.505,0.65
516.605,0.65
516.705,0.65
516.805,0.65
516.905,0.65
517.005,0.65
517.105,0.65
517.205,0.65
517.305,0.65
517.405,0.65
517.505,0.65
517.605,0.65
517.705,0.65
517.805,0.65
517.905,0.65
518.005,0.65
518.105,0.65
518.205,0.65
518.305,0.65
518.405,0.65
518.505,0.65
518.605,0.65
518.705,0.65
518.805,0.65
518.905,0.65
519.005,0.65
519.105,0.65
519.205,0.65
519.305,0.65
519.405,0.65
519.505,0.65
519.605,0.65
519.705,0.65
519.805,0.65
519.905,0.65
520.005,0.65
520.105,0.65
520.205,0.65
520.305,0.65
520.405,0.65
520.505,0.65
520.606,0.65
520.705,0.65
520.805,0.65
520.905,0.65
521.005,0.65
521.105,0.65
521.205,0.65
521.305,0.65
521.405,0.65
521.505,0.65
521.605,0.65
521.705,0.65
521.805,0.65
521.905,0.65
522.005,0.65
522.105,0.65
522.205,0.65
522.305,0.65
522.405,0.65
522.505,0.65
522.605,0.65
522.705,0.65
522.805,0.65
522.905,0.65
523.005,0.65
523.105,0.65
523.205,0.65
523.305,0.65
523.405,0.65
523.505,0.65
523.605,0.65
523.705,0.65
523.805,0.65
523.905,0.65
524.005,0.65
524.105,0.65
524.205,0.65
524.305,0.65
524.405,0.65
524.505,0.65
524.605,0.65
524.705,0.65
524.805,0.65
524.905,0.65
525.005,0.65
525.105,0.65
525.205,0.65
525.305,0.65
525.405,0.65
525.505,0.65
525.605,0.65
525.705,0.65
525.805,0.65
525.905,0.65
526.005,0.65
526.105,0.65
526.205,0.65
526.305,0.65
526.405,0.65
526.505,0.65
526.605,0.65
526.705,0.65
526.805,0.65
526.905,0.65
527.005,0.65
527.105,0.65
527.205,0.65
527.305,0.65
527.405,0.65
527.505,0.65
527.605,0.65
527.705,0.65
527.805,0.65
527.905,0.65
528.005,0.65
528.105,0.65
528.205,0.65
528.305,0.65
528.405,0.65
528.505,0.65
528.605,0.65
528.705,0.65
528.805,0.65
528.905,0.65
529.005,0.65
529.105,0.65
529.205,0.65
529.305,0.65
529.405,0.65
529.505,0.65
529.606,0.65
529.705,0.65
529.805,0.65
529.905,0.65
530.005,0.65
530.105,0.65
530.205,0.65
530.305,0.65
530.405,0.65
530.505,0.65
530.605,0.65
530.705,0.65
530.805,0.65
530.905,0.65
531.005,0.65
531.105,0.65
531.205,0.65
531.305,0.65
531.405,0.65
531.505,0.65
531.605,0.65
531.705,0.65
531.805,0.65
531.905,0.65
532.005,0.65
532.105,0.65
532.205,0.65
532.305,0.65
532.405,0.65
532.505,0.65
532.605,0.65
532.705,0.65
532.805,0.65
532.905,0.65
533.005,0.65
533.105,0.65
533.205,0.65
533.305,0.65
533.405,0.66
533.505,0.65
533.605,0.66
533.705,0.65
533.805,0.66
533.905,0.66
534.005,0.66
