#time, accZ[]
27.9231,-9.94412
28.0281,-10.4399
28.1331,-10.4327
28.2381,-10.2219
28.3431,-10.3273
28.4481,-10.3609
28.5531,-10.3537
28.6581,-10.3106
28.7631,-10.3249
28.8681,-10.3153
28.9731,-10.3465
29.0781,-10.2555
29.1831,-10.4591
29.2881,-10.4806
29.3931,-10.1261
29.4981,-10.174
29.6031,-10.2531
29.7081,-10.2555
29.8131,-10.2746
29.9181,-10.2986
30.0231,-10.2818
30.1281,-10.2698
30.2331,-10.2722
30.3381,-10.289
30.4431,-10.2914
30.5481,-10.2914
30.6531,-10.2459
30.7581,-10.2914
30.8631,-10.2722
30.9681,-10.2722
31.0731,-10.2794
31.1781,-10.2722
31.2831,-10.2722
31.3881,-10.2555
31.4931,-10.9476
31.5981,-11.9368
31.7031,-10.653
31.8081,-10.3513
31.9131,-10.3058
32.0181,-10.3034
32.1231,-10.3297
32.2281,-10.2507
32.3331,-10.2459
32.4381,-10.9237
32.5431,-10.1094
32.6481,-10.3345
32.7531,-10.4016
32.8581,-10.3728
32.9631,-10.2722
33.0681,-10.404
33.1731,-10.289
33.2781,-10.2842
33.3831,-10.289
33.4881,-10.3393
33.5931,-10.3034
33.6981,-10.3177
33.8031,-10.2914
33.9081,-10.2722
34.0131,-10.2818
34.1181,-10.3058
34.2231,-10.2794
34.3281,-10.2579
34.4331,-10.3106
34.5381,-10.2363
34.6431,-10.2028
34.7481,-10.2339
34.8531,-10.3082
34.9581,-10.2674
35.0631,-10.2555
35.1681,-10.3082
35.2731,-10.3441
35.3781,-10.289
35.4831,-10.3106
35.5881,-10.2651
35.6931,-10.2986
35.7981,-10.2914
35.9031,-10.2698
36.0081,-10.2914
36.1131,-10.313
36.2181,-10.2722
36.3231,-10.289
36.4281,-10.2722
36.5331,-10.3034
36.6381,-10.3082
36.7431,-10.2818
36.8481,-10.3106
36.9531,-10.2818
37.0581,-10.301
37.1631,-10.2938
37.2681,-10.2914
37.3731,-10.2722
37.4781,-10.2746
37.5831,-9.90341
37.6881,-10.3369
37.7931,-10.3393
37.8981,-10.2579
38.0031,-10.4279
38.1081,-10.9093
38.2131,-10.2243
38.3181,-10.3992
38.4231,-10.3058
38.5281,-10.3944
38.6331,-10.2555
38.7381,-10.2674
38.8431,-10.4974
38.9481,-10.289
39.0531,-8.8017
39.1581,-10.3609
39.2631,-9.89383
39.3681,-10.3513
39.4731,-10.2195
39.5781,-10.2459
39.6831,-10.5333
39.7881,-10.4878
39.8931,-10.4591
39.9981,-10.2651
40.1031,-10.3896
40.2081,-10.1716
40.3131,-10.2531
40.4181,-10.3944
40.5231,-10.3609
40.6281,-10.598
40.7331,-10.5668
40.8381,-10.3321
40.9431,-10.5549
41.0481,-10.7321
41.1531,-10.1836
41.2581,-10.2818
41.3631,-10.3058
41.4682,-10.3034
41.5731,-10.2938
41.6781,-10.289
41.8041,-10.2962
41.9091,-10.2866
42.0141,-10.2962
42.1191,-10.3201
42.2241,-10.2962
42.3291,-10.3273
42.4341,-10.2818
42.5391,-10.3321
42.6441,-10.2962
42.7491,-10.3225
42.8541,-10.2818
42.9591,-10.3034
43.0641,-10.3034
43.1691,-10.3225
43.2741,-10.3034
43.3791,-10.3249
43.4841,-10.2962
43.5891,-10.2938
43.6941,-10.3106
43.7991,-10.301
43.9041,-10.2722
44.0091,-10.2914
44.1141,-10.313
44.2191,-10.3034
44.3241,-10.3297
44.4291,-10.3153
44.5341,-10.2818
44.6391,-10.289
44.7441,-10.301
44.8491,-10.3201
44.9541,-10.301
45.0591,-10.313
45.1641,-10.3153
45.2691,-10.3321
45.3741,-10.2986
45.4791,-10.3177
45.5841,-10.3106
45.6891,-10.2818
45.7941,-10.3249
45.8991,-10.2938
46.0041,-10.3153
46.1091,-10.289
46.2141,-10.2914
46.3191,-10.3561
46.4241,-10.2938
46.5291,-10.3201
46.6341,-10.3297
46.7391,-10.289
46.8441,-10.2986
46.9491,-10.3106
47.0541,-10.3225
47.1591,-10.3106
47.2641,-10.3106
47.3691,-10.3082
47.4741,-10.2914
47.5791,-10.3153
47.6841,-10.3106
47.7891,-10.3034
47.8941,-10.2938
47.9991,-10.3201
48.1041,-10.3058
48.2091,-10.301
48.3141,-10.2866
48.4191,-10.3082
48.5241,-10.3201
48.6291,-10.301
48.7341,-10.3369
48.8391,-10.3297
48.9441,-10.2938
49.0491,-10.3249
49.1541,-10.3082
49.2591,-10.3106
49.3641,-10.3153
49.4691,-10.3106
49.5741,-10.3082
49.6791,-10.3177
49.7841,-10.3177
49.8891,-10.3297
49.9941,-10.301
50.0991,-10.3297
50.2041,-10.3321
50.3091,-10.313
50.4141,-10.3369
50.5191,-10.6315
50.6241,-10.3034
50.7291,-10.2842
50.8341,-10.2579
50.9391,-10.2794
51.0441,-10.3369
51.1491,-10.3106
51.2541,-10.3632
51.3591,-10.2794
51.4641,-10.3465
51.5691,-10.2411
51.6741,-10.2411
51.7791,-10.1788
51.8841,-10.4303
51.9891,-10.2243
52.0941,-10.2962
52.1991,-10.3369
52.3041,-10.78
52.4091,-10.2411
52.5141,-10.6291
52.6191,-10.2698
52.7241,-10.2842
52.8291,-10.5429
52.9341,-10.2076
53.0391,-10.198
53.1441,-10.1118
53.2491,-10.2986
53.3541,-10.5093
53.4591,-10.3728
53.5641,-10.4111
53.6691,-10.1261
53.7741,-10.3201
53.8791,-10.483
53.9841,-10.1405
54.0891,-10.3345
54.1941,-10.5525
54.2991,-10.3728
54.4041,-10.3489
54.5091,-10.483
54.6141,-10.2674
54.7191,-10.2866
54.8241,-10.3106
54.9291,-10.4207
55.0341,-10.3273
55.1391,-10.4255
55.2441,-10.2722
55.3491,-10.3896
55.4541,-10.5333
55.5591,-10.4998
55.6641,-10.3058
55.7691,-10.3082
55.8741,-10.3632
55.9791,-10.7872
56.0841,-10.0615
56.1891,-10.574
56.2941,-10.2722
56.3991,-10.4423
56.5041,-10.2507
56.6091,-10.2267
56.7141,-10.3465
56.8191,-10.4255
56.9241,-10.2722
57.0291,-10.5788
57.1341,-10.2842
57.2391,-10.2483
57.3441,-10.2627
57.4491,-10.5189
57.5541,-10.3704
57.6591,-10.1142
57.7641,-10.3513
57.8691,-10.2148
57.9741,-10.3417
58.0791,-10.1693
58.1841,-10.4135
58.2891,-10.1788
58.3941,-10.1836
58.4991,-10.2459
58.6041,-10.0423
58.7091,-10.5117
58.8141,-10.471
58.9191,-10.3345
59.0241,-10.3058
59.1291,-10.3441
59.2341,-10.3585
59.3391,-10.3417
59.4441,-10.3513
59.5491,-10.2722
59.6541,-10.3369
59.7591,-10.3321
59.8641,-10.3537
59.9691,-10.4064
60.0741,-10.3153
60.1791,-10.5213
60.2841,-10.4279
60.3891,-10.2674
60.4941,-10.1764
60.5991,-10.3465
60.7041,-10.301
60.8091,-10.2363
60.9141,-10.2507
61.0191,-10.2339
61.1241,-10.3106
61.2291,-10.3609
61.3341,-10.3872
61.4391,-10.2603
61.5441,-10.3345
61.6491,-10.3489
61.7541,-10.301
61.8591,-10.3201
61.9641,-10.3848
62.0691,-10.4686
62.1741,-10.4519
62.2791,-10.5405
62.3841,-10.3058
62.4891,-9.96328
62.5941,-10.5093
62.6991,-10.1621
62.8041,-10.1956
62.9091,-10.3465
63.0141,-10.3896
63.1191,-10.2387
63.2241,-10.2986
63.3291,-10.4135
63.4341,-10.495
63.5391,-10.3273
63.6441,-10.5022
63.7491,-10.4926
63.8541,-10.198
63.9591,-10.1932
64.0641,-10.3537
64.1691,-10.4159
64.2741,-10.5549
64.3791,-10.2004
64.4841,-10.3058
64.5891,-10.4351
64.6941,-10.3513
64.7991,-10.3513
64.9041,-10.107
65.0091,-10.3369
65.1141,-10.2818
65.2191,-10.4207
65.3241,-10.4519
65.4291,-10.1549
65.5341,-10.107
65.6391,-10.3656
65.7441,-10.3465
65.8491,-10.483
65.9541,-10.2291
66.0591,-10.4854
66.1641,-10.3321
66.2691,-10.4447
66.3741,-10.4159
66.4792,-10.3297
66.5841,-10.3632
66.6891,-10.4423
66.7941,-10.2651
66.8991,-10.5022
67.0041,-10.0112
67.1091,-10.5596
67.2141,-10.5237
67.3191,-10.3704
67.4241,-10.1214
67.5291,-11.0698
67.6341,-12.5499
67.7391,-10.4327
67.8441,-9.31184
67.9491,-11.9535
68.0541,-10.1573
68.1591,-10.3968
68.2641,-10.0519
68.3691,-10.2818
68.4741,-10.2651
68.5791,-10.0806
68.6841,-9.92017
68.7891,-9.81479
68.8941,-9.82677
68.9991,-9.76929
69.1041,-9.92496
69.2091,-9.71659
69.3141,-10.0064
69.4191,-9.98005
69.5241,-9.85311
69.6291,-9.80761
69.7341,-9.96089
69.8391,-9.87706
69.9441,-9.93933
70.0491,-9.77647
70.1541,-9.80521
70.2591,-9.70941
70.3641,-9.6639
70.4691,-9.78605
70.5741,-9.74294
70.6791,-9.86509
70.7841,-9.72378
70.8891,-9.60642
70.9941,-9.79563
71.0991,-9.6663
71.2041,-9.77886
71.3091,-9.70222
71.4141,-9.85551
71.5191,-9.77647
71.6241,-9.7118
71.7291,-9.78845
71.8341,-9.7621
71.9391,-9.77408
72.0441,-9.71659
72.1491,-9.80042
72.2541,-9.80042
72.3591,-9.77168
72.4641,-9.77168
72.5691,-9.74055
72.6741,-9.72378
72.7791,-9.78845
72.8841,-9.71659
72.9891,-9.78605
73.0941,-9.68785
73.1991,-9.82198
73.3041,-9.71659
73.4091,-9.60403
73.5141,-9.85072
73.6191,-9.84114
73.7241,-9.82677
73.8291,-9.68306
73.9341,-9.79323
74.0391,-9.82198
74.1441,-9.72857
74.2491,-9.83395
74.3541,-9.73575
74.4591,-9.67348
74.5641,-9.70702
74.6691,-9.7118
74.7741,-9.59445
74.8791,-9.64953
74.9841,-9.77408
75.0891,-9.73575
75.1941,-9.75252
75.2991,-9.7597
75.4041,-9.67827
75.5091,-9.83874
75.6141,-9.79084
75.7191,-9.91299
75.8241,-10.277
75.9291,-10.016
76.0341,-9.73336
76.1391,-9.79084
76.2441,-9.7142
76.3491,-9.87706
76.4541,-9.65193
76.5591,-9.53218
76.6641,-9.17053
76.7691,-9.20646
76.8741,-9.14179
76.9791,-9.19688
77.0841,-9.16095
77.1891,-9.13221
77.2941,-9.06036
77.3991,-9.12502
77.5041,-9.11305
77.6091,-9.06036
77.7141,-8.9909
77.8191,-9.04838
77.9241,-9.01725
78.0291,-9.03162
78.1341,-9.05557
78.2391,-9.14419
78.3441,-9.17532
78.4491,-9.30944
78.5541,-9.331
78.6591,-9.46751
78.7641,-9.48907
78.8691,-9.70462
78.9741,-9.63277
79.0791,-9.64474
79.1841,-9.39087
79.2891,-9.69504
79.3941,-9.83874
79.4991,-10.1716
79.6041,-9.72617
79.7091,-9.85311
79.8141,-9.74533
79.9191,-9.7118
80.0241,-9.87227
80.1291,-9.84832
80.2341,-9.83635
80.3391,-9.86509
80.4441,-9.86748
80.5491,-9.82437
80.6541,-9.81
80.7591,-9.78605
80.8641,-9.98005
80.9691,-9.69743
81.0741,-9.70462
81.1791,-9.61121
81.2841,-11.1991
81.3891,-9.74294
81.4941,-9.93454
81.5991,-10.0615
81.7041,-9.97286
81.8091,-9.87467
81.9141,-9.79803
82.0191,-9.93454
82.1241,-9.8124
82.2291,-9.97765
82.3341,-9.88904
82.4391,-10.0902
82.5441,-9.60642
82.6491,-9.49865
82.7541,-9.80521
82.8591,-9.74773
82.9641,-9.74773
83.0691,-9.99921
83.1741,-9.48667
83.2791,-9.92736
83.3841,-9.95849
83.4892,-10.0279
83.5941,-9.81958
83.6991,-9.83635
83.8041,-9.83395
83.9091,-9.84832
84.0141,-9.85311
84.1191,-10.0375
84.2241,-9.83156
84.3291,-9.93454
84.4341,-9.9537
84.5391,-9.94412
84.6441,-9.93933
84.7491,-10.004
84.8541,-9.87227
84.9591,-9.95131
85.0641,-10.0471
85.1691,-10.5596
85.2741,-10.3632
85.3791,-9.37171
85.4841,-10.6339
85.5891,-10.2339
85.6941,-10.653
85.7991,-10.9237
85.9041,-10.4064
86.0091,-10.3585
86.1141,-10.1214
86.2191,-10.2507
86.3241,-10.3944
86.4291,-10.2315
86.5341,-10.0998
86.6391,-10.1836
86.7441,-10.3177
86.8491,-10.2363
86.9541,-10.3369
87.0591,-10.2459
87.1641,-10.3082
87.2691,-10.4111
87.3741,-10.2674
87.4791,-10.5572
87.5841,-10.5189
87.6891,-10.6267
87.7941,-9.92496
87.8991,-10.1309
88.0041,-10.3273
88.1091,-10.1956
88.2141,-10.2004
88.3191,-9.96807
88.4241,-10.1357
88.5291,-10.1908
88.6341,-9.96807
88.7391,-10.2028
88.8441,-10.2411
88.9491,-10.4591
89.0541,-10.1573
89.1591,-10.3249
89.2641,-9.9561
89.3691,-9.92017
89.4741,-9.85551
89.5791,-9.98484
89.6841,-9.9537
89.7891,-10.0495
89.8941,-9.93933
89.9991,-10.0136
90.1041,-9.98484
90.2091,-10.0232
90.3141,-10.0303
90.4191,-9.99921
90.5241,-9.98244
90.6291,-9.91059
90.7341,-9.83156
90.8391,-10.0423
90.9441,-10.0998
91.0491,-9.9082
91.1541,-9.91778
91.2591,-10.1573
91.3641,-9.89622
91.4691,-9.83874
91.5741,-9.89383
91.6791,-10.004
91.7841,-9.82916
91.8891,-10.2124
91.9941,-9.88425
92.0991,-10.0112
92.2041,-10.0136
92.3091,-9.88904
92.4141,-10.1621
92.5191,-9.79323
92.6241,-10.0016
92.7291,-9.93215
92.8341,-9.91299
92.9391,-9.81958
93.0441,-9.73815
93.1491,-9.74773
93.2541,-9.73815
93.3591,-9.78126
93.4641,-9.8579
93.5691,-9.83156
93.6741,-9.77168
93.7791,-9.7621
93.8841,-9.71899
93.9891,-9.85551
94.0941,-9.79803
94.1991,-9.72857
94.3041,-9.75731
94.4091,-9.48907
94.5141,-9.84114
94.6191,-9.70702
94.7241,-9.81
94.8291,-9.64714
94.9341,-9.83395
95.0391,-9.55613
95.1441,-9.81479
95.2491,-9.65432
95.3541,-9.73336
95.4591,-9.56331
95.5641,-9.68067
95.6691,-9.74294
95.7741,-9.8124
95.8791,-9.64714
95.9841,-9.78366
96.0891,-9.5681
96.1941,-9.8124
96.2991,-9.69743
96.4041,-9.68546
96.5091,-9.66151
96.6141,-9.75012
96.7191,-9.7621
96.8241,-9.7118
96.9291,-9.73336
97.0341,-9.75012
97.1391,-9.67588
97.2441,-9.91538
97.3491,-9.83156
97.4541,-9.63516
97.5591,-9.87467
97.6641,-9.81958
97.7691,-9.98963
97.8741,-9.34776
97.9791,-9.86269
98.0841,-10.0208
98.1891,-9.59445
98.2941,-9.90341
98.3991,-9.97286
98.5041,-9.96568
98.6091,-9.9058
98.7141,-10.3225
98.8191,-9.78366
98.9241,-9.79084
99.0291,-10.0471
99.1341,-9.97526
99.2391,-9.95131
99.3441,-9.7621
99.4491,-9.97286
99.5541,-9.97765
99.6591,-9.84832
99.7641,-9.93694
99.8691,-10.0327
99.9741,-9.54894
100.079,-9.75012
100.184,-9.98484
100.289,-9.97526
100.394,-9.93694
100.499,-9.79803
100.604,-9.98244
100.709,-9.52978
100.814,-9.9058
100.919,-10.0519
101.024,-9.78126
101.129,-9.5705
101.234,-9.83874
101.339,-9.8579
101.444,-9.87227
101.549,-9.92257
101.654,-9.91059
101.759,-9.93933
101.864,-10.0447
101.969,-9.66869
102.074,-9.9561
102.179,-9.98484
102.284,-10.4351
102.389,-9.21843
102.494,-10.2986
102.599,-10.7225
102.704,-10.5716
102.809,-9.68785
102.914,-8.81607
103.019,-9.67588
103.124,-10.5357
103.229,-9.88425
103.334,-10.5405
103.439,-9.77168
103.544,-10.3058
103.649,-10.2411
103.754,-10.1621
103.859,-10.3632
103.964,-10.3201
104.069,-10.8375
104.174,-10.8614
104.279,-10.2986
104.384,-10.4495
104.489,-10.3106
104.594,-10.1908
104.699,-10.4758
104.804,-10.4255
104.909,-10.3585
105.014,-10.3704
105.119,-10.3417
105.224,-10.3345
105.329,-10.3201
105.434,-10.3776
105.539,-9.88904
105.644,-10.3177
105.749,-10.3585
105.854,-10.3441
105.959,-10.3944
106.064,-10.3585
106.169,-10.3752
106.274,-10.3704
106.379,-10.3393
106.484,-10.368
106.589,-10.3465
106.694,-10.3441
106.799,-10.3848
106.904,-10.3656
107.009,-10.3537
107.114,-10.2914
107.219,-10.4088
107.324,-10.301
107.429,-10.368
107.534,-10.3537
107.639,-10.3537
107.744,-10.4088
107.849,-10.301
107.954,-10.3896
108.059,-10.38
108.164,-10.4159
108.269,-10.3752
108.374,-10.3393
108.479,-10.3656
108.584,-10.4686
108.689,-10.2938
108.794,-10.3345
108.899,-10.5046
109.004,-10.3082
109.109,-10.2698
109.214,-10.3249
109.319,-10.1956
109.424,-10.3632
109.529,-10.3393
109.634,-10.2315
109.739,-10.4758
109.844,-10.4088
109.949,-10.2076
110.054,-10.3824
110.159,-10.5453
110.264,-10.4758
110.369,-10.4135
110.474,-10.3417
110.579,-10.368
110.684,-10.38
110.789,-10.3513
110.894,-10.3441
110.999,-10.3417
111.104,-10.3513
111.209,-10.38
111.314,-10.3896
111.419,-10.3848
111.524,-10.3273
111.629,-10.4183
111.734,-10.313
111.839,-10.3609
111.944,-10.2842
112.049,-10.301
112.154,-10.5429
112.259,-10.4662
112.364,-10.5093
112.469,-10.198
112.574,-10.1693
112.679,-10.5309
112.784,-10.0806
112.889,-10.9452
112.994,-10.3537
113.099,-10.3249
113.204,-10.1142
113.309,-10.4567
113.414,-10.3417
113.519,-10.2818
113.624,-10.3537
113.729,-10.3465
113.834,-10.4758
113.939,-10.3944
114.044,-10.3345
114.149,-10.4088
114.254,-10.3465
114.359,-10.3513
114.464,-10.3872
114.569,-10.3824
114.674,-10.3704
114.779,-10.3728
114.884,-10.3944
114.989,-10.3776
115.094,-10.3752
115.199,-10.3704
115.304,-10.3513
115.409,-10.3321
115.514,-10.3225
115.619,-10.3752
115.724,-10.4064
115.829,-10.2291
115.934,-10.4016
116.039,-10.3465
116.144,-10.0232
116.249,-10.3656
116.354,-10.2674
116.459,-10.5285
116.564,-10.3153
116.669,-10.5093
116.774,-10.2148
116.879,-10.4399
116.984,-9.78605
117.089,-10.0735
117.194,-10.2483
117.299,-10.0758
117.404,-10.3848
117.509,-10.277
117.614,-10.4662
117.719,-10.3034
117.824,-10.4088
117.929,-10.5788
118.034,-10.4471
118.139,-10.2698
118.244,-10.2459
118.349,-10.4231
118.454,-10.4231
118.559,-10.3489
118.664,-10.2698
118.769,-10.2698
118.874,-10.5596
118.979,-10.4088
119.084,-10.186
119.189,-10.2028
119.294,-10.2267
119.399,-10.3585
119.504,-10.392
119.609,-10.4543
119.714,-10.4471
119.819,-10.3872
119.924,-10.404
120.029,-10.4638
120.134,-10.2914
120.239,-10.3609
120.344,-10.3537
120.449,-10.3896
120.554,-10.2603
120.659,-10.4303
120.764,-10.4399
120.869,-10.3704
120.974,-10.5572
121.079,-10.301
121.184,-10.3201
121.289,-10.4111
121.394,-10.3273
121.499,-10.3968
121.604,-10.4183
121.709,-10.5093
121.814,-10.4567
121.919,-10.4088
122.024,-10.2818
122.129,-10.3609
122.234,-10.3225
122.339,-10.3417
122.444,-10.6267
122.549,-10.3896
122.654,-10.4088
122.759,-10.4447
122.864,-10.3872
122.969,-10.5405
123.074,-10.7704
123.179,-10.4327
123.284,-10.4351
123.389,-10.4447
123.494,-10.2267
123.599,-10.4183
123.704,-10.2698
123.809,-10.4207
123.914,-10.3752
124.019,-10.3992
124.124,-10.2962
124.229,-10.4064
124.334,-10.4303
124.439,-10.4183
124.544,-10.6267
124.649,-10.4351
124.754,-10.4159
124.859,-11.1321
124.964,-10.7321
125.069,-10.8231
125.174,-10.313
125.279,-10.4255
125.384,-10.2531
125.489,-10.3417
125.594,-10.368
125.699,-10.2579
125.804,-10.4327
125.909,-10.4447
126.014,-10.653
126.119,-10.5357
126.224,-10.3249
126.329,-10.2315
126.434,-10.3201
126.539,-10.5405
126.644,-10.2698
126.749,-10.2076
126.854,-10.301
126.959,-10.3656
127.064,-10.3393
127.169,-10.4231
127.274,-10.483
127.379,-10.4638
127.484,-10.3058
127.589,-10.3153
127.694,-10.3704
127.799,-10.4543
127.904,-10.3728
128.009,-10.7991
128.114,-10.3273
128.219,-10.3896
128.324,-10.4734
128.429,-10.4471
128.534,-10.4159
128.639,-10.4135
128.744,-10.5046
128.849,-10.4088
128.954,-10.3393
129.059,-10.4638
129.164,-10.3465
129.269,-10.313
129.374,-10.2914
129.479,-10.653
129.584,-10.3058
129.689,-10.4902
129.794,-10.368
129.899,-10.3369
130.004,-10.4159
130.109,-10.4782
130.214,-10.2435
130.319,-10.2603
130.424,-10.4519
130.529,-10.507
130.634,-9.98963
130.739,-10.3752
130.844,-10.3249
130.949,-10.4974
131.054,-10.4016
131.159,-10.4399
131.264,-10.3585
131.369,-10.392
131.474,-10.4016
131.579,-10.3489
131.684,-10.4207
131.789,-10.4423
131.894,-10.4638
131.999,-10.4806
132.104,-10.5525
132.209,-10.3848
132.314,-10.2555
132.419,-10.4806
132.524,-10.2148
132.629,-10.5165
132.734,-10.4231
132.839,-10.277
132.944,-10.3968
133.049,-10.4111
133.154,-10.2507
133.259,-10.5165
133.364,-10.8734
133.469,-10.3632
133.574,-10.3896
133.679,-10.3896
133.784,-10.3968
133.889,-10.3896
133.994,-10.3656
134.099,-10.3992
134.204,-10.471
134.309,-10.3968
134.414,-10.2148
134.519,-10.4758
134.624,-10.7896
134.729,-10.3201
134.834,-10.5716
134.939,-10.5213
135.044,-10.3992
135.149,-10.3153
135.254,-10.4207
135.359,-10.4758
135.464,-10.0567
135.569,-10.3585
135.674,-10.1333
135.779,-10.7081
135.884,-10.3465
135.989,-10.2195
136.094,-10.495
136.199,-10.3513
136.304,-10.4471
136.409,-10.2435
136.514,-10.9237
136.619,-10.7848
136.724,-10.4016
136.829,-10.5692
136.934,-10.4902
137.039,-10.4088
137.144,-10.5429
137.249,-10.3201
137.354,-10.3273
137.459,-10.4471
137.564,-10.4686
137.669,-10.5093
137.774,-10.4351
137.879,-10.507
137.984,-10.3345
138.089,-10.3345
138.194,-10.4399
138.299,-10.5309
138.404,-10.3441
138.509,-10.4064
138.614,-10.5046
138.719,-10.5932
138.824,-10.3609
138.929,-10.586
139.034,-10.4016
139.139,-10.1357
139.244,-10.4255
139.349,-10.4806
139.454,-10.4111
139.559,-10.2818
139.664,-9.88904
139.769,-10.3585
139.874,-10.3609
139.979,-10.4231
140.084,-10.3824
140.189,-10.4351
140.294,-10.5165
140.399,-10.3561
140.504,-10.4279
140.609,-10.4279
140.714,-10.4183
140.819,-10.3728
140.924,-10.3321
141.029,-10.4207
141.134,-10.4231
141.239,-10.6243
141.344,-10.5956
141.449,-10.4064
141.554,-10.3776
141.659,-10.3992
141.764,-10.392
141.869,-10.4638
141.974,-10.2818
142.079,-10.5357
142.184,-10.3369
142.289,-10.4255
142.394,-10.392
142.499,-10.3872
142.604,-10.1956
142.709,-10.5022
142.814,-10.5429
142.919,-10.4447
143.024,-10.562
143.129,-10.4111
143.234,-10.0088
143.339,-10.0663
143.444,-10.2339
143.549,-10.1525
143.654,-10.3896
143.759,-10.4111
143.864,-10.5812
143.969,-10.3872
144.074,-10.7872
144.179,-11.2686
144.284,-11.271
144.389,-10.8327
144.494,-10.8758
144.599,-10.2555
144.704,-10.2842
144.809,-10.6746
144.914,-9.95131
145.019,-10.2459
145.124,-10.2052
145.229,-10.1884
145.334,-10.3848
145.439,-10.7872
145.544,-10.4279
145.649,-10.2722
145.754,-10.2435
145.859,-10.4399
145.964,-10.5405
146.069,-9.86509
146.174,-9.88185
146.279,-10.119
146.384,-10.1573
146.489,-10.3273
146.594,-8.85678
146.699,-10.0806
146.804,-10.4183
146.909,-10.6626
147.014,-9.29747
147.119,-9.73096
147.224,-9.70941
147.329,-9.40524
147.434,-10.1022
147.539,-10.3848
147.644,-9.20406
147.749,-10.1118
147.854,-8.6556
147.959,-10.6507
148.064,-9.64714
148.169,-10.2315
148.274,-9.67348
148.379,-9.74055
148.484,-9.69983
148.589,-10.1142
148.694,-9.48428
148.799,-9.70941
148.904,-10.5357
149.009,-10.4758
149.114,-9.74294
149.219,-9.73815
149.324,-10.0447
149.429,-10.1285
149.534,-10.4974
149.639,-9.64953
149.744,-9.78126
149.849,-10.2627
149.954,-9.9058
150.059,-9.7621
150.164,-9.7142
150.269,-10.2483
150.374,-9.67109
150.479,-9.92257
150.584,-10.2818
150.689,-9.58487
150.794,-10.1788
150.899,-10.2267
151.004,-9.89383
151.109,-10.1573
151.214,-10.2651
151.319,-10.301
151.424,-10.1094
151.529,-10.016
151.634,-9.94891
151.739,-9.89383
151.844,-11.0147
151.949,-10.5093
152.054,-10.0974
152.159,-9.26633
152.264,-8.943
152.369,-10.9404
152.474,-11.3308
152.579,-10.6842
152.684,-10.1022
152.789,-9.96807
152.894,-10.5237
152.999,-9.79563
153.104,-10.4567
153.209,-10.3249
153.314,-10.174
153.419,-10.3345
153.524,-10.083
153.629,-10.21
153.734,-9.90101
153.839,-10.1405
153.944,-10.392
154.049,-10.0615
154.154,-10.1525
154.259,-9.89383
154.364,-10.0088
154.469,-10.1094
154.574,-10.0519
154.679,-10.0303
154.784,-10.2004
154.889,-10.0495
154.994,-10.3153
155.099,-10.004
155.204,-9.70222
155.309,-10.2435
155.414,-10.2411
155.519,-9.72139
155.624,-9.94891
155.729,-9.89622
155.834,-10.004
155.939,-9.92975
156.044,-10.0136
156.149,-9.73815
156.254,-9.93454
156.359,-10.1309
156.464,-9.86748
156.569,-10.1884
156.674,-9.76449
156.779,-10.2818
156.884,-9.83395
156.989,-10.0735
157.094,-9.99202
157.199,-9.96089
157.304,-9.82677
157.409,-9.75012
157.514,-9.83874
157.619,-9.9082
157.724,-9.75492
157.829,-9.98723
157.934,-10.0399
158.039,-10.1118
158.144,-9.89383
158.249,-9.88904
158.354,-9.8603
158.459,-9.92736
158.564,-9.8579
158.669,-10.0064
158.774,-9.92975
158.879,-10.1549
158.984,-10.1333
159.089,-9.88664
159.194,-9.93933
159.299,-10.0112
159.404,-9.95131
159.509,-10.016
159.614,-9.91538
159.719,-9.9082
159.824,-10.1357
159.929,-10.0088
160.034,-10.0112
160.139,-9.80042
160.244,-9.92975
160.349,-10.0495
160.454,-9.8603
160.559,-10.083
160.664,-9.99202
160.769,-9.92017
160.874,-10.0208
160.979,-9.94652
161.084,-10.0878
161.189,-10.0974
161.294,-10.0639
161.399,-10.095
161.504,-9.96328
161.609,-9.81958
161.714,-9.95131
161.819,-10.1453
161.924,-9.98963
162.029,-10.0711
162.134,-9.90101
162.239,-10.095
162.344,-9.99202
162.449,-10.0878
162.554,-10.0471
162.659,-10.0016
162.764,-10.0064
162.869,-10.0711
162.974,-9.9058
163.079,-9.90341
163.184,-9.90101
163.289,-10.0926
163.394,-10.507
163.499,-10.1166
163.604,-10.0711
163.709,-10.083
163.814,-10.0926
163.919,-10.2004
164.024,-10.1261
164.129,-10.2052
164.234,-10.095
164.339,-10.1453
164.444,-10.1836
164.549,-10.1022
164.654,-10.0615
164.759,-10.0495
164.864,-10.016
164.969,-10.0447
165.074,-10.1453
165.179,-9.98723
165.284,-10.0591
165.389,-10.2243
165.494,-9.98484
165.599,-10.1285
165.704,-10.0926
165.809,-10.198
165.914,-10.1309
166.019,-10.1884
166.124,-10.1237
166.229,-10.6818
166.334,-10.1285
166.439,-10.2363
166.544,-10.1429
166.649,-10.2962
166.754,-10.0711
166.859,-10.0854
166.964,-10.2004
167.069,-10.2339
167.174,-10.1716
167.279,-10.1645
167.384,-10.2124
167.489,-10.0735
167.594,-10.2579
167.699,-10.0184
167.804,-10.2315
167.909,-10.4543
168.014,-10.2698
168.119,-10.3465
168.224,-10.1237
168.329,-9.88425
168.434,-9.92496
168.539,-9.93215
168.644,-10.2315
168.749,-10.1429
168.854,-10.4423
168.959,-10.0663
169.064,-10.2579
169.169,-10.1214
169.274,-10.0567
169.379,-9.99202
169.484,-10.0519
169.589,-10.1429
169.694,-10.301
169.799,-10.0974
169.904,-9.95849
170.009,-10.2627
170.114,-9.95849
170.219,-10.0735
170.324,-10.1621
170.429,-10.2124
170.534,-10.0543
170.639,-10.1621
170.744,-10.2124
170.849,-10.2076
170.954,-10.1453
171.059,-10.2962
171.164,-10.0016
171.269,-10.2339
171.374,-10.1381
171.479,-10.2219
171.584,-10.2243
171.689,-10.2698
171.794,-10.1357
171.899,-10.1357
172.004,-10.1597
172.109,-10.198
172.214,-10.301
172.319,-10.1309
172.424,-10.3992
172.529,-10.3824
172.634,-10.0663
172.739,-10.2674
172.844,-10.0974
172.949,-10.2627
173.054,-10.1094
173.159,-10.3417
173.264,-10.1764
173.369,-10.3776
173.474,-10.119
173.579,-10.2507
173.684,-10.2291
173.789,-9.99921
173.894,-10.2363
173.999,-10.3393
174.104,-10.2459
174.209,-10.4064
174.314,-10.2651
174.419,-10.3848
174.524,-10.0878
174.629,-10.186
174.734,-10.1716
174.839,-10.1429
174.944,-10.2291
175.049,-10.0806
175.154,-10.1309
175.259,-10.3369
175.364,-10.2124
175.469,-10.277
175.574,-10.3776
175.679,-10.3872
175.784,-10.2004
175.889,-9.44117
175.994,-10.3441
176.099,-10.392
176.204,-10.4686
176.309,-10.3632
176.414,-10.3034
176.519,-10.3561
176.624,-10.2507
176.729,-10.313
176.834,-10.2363
176.939,-10.21
177.044,-10.3537
177.149,-10.2627
177.254,-10.3393
177.359,-10.2986
177.464,-10.3369
177.569,-10.3201
177.674,-10.1429
177.779,-10.3752
177.884,-10.2674
177.989,-10.2914
178.094,-10.3321
178.199,-10.2962
178.304,-10.3273
178.409,-10.1932
178.514,-10.2746
178.619,-10.3201
178.724,-10.5525
178.829,-10.4207
178.934,-10.2028
179.039,-10.3177
179.144,-10.3177
179.249,-10.2387
179.354,-10.313
179.459,-10.2555
179.564,-10.3417
179.669,-10.3609
179.774,-10.3585
179.879,-10.2842
179.984,-10.3585
180.089,-10.2986
180.194,-10.1836
180.299,-10.1836
180.404,-10.4495
180.509,-10.3585
180.614,-10.2315
180.719,-10.3632
180.824,-10.4064
180.929,-10.2004
181.034,-10.5668
181.139,-10.5381
181.244,-10.4279
181.349,-10.404
181.454,-10.3513
181.559,-10.3321
181.664,-10.1525
181.769,-10.3968
181.874,-10.2794
181.979,-10.3273
182.084,-10.277
182.189,-10.3465
182.294,-10.2842
182.399,-10.301
182.504,-10.4303
182.609,-10.4423
182.714,-10.392
182.819,-10.3321
182.924,-10.2507
183.029,-10.3369
183.134,-10.3561
183.239,-10.3321
183.344,-10.4135
183.449,-10.3297
183.554,-10.3848
183.659,-10.3848
183.764,-10.3489
183.869,-10.7153
183.974,-10.2172
184.079,-10.4064
184.184,-10.5141
184.289,-10.4591
184.394,-10.3465
184.499,-10.3537
184.604,-10.4231
184.709,-10.3273
184.814,-10.3273
184.919,-10.4088
185.024,-10.8542
185.129,-10.3297
185.234,-10.3106
185.339,-10.3489
185.444,-10.3177
185.549,-10.4064
185.654,-10.3297
185.759,-10.4016
185.864,-10.3273
185.969,-10.4183
186.074,-10.3728
186.179,-10.3489
186.284,-10.4878
186.389,-10.4686
186.494,-10.4998
186.599,-10.2938
186.704,-10.6004
186.809,-10.4351
186.914,-10.4758
187.019,-10.5501
187.124,-10.6243
187.229,-10.392
187.334,-10.368
187.439,-10.4782
187.544,-10.3537
187.649,-10.3034
187.754,-10.4878
187.859,-10.4279
187.964,-10.3872
188.069,-10.368
188.174,-10.2028
188.279,-10.2339
188.384,-10.5261
188.489,-10.3417
188.594,-10.4279
188.699,-10.3249
188.804,-10.4255
188.909,-10.3585
189.014,-10.3968
189.119,-10.4662
189.224,-10.3273
189.329,-10.3609
189.434,-10.3752
189.539,-10.4327
189.644,-10.3393
189.749,-10.2794
189.854,-10.3752
189.959,-10.3824
190.064,-10.4471
190.169,-10.4135
190.274,-10.4591
190.379,-10.3872
190.484,-10.4543
190.589,-10.4758
190.694,-10.4159
190.799,-10.3585
190.904,-10.0974
191.009,-10.3345
191.114,-10.3201
191.219,-10.2842
191.324,-10.3417
191.429,-10.3776
191.534,-10.3968
191.639,-10.4495
191.744,-10.4207
191.849,-10.4591
191.954,-10.4111
192.059,-10.3177
192.164,-10.495
192.269,-10.5117
192.374,-10.3393
192.479,-10.2363
192.584,-10.2866
192.689,-10.301
192.794,-10.7584
192.899,-10.1573
193.004,-10.3728
193.109,-10.507
193.214,-10.4016
193.319,-10.4758
193.424,-10.4279
193.529,-10.4471
193.634,-10.6028
193.739,-10.4183
193.844,-10.3561
193.949,-10.3465
194.054,-10.4495
194.159,-10.3465
194.264,-10.3489
194.369,-10.3034
194.474,-10.3513
194.579,-10.5501
194.684,-10.4327
194.789,-10.5022
194.894,-10.4638
194.999,-10.4135
195.104,-10.3776
195.209,-10.4135
195.314,-10.4159
195.419,-10.4686
195.524,-10.4926
195.629,-10.8638
195.734,-10.3632
195.839,-10.3201
195.944,-10.9883
196.049,-10.0471
196.154,-8.58615
196.259,-9.31423
196.364,-10.4591
196.469,-9.5202
196.574,-10.0998
196.679,-9.12263
196.784,-9.96568
196.889,-9.87706
196.994,-9.33339
197.099,-9.75731
197.204,-9.64474
197.309,-9.71899
197.414,-9.64474
197.519,-9.91778
197.624,-9.80042
197.729,-9.68546
197.834,-9.7621
197.939,-9.58966
198.044,-9.86269
198.149,-9.75731
198.254,-9.81719
198.359,-9.65911
198.464,-9.91059
198.569,-9.73575
198.674,-9.84353
198.779,-9.87946
198.884,-9.75252
198.989,-9.91538
199.094,-9.88185
199.199,-9.80761
199.304,-9.99921
199.409,-9.94412
199.514,-9.65672
199.619,-9.76449
199.724,-9.91299
199.829,-10.0112
199.934,-9.90341
200.039,-9.82677
200.144,-9.97765
200.249,-9.84353
200.354,-10.1812
200.459,-9.91299
200.564,-10.1022
200.669,-10.2627
200.774,-10.0327
200.879,-10.1166
200.984,-10.0567
201.089,-9.57529
201.194,-10.0543
201.299,-10.0136
201.404,-10.0375
201.509,-10.1237
201.614,-10.0495
201.719,-10.1357
201.824,-9.83156
201.929,-10.2818
202.034,-10.0471
202.139,-9.88185
202.244,-8.31551
202.349,-10.6435
202.454,-11.1368
202.559,-3.86796
202.664,-17.4812
202.769,-10.0184
202.874,-8.943
202.979,-10.4111
203.084,-10.3632
203.189,-10.5596
203.294,-10.3752
203.399,-10.4686
203.504,-10.7009
203.609,-10.3106
203.714,-10.2986
203.819,-10.7417
203.924,-10.495
204.029,-10.4902
204.134,-10.368
204.239,-10.4255
204.344,-10.1621
204.449,-10.3513
204.554,-10.0495
204.659,-10.3345
204.764,-10.4471
204.869,-10.2914
204.974,-10.2603
205.079,-10.4567
205.184,-10.7153
205.289,-10.3177
205.394,-10.3417
205.499,-10.4614
205.604,-10.3728
205.709,-10.2722
205.814,-10.5141
205.919,-10.0591
206.024,-10.4471
206.129,-10.2555
206.234,-10.4998
206.339,-10.4471
206.444,-10.3489
206.549,-10.2842
206.654,-10.2195
206.759,-10.368
206.864,-10.404
206.969,-10.3345
207.074,-10.3177
207.179,-10.4303
207.284,-10.4591
207.389,-10.4614
207.494,-10.2818
207.599,-10.3848
207.704,-10.38
207.809,-10.4878
207.914,-10.4662
208.019,-10.3441
208.124,-10.301
208.229,-10.483
208.334,-10.3752
208.439,-10.4375
208.544,-10.3489
208.649,-10.3177
208.754,-10.4399
208.859,-10.4567
208.964,-10.3585
209.069,-10.3728
209.174,-10.4159
209.279,-10.507
209.384,-10.5357
209.489,-10.3561
209.594,-10.3872
209.699,-10.3968
209.804,-10.4279
209.909,-10.4974
210.014,-10.3872
210.119,-10.5117
210.224,-10.4591
210.329,-10.3585
210.434,-10.4471
210.539,-10.4303
210.644,-10.3417
210.749,-10.4686
210.854,-10.5141
210.959,-10.3537
211.064,-10.174
211.169,-10.3345
211.274,-10.3632
211.379,-10.483
211.484,-10.3537
211.589,-10.3585
211.694,-10.3561
211.799,-10.4519
211.904,-10.3632
212.009,-10.4471
212.114,-10.4519
212.219,-10.3321
212.324,-10.2291
212.429,-10.3585
212.534,-10.4016
212.639,-10.4375
212.744,-10.4159
212.849,-10.3848
212.954,-10.3872
213.059,-10.4734
213.164,-10.4926
213.269,-10.3609
213.374,-10.3153
213.479,-10.38
213.584,-10.4064
213.689,-10.3393
213.794,-10.4111
213.899,-10.4854
214.004,-10.4303
214.109,-10.3944
214.214,-10.3177
214.319,-10.4016
214.424,-10.4231
214.529,-10.3728
214.634,-10.3561
214.739,-10.3968
214.844,-10.3776
214.949,-10.4327
215.054,-10.4926
215.159,-10.2243
215.264,-10.3896
215.369,-10.4231
215.474,-10.0447
215.579,-10.4567
215.684,-10.4495
215.789,-10.1118
215.894,-10.4064
215.999,-10.3297
216.104,-10.4064
216.209,-10.4591
216.314,-10.3896
216.419,-10.3489
216.524,-10.1716
216.629,-10.3656
216.734,-10.4662
216.839,-10.5117
216.944,-10.3632
217.049,-10.3632
217.154,-10.2842
217.259,-10.3417
217.364,-10.689
217.469,-10.6028
217.574,-10.4519
217.679,-10.6315
217.784,-10.368
217.889,-10.4016
217.994,-10.5117
218.099,-10.3393
218.204,-9.84114
218.309,-10.2818
218.414,-10.4998
218.519,-10.3537
218.624,-10.6291
218.729,-10.3968
218.834,-10.0399
218.939,-10.3106
219.044,-10.9979
219.149,-10.0782
219.254,-10.7632
219.359,-10.313
219.464,-10.3968
219.569,-10.5716
219.674,-10.4854
219.779,-10.313
219.884,-10.4279
219.989,-10.4519
220.094,-10.4662
220.199,-10.5549
220.304,-10.5141
220.409,-10.3225
220.514,-10.3824
220.619,-10.2722
220.724,-10.3225
220.829,-10.3896
220.934,-10.4351
221.039,-10.3465
221.144,-10.3561
221.249,-10.6123
221.354,-10.3321
221.459,-10.4327
221.564,-10.4519
221.669,-10.4183
221.774,-10.5836
221.879,-10.392
221.984,-10.4207
222.089,-10.4686
222.194,-10.471
222.299,-10.4399
222.404,-10.4399
222.509,-10.3561
222.614,-10.4543
222.719,-10.3872
222.824,-10.4351
222.929,-10.4567
223.034,-10.4327
223.139,-10.5165
223.244,-10.3321
223.349,-10.4351
223.454,-10.5525
223.559,-10.404
223.664,-10.3704
223.769,-10.4567
223.874,-10.4279
223.979,-10.3776
224.084,-10.4351
224.189,-10.4111
224.294,-10.4159
224.399,-10.4231
224.504,-10.4231
224.609,-10.4135
224.714,-10.404
224.819,-10.4111
224.924,-10.4088
225.029,-10.3848
225.134,-10.4135
225.239,-10.4111
225.344,-10.4351
225.449,-10.3297
225.554,-10.3513
225.659,-10.4519
225.764,-10.4064
225.869,-10.4111
225.974,-10.4183
226.079,-10.5764
226.184,-10.3896
226.289,-10.4375
226.394,-10.4159
226.499,-10.4159
226.604,-10.3992
226.709,-10.4303
226.814,-10.4327
226.919,-10.4183
227.024,-10.4088
227.129,-10.4303
227.234,-10.4231
227.339,-10.4207
227.444,-10.3872
227.549,-10.4064
227.654,-10.3944
227.759,-10.4111
227.864,-10.3824
227.969,-10.392
228.074,-10.4183
228.179,-10.4638
228.284,-10.4088
228.389,-10.392
228.494,-10.4255
228.599,-10.3944
228.704,-10.404
228.809,-10.4423
228.914,-10.4207
229.019,-10.4327
229.124,-10.4471
229.229,-10.4207
229.334,-10.4064
229.439,-10.4016
229.544,-10.4111
229.649,-10.4471
229.754,-10.4064
229.859,-10.3872
229.964,-10.4327
230.069,-10.3848
230.174,-10.4351
230.279,-10.4135
230.384,-10.4064
230.489,-10.392
230.594,-10.4159
230.699,-10.4016
230.804,-10.3992
230.909,-10.4183
231.014,-10.4088
231.119,-10.4686
231.224,-10.4207
231.329,-10.3297
231.434,-11.065
231.539,-11.2877
231.644,-10.1693
231.749,-9.21364
231.854,-10.1405
231.959,-9.19688
232.064,-10.677
232.169,-11.8577
232.274,-10.4614
232.379,-9.49865
232.484,-9.74533
232.589,-10.6195
232.694,-11.6781
232.799,-8.62207
232.904,-11.338
233.009,-10.4447
233.114,-10.392
233.219,-10.186
233.324,-9.7597
233.429,-11.0698
233.534,-10.7704
233.639,-10.3944
233.744,-10.5572
233.849,-10.8111
233.954,-10.5453
234.059,-10.3537
234.164,-11.1752
234.269,-8.96695
234.374,-11.3141
234.479,-10.5764
234.584,-10.6435
234.689,-10.6626
234.794,-10.7991
234.899,-10.5908
235.004,-10.8782
235.109,-10.7608
235.214,-10.3704
235.319,-10.586
235.424,-10.4471
235.529,-10.507
235.634,-10.507
235.739,-10.1429
235.844,-10.6698
235.949,-10.7081
236.054,-10.9093
236.159,-10.2746
236.264,-10.4351
236.369,-11.0147
236.474,-10.7345
236.579,-10.495
236.684,-11.1752
236.789,-12.2577
236.894,-10.4734
236.999,-10.6171
237.104,-10.5596
237.209,-11.0961
237.314,-10.4614
237.419,-10.392
237.524,-10.7536
237.629,-10.5788
237.734,-10.5836
237.839,-10.5333
237.944,-10.6315
238.049,-10.6746
238.154,-10.5429
238.259,-10.4447
238.364,-11.0123
238.469,-10.4878
238.574,-10.5836
238.679,-10.986
238.784,-10.8279
238.889,-11.2135
238.994,-10.5908
239.099,-10.471
239.204,-10.6099
239.309,-11.0434
239.414,-10.9596
239.519,-9.7118
239.624,-10.6602
239.729,-10.1788
239.834,-10.9836
239.939,-10.6195
240.044,-10.7417
240.149,-10.2219
240.254,-10.6914
240.359,-10.4662
240.464,-10.6051
240.569,-10.6435
240.674,-10.6459
240.779,-10.4351
240.884,-10.6123
240.989,-10.665
241.094,-10.5309
241.199,-10.6195
241.304,-10.7009
241.409,-10.5788
241.514,-10.4614
241.619,-10.653
241.724,-10.5549
241.829,-10.5046
241.934,-10.6698
242.039,-10.3728
242.144,-10.5285
242.249,-10.5093
242.354,-10.2076
242.459,-10.7536
242.564,-10.404
242.669,-10.6147
242.774,-10.7752
242.879,-10.8854
242.984,-10.6219
243.089,-10.6435
243.194,-10.7201
243.299,-10.7728
243.404,-10.5764
243.509,-10.7728
243.614,-10.4758
243.719,-10.6123
243.824,-10.5405
243.929,-10.586
244.034,-12.7894
244.139,-11.144
244.244,-10.1094
244.349,-11.1225
244.454,-9.97286
244.559,-10.6554
244.664,-10.4207
244.769,-10.5405
244.874,-10.2603
244.979,-11.1536
245.084,-10.4878
245.189,-10.3106
245.294,-10.7632
245.399,-10.7584
245.504,-11.0267
245.609,-10.3082
245.714,-10.6507
245.819,-10.4806
245.924,-10.8399
246.029,-10.3465
246.134,-10.6004
246.239,-10.2315
246.344,-10.9476
246.449,-10.2387
246.554,-10.8183
246.659,-9.93933
246.764,-12.4852
246.869,-11.2518
246.974,-10.2603
247.079,-10.4638
247.184,-10.1357
247.289,-10.9788
247.394,-10.2818
247.499,-10.562
247.604,-10.3393
247.709,-10.8279
247.814,-10.507
247.919,-10.5836
248.024,-10.095
248.129,-9.13939
248.234,-9.6663
248.339,-10.8758
248.444,-11.1081
248.549,-9.68306
248.654,-10.5046
248.759,-8.63165
248.864,-10.3034
248.969,-10.4231
249.074,-10.8303
249.179,-10.5572
249.284,-10.4974
249.389,-10.186
249.494,-10.5788
249.599,-9.78126
249.704,-10.095
249.809,-10.5237
249.914,-10.574
250.019,-10.0615
250.124,-10.5501
250.229,-10.8279
250.334,-10.2507
250.439,-10.5932
250.544,-10.8351
250.649,-10.95
250.754,-10.2794
250.859,-11.2159
250.964,-10.3153
251.069,-11.065
251.174,-10.7608
251.279,-10.4806
251.384,-10.2698
251.489,-11.1991
251.594,-10.7944
251.699,-10.0567
251.804,-10.9093
251.909,-10.8494
252.014,-10.5764
252.119,-12.1978
252.224,-10.574
252.329,-10.8159
252.434,-10.9979
252.539,-10.495
252.644,-10.6243
252.749,-10.5788
252.854,-10.5596
252.959,-10.5884
253.064,-9.51062
253.169,-10.95
253.274,-10.1525
253.379,-10.5453
253.484,-10.6818
253.589,-10.8135
253.694,-8.84241
253.799,-11.0842
253.904,-10.653
254.009,-11.1608
254.114,-10.3585
254.219,-10.9812
254.324,-10.5333
254.429,-10.5764
254.534,-10.8351
254.639,-10.7057
254.744,-10.9261
254.849,-10.2842
254.954,-10.586
255.059,-10.7944
255.164,-9.93215
255.269,-10.8949
255.374,-10.2411
255.479,-10.7728
255.584,-10.3561
255.689,-10.6938
255.794,-11.1177
255.899,-10.8662
256.004,-11.7308
256.109,-9.54415
256.214,-10.4183
256.319,-14.054
256.424,-11.2063
256.529,-12.4637
256.634,-10.2914
256.739,-10.2363
256.844,-10.1429
256.949,-10.3321
257.054,-11.0554
257.159,-11.5272
257.264,-11.1776
257.369,-11.932
257.474,-10.2195
257.579,-10.9093
257.684,-10.2722
257.789,-10.7608
257.894,-9.31663
257.999,-10.5357
258.104,-11.0626
258.209,-11.1057
258.314,-11.8098
258.419,-10.5381
258.524,-10.9836
258.629,-12.011
258.734,-10.2435
258.839,-10.0782
258.944,-11.2422
259.049,-9.8579
259.154,-11.5895
259.259,-10.2411
259.364,-10.9141
259.469,-10.2483
259.574,-11.3093
259.679,-8.68913
259.784,-8.66758
259.889,-10.9333
259.994,-10.8662
260.099,-10.1693
260.204,-10.1812
260.309,-10.0112
260.414,-10.6411
260.519,-10.6459
260.624,-10.5812
260.729,-10.2986
260.834,-10.6842
260.939,-10.2866
261.044,-10.4423
261.149,-10.5884
261.254,-10.7944
261.359,-10.0591
261.464,-10.8039
261.569,-9.84114
261.674,-10.5022
261.779,-10.4567
261.884,-10.8518
261.989,-10.4327
262.094,-11.0051
262.199,-9.71899
262.304,-11.2398
262.409,-9.32142
262.514,-12.3104
262.619,-9.62079
262.724,-10.8446
262.829,-9.62798
262.934,-9.84114
263.039,-9.94652
263.144,-10.5453
263.249,-10.3896
263.354,-9.74533
263.459,-10.4567
263.564,-11.0961
263.669,-9.57529
263.774,-12.1212
263.879,-9.07952
263.984,-10.6363
264.089,-10.6291
264.194,-10.9644
264.299,-10.5381
264.404,-10.7225
264.509,-10.8518
264.614,-8.59573
264.719,-11.1943
264.824,-11.3356
264.929,-10.368
265.034,-8.74901
265.139,-11.8697
265.244,-12.2026
265.349,-9.53457
265.454,-9.35974
265.559,-9.98005
265.664,-11.9488
265.769,-11.4171
265.874,-11.0554
265.979,-10.6794
266.084,-11.0003
266.189,-11.544
266.294,-10.368
266.399,-9.90101
266.504,-10.7129
266.609,-11.2255
266.714,-10.4734
266.819,-10.9404
266.924,-10.0902
267.029,-11.4841
267.134,-10.4782
267.239,-9.87946
267.344,-10.6411
267.449,-12.5691
267.554,-11.1608
267.659,-10.1429
267.764,-10.5261
267.869,-11.4099
267.974,-11.247
268.079,-11.932
268.184,-10.3537
268.289,-11.1752
268.394,-10.0232
268.499,-9.58966
268.604,-10.8734
268.709,-9.51781
268.814,-10.9596
268.919,-8.75619
269.024,-10.847
269.129,-10.6459
269.234,-10.5549
269.339,-10.4806
269.444,-10.5022
269.549,-10.4782
269.654,-10.5093
269.759,-10.5501
269.864,-10.5093
269.969,-10.4638
270.074,-10.5477
270.179,-10.5549
270.284,-10.4806
270.389,-10.4471
270.494,-10.3656
270.599,-10.4878
270.704,-10.5141
270.809,-10.5405
270.914,-10.4758
271.019,-10.4183
271.124,-10.4638
271.229,-10.4519
271.334,-10.689
271.439,-10.4998
271.544,-10.4926
271.649,-10.471
271.754,-10.4255
271.859,-10.4543
271.964,-10.4231
272.069,-10.4471
272.174,-10.4758
272.279,-10.4495
272.384,-10.4734
272.489,-10.5046
272.594,-10.471
272.699,-10.4758
272.804,-10.4471
272.909,-10.483
273.014,-10.4734
273.119,-10.4495
273.224,-10.4902
273.329,-10.4734
273.434,-10.4758
273.539,-10.4902
273.644,-10.4686
273.749,-10.4591
273.854,-10.4686
273.959,-10.4231
274.064,-10.4662
274.169,-10.4471
274.274,-10.5189
274.379,-10.4878
274.484,-10.5022
274.589,-10.4806
274.694,-10.4758
274.799,-10.4998
274.904,-10.4519
275.009,-10.4902
275.114,-10.4806
275.219,-10.4806
275.324,-10.5093
275.429,-10.4902
275.534,-10.471
275.639,-10.5213
275.744,-10.4902
275.849,-10.4351
275.954,-10.4614
276.059,-10.4806
276.164,-10.4758
276.269,-10.471
276.374,-10.4591
276.479,-10.5117
276.584,-10.4471
276.689,-10.4878
276.794,-10.4614
276.899,-10.4734
277.004,-10.4638
277.109,-10.4758
277.214,-10.4926
277.319,-10.5093
277.424,-10.5046
277.529,-10.483
277.634,-10.4854
277.739,-10.5046
277.844,-10.5477
277.949,-10.4806
278.054,-10.4638
278.159,-10.5022
278.264,-10.483
278.369,-10.4638
278.474,-10.4926
278.579,-10.4591
278.684,-10.5189
278.789,-10.4734
278.894,-10.4686
278.999,-10.4591
279.104,-10.471
279.209,-10.4471
279.314,-10.4567
279.419,-10.4854
279.524,-10.483
279.629,-10.4614
279.734,-10.483
279.839,-10.4614
279.944,-10.495
280.049,-10.4758
280.154,-10.4543
280.259,-10.4806
280.364,-10.4902
280.469,-10.4638
280.574,-10.4495
280.679,-10.483
280.784,-10.5357
280.889,-10.562
280.994,-10.495
281.099,-10.4686
281.204,-10.495
281.309,-10.768
281.414,-9.83395
281.519,-11.1584
281.624,-10.4111
281.729,-10.4662
281.834,-10.483
281.939,-10.4806
282.044,-10.5022
282.149,-10.483
282.254,-10.4495
282.359,-10.4854
282.464,-10.5093
282.569,-10.5022
282.674,-10.471
282.779,-10.4782
282.884,-10.5046
282.989,-10.4854
283.094,-10.4854
283.199,-10.4902
283.304,-10.483
283.409,-10.4758
283.514,-10.4854
283.619,-10.4591
283.724,-10.5213
283.829,-10.4878
283.934,-10.5093
284.039,-10.483
284.144,-10.5117
284.249,-10.4998
284.354,-10.4806
284.459,-10.4806
284.564,-10.483
284.669,-10.483
284.774,-10.5093
284.879,-10.4734
284.984,-10.4974
285.089,-10.5093
285.194,-10.4902
285.299,-10.4878
285.404,-10.4567
285.509,-10.4519
285.614,-10.4638
285.719,-10.495
285.824,-10.495
285.929,-10.4998
286.034,-10.4734
286.139,-10.4806
286.244,-10.4567
286.349,-10.5022
286.454,-10.495
286.559,-10.4974
286.664,-10.4926
286.769,-10.5093
286.874,-10.4567
286.979,-10.5237
287.084,-10.4806
287.189,-10.4878
287.294,-10.5093
287.399,-10.4567
287.504,-10.4854
287.609,-10.4782
287.714,-10.4902
287.819,-10.4902
287.924,-10.4926
288.029,-10.483
288.134,-10.4854
288.239,-10.5165
288.344,-10.4854
288.449,-10.4591
288.554,-10.4998
288.659,-10.4926
288.764,-10.4758
288.869,-10.5117
288.974,-10.4878
289.079,-10.4782
289.184,-10.4591
289.289,-10.4782
289.394,-10.483
289.499,-10.5046
289.604,-10.507
289.709,-10.4974
289.814,-10.4854
289.919,-10.4614
290.024,-10.4878
290.129,-10.4974
290.234,-10.471
290.339,-10.4686
290.444,-10.5189
290.549,-10.4998
290.654,-10.4926
290.759,-10.4591
290.864,-10.4974
290.969,-10.4998
291.074,-10.5093
291.179,-10.4902
291.284,-10.495
291.389,-10.483
291.494,-10.4854
291.599,-10.4806
291.704,-10.4902
291.809,-10.4734
291.914,-10.4854
292.019,-10.4854
292.124,-10.4543
292.229,-10.4902
292.334,-10.5022
292.439,-10.4686
292.544,-10.471
292.649,-10.5405
292.754,-10.4998
292.859,-10.4854
292.964,-10.483
293.069,-10.4734
293.174,-10.4734
293.279,-10.495
293.384,-10.4902
293.489,-10.4686
293.594,-10.4926
293.699,-10.4926
293.804,-10.495
293.909,-10.4782
294.014,-10.4926
294.119,-10.495
294.224,-10.4854
294.329,-10.5285
294.434,-10.4495
294.539,-10.4854
294.644,-10.4854
294.749,-10.483
294.854,-10.4806
294.959,-10.507
295.064,-10.5117
295.169,-10.495
295.274,-10.4734
295.379,-10.507
295.484,-10.4878
295.589,-10.483
295.694,-10.4974
295.799,-10.5022
295.904,-10.4902
296.009,-10.4543
296.114,-10.4806
296.219,-10.4734
296.324,-10.507
296.429,-10.4614
296.534,-10.5189
296.639,-10.4878
296.744,-10.483
296.849,-10.4974
296.954,-10.4854
297.059,-10.4758
297.164,-10.4614
297.269,-10.4662
297.374,-10.5117
297.479,-10.483
297.584,-10.4614
297.689,-10.5165
297.794,-10.4758
297.899,-10.4878
298.004,-10.483
298.109,-10.4806
298.214,-10.4854
298.319,-10.4806
298.424,-10.4974
298.529,-10.5046
298.634,-10.4926
298.739,-10.4806
298.844,-10.471
298.949,-10.4638
299.054,-10.4878
299.159,-10.4758
299.264,-10.4806
299.369,-10.483
299.474,-10.4662
299.579,-10.4686
299.684,-10.5165
299.789,-10.4543
299.894,-10.5117
299.999,-10.4782
300.104,-10.4926
300.209,-10.5022
300.314,-10.4926
300.419,-10.495
300.524,-10.495
300.629,-10.483
300.734,-10.4758
300.839,-10.4998
300.944,-10.471
301.049,-10.4854
301.154,-10.5046
301.259,-10.4974
301.364,-10.471
301.469,-10.4926
301.574,-10.4854
301.679,-10.483
301.784,-10.5213
301.889,-10.5093
301.994,-10.4782
302.099,-10.5141
302.204,-10.471
302.309,-10.5046
302.414,-10.495
302.519,-10.4782
302.624,-10.5046
302.729,-10.4782
302.834,-10.5093
302.939,-10.5022
303.044,-10.4998
303.149,-10.5046
303.254,-10.4902
303.359,-10.4878
303.464,-10.4902
303.569,-10.4471
303.674,-10.4758
303.779,-10.4782
303.884,-10.4567
303.989,-10.4926
304.094,-10.495
304.199,-10.483
304.304,-10.5141
304.409,-10.4926
304.514,-10.4662
304.619,-10.4998
304.724,-10.4926
304.829,-10.4662
304.934,-10.4998
305.039,-10.4878
305.144,-10.4782
305.249,-10.4686
305.354,-10.5117
305.459,-10.4686
305.564,-10.4998
305.669,-10.4998
305.774,-10.4902
305.879,-10.483
305.984,-10.4734
306.089,-10.4758
306.194,-10.483
306.299,-10.4878
306.404,-10.495
306.509,-10.471
306.614,-10.4926
306.719,-10.4686
306.824,-10.4806
306.929,-10.471
307.034,-10.4878
307.139,-10.4878
307.244,-10.471
307.349,-10.471
307.454,-10.483
307.559,-10.4854
307.664,-10.4806
307.769,-10.5117
307.874,-10.471
307.979,-10.483
308.084,-10.4878
308.189,-10.4806
308.294,-10.5046
308.399,-10.507
308.504,-10.4638
308.609,-10.5046
308.714,-10.4854
308.819,-10.4758
308.924,-10.5093
309.029,-10.5189
309.134,-10.4662
309.239,-10.483
309.344,-10.4567
309.449,-10.4591
309.554,-10.5117
309.659,-10.4998
309.764,-10.4423
309.869,-10.4758
309.974,-10.4567
310.079,-10.4926
310.184,-10.4543
310.289,-10.4758
310.394,-10.4878
310.499,-10.4974
310.604,-10.507
310.709,-10.4543
310.814,-10.4686
310.919,-10.4758
311.024,-10.4758
311.129,-10.471
311.234,-10.4854
311.339,-10.4806
311.444,-10.4854
311.549,-10.4974
311.654,-10.4686
311.759,-10.5261
311.864,-10.4878
311.969,-10.4614
312.074,-10.4734
312.179,-10.4614
312.284,-10.4758
312.389,-10.4902
312.494,-10.495
312.599,-10.5093
312.704,-10.4974
312.809,-10.4758
312.914,-10.4926
313.019,-10.4806
313.124,-10.4614
313.229,-10.4806
313.334,-10.4782
313.439,-10.4854
313.544,-10.495
313.649,-10.483
313.754,-10.4782
313.859,-10.4806
313.964,-10.4638
314.069,-10.4806
314.174,-10.4854
314.279,-10.483
314.384,-10.4854
314.489,-10.4806
314.594,-10.5046
314.699,-10.4662
314.804,-10.4686
314.909,-10.4495
315.014,-10.4878
315.119,-10.4591
315.224,-10.495
315.329,-10.5046
315.434,-10.507
315.539,-10.4782
315.644,-10.5046
315.749,-10.507
315.854,-10.4974
315.959,-10.4614
316.064,-10.495
316.169,-10.4974
316.274,-10.5046
316.379,-10.4926
316.484,-10.495
316.589,-10.4806
316.694,-10.495
316.799,-10.4974
316.904,-10.471
317.009,-10.4734
317.114,-10.4662
317.219,-10.4662
317.324,-10.4854
317.429,-10.4902
317.534,-10.4614
317.639,-10.4758
317.744,-10.4734
317.849,-10.4567
317.954,-10.4447
318.059,-10.4878
318.164,-10.4926
318.269,-10.4758
318.374,-10.4806
318.479,-10.4734
318.584,-10.5022
318.689,-10.4782
318.794,-10.4758
318.899,-10.4662
319.004,-10.4614
319.109,-10.4662
319.214,-10.4686
319.319,-10.4806
319.424,-10.4878
319.529,-10.4854
319.634,-10.471
319.739,-10.4686
319.844,-10.4519
319.949,-10.4806
320.054,-10.4567
320.159,-10.4902
320.264,-10.483
320.369,-10.4878
320.474,-10.4902
320.579,-10.4998
320.684,-10.4998
320.789,-10.5165
320.894,-10.495
320.999,-10.5165
321.104,-10.5022
321.209,-10.3896
321.314,-10.4926
321.419,-10.471
321.524,-10.483
321.629,-10.4854
321.734,-10.4543
321.839,-10.4758
321.944,-10.4926
322.049,-10.507
322.154,-10.4854
322.259,-10.4878
322.364,-10.4734
322.469,-10.4423
322.574,-10.4758
322.679,-10.4734
322.784,-10.4926
322.889,-10.4734
322.994,-10.507
323.099,-10.4854
323.204,-10.471
323.309,-10.4806
323.414,-10.4758
323.519,-10.4495
323.624,-10.4734
323.729,-10.3369
323.834,-10.2387
323.939,-10.6626
324.044,-10.5836
324.149,-10.4303
324.254,-10.9381
324.359,-10.392
324.464,-10.4399
324.569,-11.8577
324.674,-9.97765
324.779,-10.5022
324.884,-10.7991
324.989,-11.2135
325.094,-11.532
325.199,-11.0674
325.304,-11.4147
325.409,-10.3034
325.514,-11.8146
325.619,-12.1188
325.724,-9.89862
325.829,-10.2172
325.934,-9.92496
326.039,-12.3511
326.144,-10.3225
326.249,-10.8925
326.354,-10.2746
326.459,-8.33227
326.564,-9.40045
326.669,-8.88552
326.774,-8.61249
326.879,-9.03162
326.984,-8.72745
327.089,-2.33993
327.194,2.01661
327.299,1.76992
327.404,-0.399968
327.509,-1.69567
327.614,9.81479
327.719,11.0363
327.824,8.72985
327.929,7.51078
328.034,6.64857
328.139,4.16254
328.244,1.06578
328.349,1.08494
328.454,-2.62015
328.559,6.12886
328.664,-1.97829
328.769,1.95673
328.874,7.5036
328.979,9.24957
329.084,11.0722
329.189,8.2221
329.294,7.73112
329.399,5.11576
329.504,0.821492
329.609,-2.53633
329.714,-3.35063
329.819,-3.13987
329.924,-2.66087
330.029,-1.73639
330.134,2.3567
330.239,0.694556
330.344,1.66693
330.449,1.27655
330.554,7.58982
330.659,6.11209
330.764,4.05716
330.869,0.914898
330.974,-7.62814
331.079,-11.6446
331.184,-12.8038
331.289,-11.8601
331.394,-11.2829
331.499,-9.15856
331.604,-9.06515
331.709,-7.56347
331.814,-6.15041
331.919,-3.92304
332.024,-1.67172
332.129,-1.65017
332.234,-2.65129
332.339,-2.70877
332.444,-6.33004
332.549,-7.86045
332.654,-5.80313
332.759,-5.64746
332.864,-6.15999
332.969,-7.07728
333.074,-8.53106
333.179,-8.81607
333.284,-8.6556
333.389,-8.06403
333.494,-8.0329
333.599,-7.70957
333.704,-6.07616
333.809,-5.84145
333.914,-5.6738
334.019,-5.56842
334.124,-6.27256
334.229,-4.711
334.334,-5.50854
334.439,-4.64394
334.544,-5.4798
334.649,-4.55533
334.754,-6.62223
334.859,-6.2031
334.964,-5.34329
335.069,-6.80425
335.174,-7.35511
335.279,-6.82341
335.384,-7.24014
335.489,-7.05573
335.594,-6.54798
335.699,-6.2534
335.804,-5.65464
335.909,-4.37331
336.014,-3.83922
336.119,-3.93741
336.224,-3.50152
336.329,-4.01645
336.434,-3.49673
336.539,-3.03209
336.644,-6.59349
336.749,-1.52323
336.854,-4.53138
336.959,-4.03561
337.064,-0.627495
337.169,7.2138
337.274,7.37666
337.379,5.31934
337.484,4.54814
337.589,2.57225
337.694,1.43462
337.799,-1.92081
337.904,-4.27032
338.009,-6.2534
338.114,-6.90963
338.219,-5.55166
338.324,-5.31215
338.429,-4.06914
338.534,-2.20821
338.639,-1.38911
338.744,-5.64985
338.849,-6.02587
338.954,-2.36628
339.059,9.31663
339.164,5.67141
339.269,1.86333
339.374,2.90516
339.479,-0.737666
339.584,-7.58982
339.689,-3.9422
339.794,8.61968
339.899,-0.285007
340.004,-4.56251
340.109,-8.83523
340.214,-9.06754
340.319,-8.57178
340.424,-9.39806
340.529,-6.04982
340.634,-1.64059
340.739,1.44899
340.844,1.72681
340.949,-0.445474
341.054,-1.02267
341.159,9.35974
341.264,6.89287
341.369,6.33962
341.474,4.63915
341.579,1.25978
341.684,-4.07872
341.789,-9.00048
341.894,-10.7057
341.999,-10.1573
342.104,-9.59684
342.209,-8.77775
342.314,-6.45458
342.419,-5.39119
342.524,-2.81654
342.629,-3.49433
342.734,-3.13269
342.839,0.502954
342.944,0.253872
343.049,-4.81159
343.154,-6.93598
343.259,-2.28245
343.364,6.47613
343.469,9.67348
343.574,0.467029
343.679,-1.60227
343.784,0.349673
343.889,-1.04902
343.994,-10.1788
344.099,6.60786
344.204,14.4899
344.309,5.1948
344.414,6.49529
344.519,3.8009
344.624,-0.105381
344.729,-2.50759
344.834,-3.08
344.939,-4.82117
345.044,-6.54798
345.149,-5.09181
345.254,-4.14817
345.359,-3.06323
345.464,-3.0297
345.569,-1.03225
345.674,-2.38783
345.779,-1.94476
345.884,-8.44005
345.989,5.45346
346.094,9.4244
346.199,7.35511
346.304,3.1279
346.409,0.778381
346.514,-4.43558
346.619,-8.11672
346.724,-7.9323
346.829,-7.20182
346.934,-7.4078
347.039,-3.2692
347.144,-1.94955
347.249,-1.04902
347.354,-1.86812
347.459,-2.75427
347.564,-3.05125
347.669,-1.79866
347.774,0.361648
347.879,2.15312
347.984,3.50391
348.089,10.5764
348.194,8.0305
348.299,8.50711
348.404,10.2842
348.509,9.02443
348.614,5.17324
348.719,4.24637
348.824,1.19511
348.929,-2.65608
349.034,-6.0091
349.139,-7.10123
349.244,-5.14211
349.349,-5.09421
349.454,-2.33035
349.559,-0.0143701
349.664,-3.13987
349.769,0.423918
349.874,6.36836
349.979,5.07505
350.084,0.138911
350.189,-2.52914
350.294,-4.70861
350.399,-5.39837
350.504,-5.68099
350.609,-3.5087
350.714,-4.65113
350.819,-3.25004
350.924,-8.1287
351.029,-5.40556
351.134,2.26808
351.239,-0.335303
351.344,-4.19847
351.449,-5.64267
351.554,-0.423918
351.659,2.81654
351.764,-3.53505
351.869,-7.70238
351.974,7.86524
352.079,9.01006
352.184,10.3992
352.289,5.84145
352.394,6.74677
352.499,4.96967
352.604,4.03082
352.709,5.31934
352.814,2.54351
352.919,1.12326
353.024,-1.34121
353.129,-12.6098
353.234,0.119751
353.339,10.3441
353.444,11.6135
353.549,11.2087
353.654,8.18857
353.759,8.58136
353.864,9.22083
353.969,8.38736
354.074,8.33946
354.179,5.95402
354.284,2.47406
354.389,0.0143701
354.494,-0.613125
354.599,0.340093
354.704,-0.912502
354.809,-0.479004
354.914,1.84656
355.019,2.06211
355.124,-0.409548
355.229,-3.65241
355.334,-5.59477
355.439,-9.65911
355.544,-6.55038
355.649,-4.49306
355.754,-4.55293
355.859,-0.641865
355.964,-2.57465
356.069,-8.95737
356.174,16.5304
356.279,15.4024
356.384,15.8957
356.489,12.0996
356.594,6.65097
356.699,8.29874
356.804,9.05078
356.909,6.33243
357.014,2.31838
357.119,-4.44995
357.224,-8.88792
357.329,-11.1297
357.434,-5.60435
357.539,-1.54239
357.644,4.67029
357.749,5.11816
357.854,-0.929268
357.959,9.12982
358.064,7.28086
358.169,1.90404
358.274,-4.8068
358.379,-8.01134
358.484,-7.21859
358.589,-5.81511
358.694,-2.44532
358.799,0.536484
358.904,2.14594
359.009,-6.86892
359.114,4.16973
359.219,6.251
359.324,3.06323
361.012,3.27639
361.117,4.17691
361.222,-1.41546
361.327,-6.22705
361.432,-9.39087
361.537,-4.2775
361.642,-4.97925
361.747,-9.62798
361.852,-10.7944
361.957,-9.35974
362.062,-11.3739
362.167,-10.562
362.272,-11.1464
362.377,-11.3117
362.482,-10.8566
362.587,-17.7687
362.692,-15.5006
362.797,-14.4204
362.902,-12.2841
363.007,-18.1087
363.112,-15.5173
363.217,-17.8525
363.322,-18.262
363.427,-15.7999
363.532,-24.5418
363.637,-16.0586
363.742,-22.324
363.847,-19.0835
363.952,-20.2092
364.057,-19.1362
364.162,-18.3147
364.267,-18.2908
364.372,-21.7827
364.477,-20.1733
364.582,-22.2713
364.687,-18.4512
364.792,-19.505
364.897,-19.5146
365.002,-27.3439
365.107,-17.8477
365.212,-25.4112
365.317,-18.7171
365.422,-20.796
365.527,-18.6261
365.632,-18.5877
365.737,-17.6226
365.842,-18.7674
365.947,-20.0224
366.052,-16.8466
366.157,-16.6957
366.262,-15.1772
366.367,-16.1161
366.472,-15.5796
366.577,-14.406
366.682,-12.4038
366.787,-13.5007
366.892,-12.2386
366.997,-11.7595
367.102,-12.6649
367.207,-10.2004
367.312,-9.38848
367.417,-10.0902
367.522,-8.8496
367.627,-9.76689
367.732,-9.59445
367.837,-8.73943
367.942,-9.3789
368.047,-10.1237
368.152,-8.83762
368.257,-10.6004
368.362,-9.07712
368.467,-8.68674
368.572,-9.35495
368.677,-9.15376
368.782,-10.6147
368.887,-10.5333
368.992,-9.2328
369.097,-13.0241
369.202,-8.72266
369.307,-11.8793
369.412,-12.5283
369.517,-13.5486
369.622,-12.2194
369.727,-7.23775
369.832,-14.0181
369.937,-10.119
370.042,-12.9379
370.147,-13.0888
370.252,-14.8922
370.357,-13.448
370.462,-15.6155
370.567,-16.0993
370.672,-15.7784
370.777,-11.9799
370.882,-15.0168
370.987,-16.9232
371.092,-13.2852
371.197,-16.4729
371.302,-15.0287
371.407,-15.4694
371.512,-15.9293
371.617,-18.1183
371.722,-14.6024
371.827,-16.8202
371.932,-14.0827
372.037,-12.126
372.142,-12.2649
372.247,-17.0837
372.352,-15.4527
372.457,-14.6408
372.562,-13.5774
372.667,-12.2266
372.772,-14.5306
372.877,-15.9101
372.982,-16.7053
373.087,-12.1547
373.192,-13.2948
373.297,-13.1247
373.402,-14.1761
373.507,-10.2794
373.612,-15.1198
373.717,-12.5762
373.822,-9.95849
373.927,-9.19448
374.032,-12.0278
374.137,-9.97047
374.242,-11.2973
374.347,-11.1632
374.452,-11.2087
374.557,-11.3955
374.662,-9.8603
374.767,-11.3356
374.872,-9.65193
374.977,-10.471
375.082,-8.29635
375.187,-11.2997
375.292,-11.4458
375.397,-8.47118
375.502,-9.0412
375.607,-7.41977
375.712,-10.186
375.817,-9.75012
375.922,-8.88073
376.027,-9.137
376.132,-12.6577
376.237,-10.5141
376.342,-9.92736
376.447,-9.0867
376.552,-8.71069
376.657,-9.85311
376.762,-12.2122
376.867,-12.4804
376.972,-9.75252
377.077,-10.574
377.182,-11.1488
377.287,-11.7691
377.392,-12.9259
377.497,-10.2052
377.602,-13.0289
377.707,-10.4854
377.812,-11.6518
377.917,-12.9834
378.022,-9.88904
378.127,-10.1381
378.232,-10.1166
378.337,-9.83395
378.442,-11.168
378.547,-13.7163
378.652,-11.6685
378.757,-11.9847
378.862,-13.3906
378.967,-10.3058
379.072,-11.2279
379.177,-10.8399
379.282,-9.11784
379.387,-11.5368
379.492,-7.8844
379.597,-8.55741
379.702,-15.4551
379.807,-10.1669
379.912,-7.59461
380.017,-10.9524
380.122,-11.4314
380.227,-9.87946
380.332,-9.12023
380.437,-9.29268
380.542,-9.30944
380.647,-8.94061
380.752,-10.3249
380.857,-10.9069
380.962,-9.06515
381.067,-9.42201
381.172,-10.495
381.277,-10.6147
381.382,-11.5608
381.487,-9.00767
381.592,-9.53697
381.697,-11.429
381.802,-10.6698
381.907,-9.05557
382.012,-11.1488
382.117,-8.28677
382.222,-11.6709
382.327,-9.81
382.432,-10.5333
382.537,-10.1501
382.642,-13.0744
382.747,-11.7452
382.852,-11.4721
382.957,-10.4111
383.062,-12.593
383.167,-11.1823
383.272,-11.441
383.377,-11.2518
383.482,-11.6614
383.587,-11.1177
383.692,-10.9021
383.797,-12.1356
383.902,-12.8828
384.007,-11.9895
384.112,-11.6087
384.217,-11.8027
384.322,-11.8937
384.427,-12.4206
384.532,-15.6467
384.637,-14.4611
384.742,-13.5941
384.847,-16.722
384.952,-16.0897
385.057,-14.4851
385.162,-14.1785
385.267,-15.182
385.372,-15.3784
385.477,-15.7017
385.582,-12.3272
385.687,-19.9361
385.792,-14.6623
385.897,-21.4618
386.002,-14.885
386.107,-15.9173
386.212,-21.3732
386.317,-17.9746
386.422,-9.88904
386.527,-17.2489
386.632,-14.3222
386.737,-28.0577
386.842,-22.4318
386.947,-10.792
387.052,-9.11545
387.157,-12.6002
387.262,-28.2588
387.367,-8.98372
387.472,-23.5814
387.577,-16.8466
387.682,-23.1431
387.787,-15.1006
387.892,-20.5517
387.997,-19.3015
388.102,-22.7359
388.207,-18.2309
388.312,-18.1207
388.417,-20.2978
388.522,-19.8188
388.627,-20.9085
388.732,-nan
