#time, lon[]
27.9231,0
28.0281,0
28.1331,0
28.2381,0
28.3431,0
28.4481,0
28.5531,0
28.6581,0
28.7631,0
28.8681,0
28.9731,0
29.0781,0
29.1831,0
29.2881,0
29.3931,0
29.4981,0
29.6031,0
29.7081,0
29.8131,0
29.9181,0
30.0231,0
30.1281,0
30.2331,0
30.3381,0
30.4431,0
30.5481,11.6441
30.6531,11.6441
30.7581,11.6441
30.8631,11.6441
30.9681,11.6441
31.0731,11.6441
31.1781,11.6441
31.2831,11.6441
31.3881,11.6441
31.4931,11.6441
31.5981,11.6441
31.7031,11.6441
31.8081,11.6441
31.9131,11.6441
32.0181,11.6441
32.1231,11.6441
32.2281,11.6441
32.3331,11.6441
32.4381,11.6441
32.5431,11.6441
32.6481,11.6441
32.7531,11.6441
32.8581,11.6441
32.9647,11.6441
33.0681,11.6441
33.1731,11.6441
33.2781,11.6441
33.3831,11.6441
33.4881,11.6441
33.5931,11.6441
33.6981,11.6441
33.8031,11.6441
33.9081,11.6441
34.0131,11.6441
34.1181,11.6441
34.2231,11.6441
34.3281,11.6441
34.4331,11.6441
34.5381,11.6441
34.6431,11.6441
34.7481,11.6441
34.8531,11.6441
34.9581,11.6441
35.0631,11.6441
35.1681,11.6441
35.2731,11.6441
35.3781,11.6441
35.4831,11.6441
35.5881,11.6441
35.6931,11.6441
35.7981,11.6441
35.9031,11.6441
36.0081,11.6441
36.1131,11.6441
36.2181,11.6441
36.3231,11.6441
36.4281,11.6441
36.5331,11.6441
36.6381,11.6441
36.7431,11.6441
36.8481,11.6441
36.9531,11.6441
37.0581,11.6441
37.1631,11.6441
37.2681,11.6441
37.3731,11.6441
37.4781,11.6441
37.5831,11.6441
37.6881,11.6441
37.7931,11.6441
37.8981,11.6441
38.0031,11.6441
38.1081,11.6441
38.2147,11.6441
38.3181,11.6441
38.4231,11.6441
38.5281,11.6441
38.6331,11.6441
38.7381,11.6441
38.8431,11.6441
38.9481,11.6441
39.0531,11.6441
39.1581,11.6441
39.2631,11.6441
39.3681,11.6441
39.4731,11.6441
39.5781,11.6441
39.6831,11.6441
39.7881,11.6441
39.8931,11.6441
39.9981,11.6441
40.1031,11.6441
40.2081,11.6441
40.3131,11.6441
40.4181,11.6441
40.5231,11.6441
40.6281,11.6441
40.7331,11.6441
40.8381,11.6441
40.9431,11.6441
41.0481,11.6441
41.1531,11.6441
41.2581,11.6441
41.3631,11.6441
41.4682,11.6441
41.5731,11.6441
41.6781,11.6441
41.8041,11.6441
41.9091,11.6441
42.0141,11.6441
42.1191,11.6441
42.2241,11.6441
42.3291,11.6441
42.4341,11.6441
42.5391,11.6441
42.6441,11.6441
42.7491,11.6441
42.8541,11.6441
42.9591,11.6441
43.0641,11.6441
43.1691,11.6441
43.2741,11.6441
43.3808,11.6441
43.4841,11.6441
43.5891,11.6441
43.6941,11.6441
43.7991,11.6441
43.9041,11.6441
44.0091,11.6441
44.1141,11.6441
44.2191,11.6441
44.3241,11.6441
44.4291,11.6441
44.5341,11.6441
44.6391,11.6441
44.7441,11.6441
44.8491,11.6441
44.9541,11.6441
45.0591,11.6441
45.1641,11.6441
45.2691,11.6441
45.3741,11.6441
45.4791,11.6441
45.5841,11.6441
45.6891,11.6441
45.7941,11.6441
45.8991,11.6441
46.0041,11.6441
46.1091,11.6441
46.2141,11.6441
46.3191,11.6441
46.4241,11.6441
46.5291,11.6441
46.6341,11.6441
46.7391,11.6441
46.8441,11.6441
46.9491,11.6441
47.0541,11.6441
47.1591,11.6441
47.2641,11.6441
47.3691,11.6441
47.4741,11.6441
47.5791,11.6441
47.6841,11.6441
47.7891,11.6441
47.8941,11.6441
47.9991,11.6441
48.1041,11.6441
48.2091,11.6441
48.3141,11.6441
48.4191,11.6441
48.5241,11.6441
48.6308,11.6441
48.7341,11.6441
48.8391,11.6441
48.9441,11.6441
49.0491,11.6441
49.1541,11.6441
49.2591,11.6441
49.3641,11.6441
49.4691,11.6441
49.5741,11.6441
49.6791,11.6441
49.7841,11.6441
49.8891,11.6441
49.9941,11.6441
50.0991,11.6441
50.2041,11.6441
50.3091,11.6441
50.4141,11.6441
50.5191,11.6441
50.6241,11.6441
50.7291,11.6441
50.8341,11.6441
50.9391,11.6441
51.0441,11.6441
51.1491,11.6441
51.2541,11.6441
51.3591,11.6441
51.4641,11.6441
51.5691,11.6441
51.6741,11.6441
51.7791,11.6441
51.8841,11.6441
51.9891,11.6441
52.0941,11.6441
52.1991,11.6441
52.3041,11.6441
52.4091,11.6441
52.5141,11.6441
52.6191,11.6441
52.7241,11.6441
52.8291,11.6441
52.9341,11.6441
53.0391,11.6441
53.1441,11.6441
53.2491,11.6441
53.3541,11.6441
53.4591,11.6441
53.5641,11.6441
53.6691,11.6441
53.7741,11.6441
53.8889,11.6441
53.9841,11.6441
54.0891,11.6441
54.1941,11.6441
54.2991,11.6441
54.4041,11.6441
54.5091,11.6441
54.6141,11.6441
54.7191,11.6441
54.8241,11.6441
54.9291,11.6441
55.0341,11.6441
55.1391,11.6441
55.2441,11.6441
55.3491,11.6441
55.4541,11.6441
55.5591,11.6441
55.6641,11.6441
55.7691,11.6441
55.8741,11.6441
55.9791,11.6441
56.0841,11.6441
56.1891,11.6441
56.2941,11.6441
56.3991,11.6441
56.5041,11.6441
56.6091,11.6441
56.7141,11.6441
56.8191,11.6441
56.9241,11.6441
57.0291,11.6441
57.1341,11.6441
57.2391,11.6441
57.3441,11.6441
57.4491,11.6441
57.5541,11.6441
57.6591,11.6441
57.7641,11.6441
57.8691,11.6441
57.9741,11.6441
58.0791,11.6441
58.1841,11.6441
58.2891,11.6441
58.3941,11.6441
58.4991,11.6441
58.6041,11.6441
58.7091,11.6441
58.8141,11.6441
58.9191,11.6441
59.0241,11.6441
59.1389,11.6441
59.2341,11.6441
59.3391,11.6441
59.4441,11.6441
59.5491,11.6441
59.6541,11.6441
59.7591,11.6441
59.8641,11.6441
59.9691,11.6441
60.0741,11.6441
60.1791,11.6441
60.2841,11.6441
60.3891,11.6441
60.4941,11.6441
60.5991,11.6441
60.7041,11.6441
60.8091,11.6441
60.9141,11.6441
61.0191,11.6441
61.1241,11.6441
61.2291,11.6441
61.3341,11.6441
61.4391,11.6441
61.5441,11.6441
61.6491,11.6441
61.7541,11.6441
61.8591,11.6441
61.9641,11.6441
62.0691,11.6441
62.1741,11.6441
62.2791,11.6441
62.3841,11.6441
62.4891,11.6441
62.5941,11.6441
62.6991,11.6441
62.8041,11.6441
62.9091,11.6441
63.0141,11.6441
63.1191,11.6441
63.2241,11.6441
63.3291,11.6441
63.4341,11.6441
63.5391,11.6441
63.6441,11.6441
63.7491,11.6441
63.8541,11.6441
63.9591,11.6441
64.0641,11.6441
64.1691,11.6441
64.2741,11.6441
64.3808,11.6441
64.4841,11.6441
64.5891,11.6441
64.6941,11.6441
64.7991,11.6441
64.9041,11.6441
65.0091,11.6441
65.1141,11.6441
65.2191,11.6441
65.3241,11.6441
65.4291,11.6441
65.5341,11.6441
65.6391,11.6441
65.7441,11.6441
65.8491,11.6441
65.9541,11.6441
66.0591,11.6441
66.1641,11.6441
66.2691,11.6441
66.3741,11.6441
66.4792,11.6441
66.5841,11.6441
66.6891,11.6441
66.7941,11.6441
66.8991,11.6441
67.0041,11.6441
67.1091,11.6441
67.2141,11.6441
67.3191,11.6441
67.4241,11.6441
67.5291,11.6441
67.6341,11.6441
67.7391,11.6441
67.8441,11.6441
67.9491,11.6441
68.0541,11.6441
68.1591,11.6441
68.2641,11.6441
68.3691,11.6441
68.4741,11.6441
68.5791,11.6441
68.6841,11.6441
68.7891,11.6441
68.8941,11.6441
68.9991,11.6441
69.1041,11.6441
69.2091,11.6441
69.3141,11.6441
69.4191,11.6441
69.5241,11.6441
69.6308,11.6441
69.7341,11.6441
69.8391,11.6441
69.9441,11.6441
70.0491,11.6441
70.1541,11.6441
70.2591,11.6441
70.3641,11.6441
70.4691,11.6441
70.5741,11.6441
70.6791,11.6441
70.7841,11.6441
70.8891,11.6441
70.9941,11.6441
71.0991,11.6441
71.2041,11.6441
71.3091,11.6441
71.4141,11.6441
71.5191,11.6441
71.6241,11.6441
71.7291,11.6441
71.8341,11.6441
71.9391,11.6441
72.0441,11.6441
72.1491,11.6441
72.2541,11.6441
72.3591,11.6441
72.4641,11.6441
72.5691,11.6441
72.6741,11.6441
72.7791,11.6441
72.8841,11.6441
72.9891,11.6441
73.0941,11.6441
73.1991,11.6441
73.3041,11.6441
73.4091,11.6441
73.5141,11.6441
73.6191,11.6441
73.7241,11.6441
73.8291,11.6441
73.9341,11.6441
74.0391,11.6441
74.1441,11.6441
74.2491,11.6441
74.3541,11.6441
74.4591,11.6441
74.5641,11.6441
74.6691,11.6441
74.7741,11.6441
74.881,11.6441
74.9841,11.6441
75.0891,11.6441
75.1941,11.6441
75.2991,11.6441
75.4041,11.6441
75.5091,11.6441
75.6141,11.6441
75.7191,11.6441
75.8241,11.6441
75.9291,11.6441
76.0341,11.6441
76.1391,11.6441
76.2441,11.6441
76.3491,11.6441
76.4541,11.6441
76.5591,11.6441
76.6641,11.6441
76.7691,11.6441
76.8741,11.6441
76.9791,11.6441
77.0841,11.6441
77.1891,11.6441
77.2941,11.6441
77.3991,11.6441
77.5041,11.6441
77.6091,11.6441
77.7141,11.6441
77.8191,11.6441
77.9241,11.6441
78.0291,11.6441
78.1341,11.6441
78.2391,11.6441
78.3441,11.6441
78.4491,11.6441
78.5541,11.6441
78.6591,11.6441
78.7641,11.6441
78.8691,11.6441
78.9741,11.6441
79.0791,11.6441
79.1841,11.6441
79.2891,11.6441
79.3941,11.6441
79.4991,11.6441
79.6041,11.6441
79.7091,11.6441
79.8141,11.6441
79.9191,11.6441
80.0241,11.6441
80.1308,11.6441
80.2341,11.6441
80.3391,11.6441
80.4441,11.6441
80.5491,11.6441
80.6541,11.6441
80.7591,11.6441
80.8641,11.6441
80.9691,11.6441
81.0741,11.6441
81.1791,11.6441
81.2841,11.6441
81.3891,11.6441
81.4941,11.6441
81.5991,11.6441
81.7041,11.6441
81.8091,11.6441
81.9141,11.6441
82.0191,11.6441
82.1241,11.6441
82.2291,11.6441
82.3341,11.6441
82.4391,11.6441
82.5441,11.6441
82.6491,11.6441
82.7541,11.6441
82.8591,11.6441
82.9641,11.6441
83.0691,11.6441
83.1741,11.6441
83.2791,11.6441
83.3841,11.6441
83.4892,11.6441
83.5941,11.6441
83.6991,11.6441
83.8041,11.6441
83.9091,11.6441
84.0141,11.6441
84.1191,11.6441
84.2241,11.6441
84.3291,11.6441
84.4341,11.6441
84.5391,11.6441
84.6441,11.6441
84.7491,11.6441
84.8541,11.6441
84.9591,11.6441
85.0641,11.6441
85.1691,11.6441
85.2741,11.6441
85.3808,11.6441
85.4841,11.6441
85.5891,11.6441
85.6941,11.6441
85.7991,11.6441
85.9041,11.6441
86.0091,11.6441
86.1141,11.6441
86.2191,11.6441
86.3241,11.6441
86.4291,11.6441
86.5341,11.6441
86.6391,11.6441
86.7441,11.6441
86.8491,11.6441
86.9541,11.6441
87.0591,11.6441
87.1641,11.6441
87.2691,11.6441
87.3741,11.6441
87.4791,11.6441
87.5841,11.6441
87.6891,11.6441
87.7941,11.6441
87.8991,11.6441
88.0041,11.6441
88.1091,11.6441
88.2141,11.6441
88.3191,11.6441
88.4241,11.6441
88.5291,11.6441
88.6341,11.6441
88.7391,11.6441
88.8441,11.6441
88.9491,11.6441
89.0541,11.6441
89.1591,11.6441
89.2641,11.6441
89.3691,11.6441
89.4741,11.6441
89.5791,11.6441
89.6841,11.6441
89.7891,11.6441
89.8941,11.6441
89.9991,11.6441
90.1041,11.6441
90.2091,11.6441
90.3141,11.6441
90.4191,11.6441
90.5241,11.6441
90.6308,11.6441
90.7341,11.6441
90.8391,11.6441
90.9441,11.6441
91.0491,11.6441
91.1541,11.6441
91.2591,11.6441
91.3641,11.6441
91.4691,11.6441
91.5741,11.6441
91.6791,11.6441
91.7841,11.6441
91.8891,11.6441
91.9941,11.6441
92.0991,11.6441
92.2041,11.6441
92.3091,11.6441
92.4141,11.6441
92.5191,11.6441
92.6241,11.6441
92.7291,11.6441
92.8341,11.6441
92.9391,11.6441
93.0441,11.6441
93.1491,11.6441
93.2541,11.6441
93.3591,11.6441
93.4641,11.6441
93.5691,11.6441
93.6741,11.6441
93.7791,11.6441
93.8841,11.6441
93.9891,11.6441
94.0941,11.6441
94.1991,11.6441
94.3041,11.6441
94.4091,11.6441
94.5141,11.6441
94.6191,11.6441
94.7241,11.6441
94.8291,11.6441
94.9341,11.6441
95.0391,11.6441
95.1441,11.6441
95.2491,11.6441
95.3541,11.6441
95.4591,11.6441
95.5641,11.6441
95.6691,11.6441
95.7741,11.6441
95.8808,11.6441
95.9841,11.6441
96.0891,11.6441
96.1941,11.6441
96.2991,11.6441
96.4041,11.6441
96.5091,11.6441
96.6141,11.6441
96.7191,11.6441
96.8241,11.6441
96.9291,11.6441
97.0341,11.6441
97.1391,11.6441
97.2441,11.6441
97.3491,11.6441
97.4541,11.6441
97.5591,11.6441
97.6641,11.6441
97.7691,11.6441
97.8741,11.6441
97.9791,11.6441
98.0841,11.6441
98.1891,11.6441
98.2941,11.6441
98.3991,11.6441
98.5041,11.6441
98.6091,11.6441
98.7141,11.6441
98.8191,11.6441
98.9241,11.6441
99.0291,11.6441
99.1341,11.6441
99.2391,11.6441
99.3441,11.6441
99.4491,11.6441
99.5541,11.6441
99.6591,11.6441
99.7641,11.6441
99.8691,11.6441
99.9741,11.6441
100.079,11.6441
100.184,11.6441
100.289,11.6441
100.394,11.6441
100.499,11.6441
100.604,11.6441
100.709,11.6441
100.814,11.6441
100.919,11.6441
101.024,11.6441
101.131,11.6441
101.234,11.6441
101.339,11.6441
101.444,11.6441
101.549,11.6441
101.654,11.6441
101.759,11.6441
101.864,11.6441
101.969,11.6441
102.074,11.6441
102.179,11.6441
102.284,11.6441
102.389,11.6441
102.494,11.6441
102.599,11.6441
102.704,11.6441
102.809,11.6441
102.914,11.6441
103.019,11.6441
103.124,11.6441
103.229,11.6441
103.334,11.6441
103.439,11.6441
103.544,11.6441
103.649,11.6441
103.754,11.6441
103.859,11.6441
103.964,11.6441
104.069,11.6441
104.174,11.6441
104.279,11.6441
104.384,11.6441
104.489,11.6441
104.594,11.6441
104.699,11.6441
104.804,11.6441
104.909,11.6441
105.014,11.6441
105.119,11.6441
105.224,11.6441
105.329,11.6441
105.434,11.6441
105.539,11.6441
105.644,11.6441
105.749,11.6441
105.854,11.6441
105.959,11.6441
106.064,11.6441
106.169,11.6441
106.274,11.6441
106.381,11.6441
106.484,11.6441
106.589,11.6441
106.694,11.6441
106.799,11.6441
106.904,11.6441
107.009,11.6441
107.114,11.6441
107.219,11.6441
107.324,11.6441
107.429,11.6441
107.534,11.6441
107.639,11.6441
107.744,11.6441
107.849,11.6441
107.954,11.6441
108.059,11.6441
108.164,11.6441
108.269,11.6441
108.374,11.6441
108.479,11.6441
108.584,11.6441
108.689,11.6441
108.794,11.6441
108.899,11.6441
109.004,11.6441
109.109,11.6441
109.214,11.6441
109.319,11.6441
109.424,11.6441
109.529,11.6441
109.634,11.6441
109.739,11.6441
109.844,11.6441
109.949,11.6441
110.054,11.6441
110.159,11.6441
110.264,11.6441
110.369,11.6441
110.474,11.6441
110.579,11.6441
110.684,11.6441
110.789,11.6441
110.894,11.6441
110.999,11.6441
111.104,11.6441
111.209,11.6441
111.314,11.6441
111.419,11.6441
111.524,11.6441
111.631,11.6441
111.734,11.6441
111.839,11.6441
111.944,11.6441
112.049,11.6441
112.154,11.6441
112.259,11.6441
112.364,11.6441
112.469,11.6441
112.574,11.6441
112.679,11.6441
112.784,11.6441
112.889,11.6441
112.994,11.6441
113.099,11.6441
113.204,11.6441
113.309,11.6441
113.414,11.6441
113.519,11.6441
113.624,11.6441
113.729,11.6441
113.834,11.6441
113.939,11.6441
114.044,11.6441
114.149,11.6441
114.254,11.6441
114.359,11.6441
114.464,11.6441
114.569,11.6441
114.674,11.6441
114.779,11.6441
114.884,11.6441
114.989,11.6441
115.094,11.6441
115.199,11.6441
115.304,11.6441
115.409,11.6441
115.514,11.6441
115.619,11.6441
115.724,11.6441
115.829,11.6441
115.934,11.6441
116.039,11.6441
116.144,11.6441
116.249,11.6441
116.354,11.6441
116.459,11.6441
116.564,11.6441
116.669,11.6441
116.774,11.6441
116.881,11.6441
116.984,11.6441
117.089,11.6441
117.194,11.6441
117.299,11.6441
117.404,11.6441
117.509,11.6441
117.614,11.6441
117.719,11.6441
117.824,11.6441
117.929,11.6441
118.034,11.6441
118.139,11.6441
118.244,11.6441
118.349,11.6441
118.454,11.6441
118.559,11.6441
118.664,11.6441
118.769,11.6441
118.874,11.6441
118.979,11.6441
119.084,11.6441
119.189,11.6441
119.294,11.6441
119.399,11.6441
119.504,11.6441
119.609,11.6441
119.714,11.6441
119.819,11.6441
119.924,11.6441
120.029,11.6441
120.134,11.6441
120.239,11.6441
120.344,11.6441
120.449,11.6441
120.554,11.6441
120.659,11.6441
120.764,11.6441
120.869,11.6441
120.974,11.6441
121.079,11.6441
121.184,11.6441
121.289,11.6441
121.394,11.6441
121.499,11.6441
121.604,11.6441
121.709,11.6441
121.814,11.6441
121.919,11.6441
122.024,11.6441
122.131,11.6441
122.234,11.6441
122.339,11.6441
122.444,11.6441
122.549,11.6441
122.654,11.6441
122.759,11.6441
122.864,11.6441
122.969,11.6441
123.074,11.6441
123.179,11.6441
123.284,11.6441
123.389,11.6441
123.494,11.6441
123.599,11.6441
123.704,11.6441
123.809,11.6441
123.914,11.6441
124.019,11.6441
124.124,11.6441
124.229,11.6441
124.334,11.6441
124.439,11.6441
124.544,11.6441
124.649,11.6441
124.754,11.6441
124.859,11.6441
124.964,11.6441
125.069,11.6441
125.174,11.6441
125.279,11.6441
125.384,11.6441
125.489,11.6441
125.594,11.6441
125.699,11.6441
125.804,11.6441
125.909,11.6441
126.014,11.6441
126.119,11.6441
126.224,11.6441
126.329,11.6441
126.434,11.6441
126.539,11.6441
126.644,11.6441
126.749,11.6441
126.854,11.6441
126.959,11.6441
127.064,11.6441
127.169,11.6441
127.274,11.6441
127.381,11.6441
127.484,11.6441
127.589,11.6441
127.694,11.6441
127.799,11.6441
127.904,11.6441
128.009,11.6441
128.114,11.6441
128.219,11.6441
128.324,11.6441
128.429,11.6441
128.534,11.6441
128.639,11.6441
128.744,11.6441
128.849,11.6441
128.954,11.6441
129.059,11.6441
129.164,11.6441
129.269,11.6441
129.374,11.6441
129.479,11.6441
129.584,11.6441
129.689,11.6441
129.794,11.6441
129.899,11.6441
130.004,11.6441
130.109,11.6441
130.214,11.6441
130.319,11.6441
130.424,11.6441
130.529,11.6441
130.634,11.6441
130.739,11.6441
130.844,11.6441
130.949,11.6441
131.054,11.6441
131.159,11.6441
131.264,11.6441
131.369,11.6441
131.474,11.6441
131.579,11.6441
131.684,11.6441
131.789,11.6441
131.894,11.6441
131.999,11.6441
132.104,11.6441
132.209,11.6441
132.314,11.6441
132.419,11.6441
132.524,11.6441
132.631,11.6441
132.734,11.6441
132.839,11.6441
132.944,11.6441
133.049,11.6441
133.154,11.6441
133.259,11.6441
133.364,11.6441
133.469,11.6441
133.574,11.6441
133.679,11.6441
133.784,11.6441
133.889,11.6441
133.994,11.6441
134.099,11.6441
134.204,11.6441
134.309,11.6441
134.414,11.6441
134.519,11.6441
134.624,11.6441
134.729,11.6441
134.834,11.6441
134.939,11.6441
135.044,11.6441
135.149,11.6441
135.254,11.6441
135.359,11.6441
135.464,11.6441
135.569,11.6441
135.674,11.6441
135.779,11.6441
135.884,11.6441
135.989,11.6441
136.094,11.6441
136.199,11.6441
136.304,11.6441
136.409,11.6441
136.514,11.6441
136.619,11.6441
136.724,11.6441
136.829,11.6441
136.934,11.6441
137.039,11.6441
137.144,11.6441
137.249,11.6441
137.354,11.6441
137.459,11.6441
137.564,11.6441
137.669,11.6441
137.774,11.6441
137.881,11.6441
137.984,11.6441
138.089,11.6441
138.194,11.6441
138.299,11.6441
138.404,11.6441
138.509,11.6441
138.614,11.6441
138.719,11.6441
138.824,11.6441
138.929,11.6441
139.034,11.6441
139.139,11.6441
139.244,11.6441
139.349,11.6441
139.454,11.6441
139.559,11.6441
139.664,11.6441
139.769,11.6441
139.874,11.6441
139.979,11.6441
140.084,11.6441
140.189,11.6441
140.294,11.6441
140.399,11.6441
140.504,11.6441
140.609,11.6441
140.714,11.6441
140.819,11.6441
140.924,11.6441
141.029,11.6441
141.134,11.6441
141.239,11.6441
141.344,11.6441
141.449,11.6441
141.554,11.6441
141.659,11.6441
141.764,11.6441
141.869,11.6441
141.974,11.6441
142.079,11.6441
142.184,11.6441
142.289,11.6441
142.394,11.6441
142.499,11.6441
142.604,11.6441
142.709,11.6441
142.814,11.6441
142.919,11.6441
143.024,11.6441
143.131,11.6441
143.234,11.6441
143.339,11.6441
143.444,11.6441
143.549,11.6441
143.654,11.6441
143.759,11.6441
143.864,11.6441
143.969,11.6441
144.074,11.6441
144.179,11.6441
144.284,11.6441
144.389,11.6441
144.494,11.6441
144.599,11.6441
144.704,11.6441
144.809,11.6441
144.914,11.6441
145.019,11.6441
145.124,11.6441
145.229,11.6441
145.334,11.6441
145.439,11.6441
145.544,11.6441
145.649,11.6441
145.754,11.6441
145.859,11.6441
145.964,11.6441
146.069,11.6441
146.174,11.6441
146.279,11.6441
146.384,11.6441
146.489,11.6441
146.594,11.6441
146.699,11.6441
146.804,11.6441
146.909,11.6441
147.014,11.6441
147.119,11.6441
147.224,11.6441
147.329,11.6441
147.434,11.6441
147.539,11.6441
147.644,11.6441
147.749,11.6441
147.854,11.6441
147.959,11.6441
148.064,11.6441
148.169,11.6441
148.274,11.6441
148.381,11.6441
148.484,11.6441
148.589,11.6441
148.694,11.6441
148.799,11.6441
148.904,11.6441
149.009,11.6441
149.114,11.6441
149.219,11.6441
149.324,11.6441
149.429,11.6441
149.534,11.6441
149.639,11.6441
149.744,11.6441
149.849,11.6441
149.954,11.6441
150.059,11.6441
150.164,11.6441
150.269,11.6441
150.374,11.6441
150.479,11.6441
150.584,11.6441
150.689,11.6441
150.794,11.6441
150.899,11.6441
151.004,11.6441
151.109,11.6441
151.214,11.6441
151.319,11.6441
151.424,11.6441
151.529,11.6441
151.634,11.6441
151.739,11.6441
151.844,11.6441
151.949,11.6441
152.054,11.6441
152.159,11.6441
152.264,11.6441
152.369,11.6441
152.474,11.6441
152.579,11.6441
152.684,11.6441
152.789,11.6441
152.894,11.6441
152.999,11.6441
153.104,11.6441
153.209,11.6441
153.314,11.6441
153.419,11.6441
153.524,11.6441
153.631,11.6441
153.734,11.6441
153.839,11.6441
153.944,11.6441
154.049,11.6441
154.154,11.6441
154.259,11.6441
154.364,11.6441
154.469,11.6441
154.574,11.6441
154.679,11.6441
154.784,11.6441
154.889,11.6441
154.994,11.6441
155.099,11.6441
155.204,11.6441
155.309,11.6441
155.414,11.6441
155.519,11.6441
155.624,11.6441
155.729,11.6441
155.834,11.6441
155.939,11.6441
156.044,11.6441
156.149,11.6441
156.254,11.6441
156.359,11.6441
156.464,11.6441
156.569,11.6441
156.674,11.6441
156.779,11.6441
156.884,11.6441
156.989,11.6441
157.094,11.6441
157.199,11.6441
157.304,11.6441
157.409,11.6441
157.514,11.6441
157.619,11.6441
157.724,11.6441
157.829,11.6441
157.934,11.6441
158.039,11.6441
158.144,11.6441
158.249,11.6441
158.354,11.6441
158.459,11.6441
158.564,11.6441
158.669,11.6441
158.774,11.6441
158.881,11.6441
158.984,11.6441
159.089,11.6441
159.194,11.6441
159.299,11.6441
159.404,11.6441
159.509,11.6441
159.614,11.6441
159.719,11.6441
159.824,11.6441
159.929,11.6441
160.034,11.6441
160.139,11.6441
160.244,11.6441
160.349,11.6441
160.454,11.6441
160.559,11.6441
160.664,11.6441
160.769,11.6441
160.874,11.6441
160.979,11.6441
161.084,11.6441
161.189,11.6441
161.294,11.6441
161.399,11.6441
161.504,11.6441
161.609,11.6441
161.714,11.6441
161.819,11.6441
161.924,11.6441
162.029,11.6441
162.134,11.6441
162.239,11.6441
162.344,11.6441
162.449,11.6441
162.554,11.6441
162.659,11.6441
162.764,11.6441
162.869,11.6441
162.974,11.6441
163.079,11.6441
163.184,11.6441
163.289,11.6441
163.394,11.6441
163.499,11.6441
163.604,11.6441
163.709,11.6441
163.814,11.6441
163.919,11.6441
164.024,11.6441
164.131,11.6441
164.234,11.6441
164.339,11.6441
164.444,11.6441
164.549,11.6441
164.654,11.6441
164.759,11.6441
164.864,11.6441
164.969,11.6441
165.074,11.6441
165.179,11.6441
165.284,11.6441
165.389,11.6441
165.494,11.6441
165.599,11.6441
165.704,11.6441
165.809,11.6441
165.914,11.6441
166.019,11.6441
166.124,11.6441
166.229,11.6441
166.334,11.6441
166.439,11.6441
166.544,11.6441
166.649,11.6441
166.754,11.6441
166.859,11.6441
166.964,11.6441
167.069,11.6441
167.174,11.6441
167.279,11.6441
167.384,11.6441
167.489,11.6441
167.594,11.6441
167.699,11.6441
167.804,11.6441
167.909,11.6441
168.014,11.6441
168.119,11.6441
168.224,11.6441
168.329,11.6441
168.434,11.6441
168.539,11.6441
168.644,11.6441
168.749,11.6441
168.854,11.6441
168.959,11.6441
169.064,11.6441
169.169,11.6441
169.274,11.6441
169.381,11.6441
169.484,11.6441
169.589,11.6441
169.694,11.6441
169.799,11.6441
169.904,11.6441
170.009,11.6441
170.114,11.6441
170.219,11.6441
170.324,11.6441
170.429,11.6441
170.534,11.6441
170.639,11.6441
170.744,11.6441
170.849,11.6441
170.954,11.6441
171.059,11.6441
171.164,11.6441
171.269,11.6441
171.374,11.6441
171.479,11.6441
171.584,11.6441
171.689,11.6441
171.794,11.6441
171.899,11.6441
172.004,11.6441
172.109,11.6441
172.214,11.6441
172.319,11.6441
172.424,11.6441
172.529,11.6441
172.634,11.6441
172.739,11.6441
172.844,11.6441
172.949,11.6441
173.054,11.6441
173.159,11.6441
173.264,11.6441
173.369,11.6441
173.474,11.6441
173.579,11.6441
173.684,11.6441
173.789,11.6441
173.894,11.6441
173.999,11.6441
174.104,11.6441
174.209,11.6441
174.314,11.6441
174.419,11.6441
174.524,11.6441
174.631,11.6441
174.734,11.6441
174.839,11.6441
174.944,11.6441
175.049,11.6441
175.154,11.6441
175.259,11.6441
175.364,11.6441
175.469,11.6441
175.574,11.6441
175.679,11.6441
175.784,11.6441
175.889,11.6441
175.994,11.6441
176.099,11.6441
176.204,11.6441
176.309,11.6441
176.414,11.6441
176.519,11.6441
176.624,11.6441
176.729,11.6441
176.834,11.6441
176.939,11.6441
177.044,11.6441
177.149,11.6441
177.254,11.6441
177.359,11.6441
177.464,11.6441
177.569,11.6441
177.674,11.6441
177.779,11.6441
177.884,11.6441
177.989,11.6441
178.094,11.6441
178.199,11.6441
178.304,11.6441
178.409,11.6441
178.514,11.6441
178.619,11.6441
178.724,11.6441
178.829,11.6441
178.934,11.6441
179.039,11.6441
179.144,11.6441
179.249,11.6441
179.354,11.6441
179.459,11.6441
179.564,11.6441
179.669,11.6441
179.774,11.6441
179.881,11.6441
179.984,11.6441
180.089,11.6441
180.194,11.6441
180.299,11.6441
180.404,11.6441
180.509,11.6441
180.614,11.6441
180.719,11.6441
180.824,11.6441
180.929,11.6441
181.034,11.6441
181.139,11.6441
181.244,11.6441
181.349,11.6441
181.454,11.6441
181.559,11.6441
181.664,11.6441
181.769,11.6441
181.874,11.6441
181.979,11.6441
182.084,11.6441
182.189,11.6441
182.294,11.6441
182.399,11.6441
182.504,11.6441
182.609,11.6441
182.714,11.6441
182.819,11.6441
182.924,11.6441
183.029,11.6441
183.134,11.6441
183.239,11.6441
183.344,11.6441
183.449,11.6441
183.554,11.6441
183.659,11.6441
183.764,11.6441
183.869,11.6441
183.974,11.6441
184.079,11.6441
184.184,11.6441
184.289,11.6441
184.394,11.6441
184.499,11.6441
184.604,11.6441
184.709,11.6441
184.814,11.6441
184.919,11.6441
185.024,11.6441
185.131,11.6441
185.234,11.6441
185.339,11.6441
185.444,11.6441
185.549,11.6441
185.654,11.6441
185.759,11.6441
185.864,11.6441
185.969,11.6441
186.074,11.6441
186.179,11.6441
186.284,11.6441
186.389,11.6441
186.494,11.6441
186.599,11.6441
186.704,11.6441
186.809,11.6441
186.914,11.6441
187.019,11.6441
187.124,11.6441
187.229,11.6441
187.334,11.6441
187.439,11.6441
187.544,11.6441
187.649,11.6441
187.754,11.6441
187.859,11.6441
187.964,11.6441
188.069,11.6441
188.174,11.6441
188.279,11.6441
188.384,11.6441
188.489,11.6441
188.594,11.6441
188.699,11.6441
188.804,11.6441
188.909,11.6441
189.014,11.6441
189.119,11.6441
189.224,11.6441
189.329,11.6441
189.434,11.6441
189.539,11.6441
189.644,11.6441
189.749,11.6441
189.854,11.6441
189.959,11.6441
190.064,11.6441
190.169,11.6441
190.274,11.6441
190.381,11.6441
190.484,11.6441
190.589,11.6441
190.694,11.6441
190.799,11.6441
190.904,11.6441
191.009,11.6441
191.114,11.6441
191.219,11.6441
191.324,11.6441
191.429,11.6441
191.534,11.6441
191.639,11.6441
191.744,11.6441
191.849,11.6441
191.954,11.6441
192.059,11.6441
192.164,11.6441
192.269,11.6441
192.374,11.6441
192.479,11.6441
192.584,11.6441
192.689,11.6441
192.794,11.6441
192.899,11.6441
193.004,11.6441
193.109,11.6441
193.214,11.6441
193.319,11.6441
193.424,11.6441
193.529,11.6441
193.634,11.6441
193.739,11.6441
193.844,11.6441
193.949,11.6441
194.054,11.6441
194.159,11.6441
194.264,11.6441
194.369,11.6441
194.474,11.6441
194.579,11.6441
194.684,11.6441
194.789,11.6441
194.894,11.6441
194.999,11.6441
195.104,11.6441
195.209,11.6441
195.314,11.6441
195.419,11.6441
195.524,11.6441
195.64,11.6441
195.734,11.6441
195.839,11.6441
195.944,11.6441
196.049,11.6441
196.154,11.6441
196.259,11.6441
196.364,11.6441
196.469,11.6441
196.574,11.6441
196.679,11.6441
196.784,11.6441
196.889,11.6441
196.994,11.6441
197.099,11.6441
197.204,11.6441
197.309,11.6441
197.414,11.6441
197.519,11.6441
197.624,11.6441
197.729,11.6441
197.834,11.6441
197.939,11.6441
198.044,11.6441
198.149,11.6441
198.254,11.6441
198.359,11.6441
198.464,11.6441
198.569,11.6441
198.674,11.6441
198.779,11.6441
198.884,11.6441
198.989,11.6441
199.094,11.6441
199.199,11.6441
199.304,11.6441
199.409,11.6441
199.514,11.6441
199.619,11.6441
199.724,11.6441
199.829,11.6441
199.934,11.6441
200.039,11.6441
200.144,11.6441
200.249,11.6441
200.354,11.6441
200.459,11.6441
200.564,11.6441
200.669,11.6441
200.774,11.6441
200.89,11.6441
200.984,11.6441
201.089,11.6441
201.194,11.6441
201.299,11.6441
201.404,11.6441
201.509,11.6441
201.614,11.6441
201.719,11.6441
201.824,11.6441
201.929,11.6441
202.034,11.6441
202.139,11.6441
202.244,11.6441
202.349,11.6441
202.454,11.6441
202.559,11.6441
202.664,11.6441
202.769,11.6441
202.874,11.6441
202.979,11.6441
203.084,11.6441
203.189,11.6441
203.294,11.6441
203.399,11.6441
203.504,11.6441
203.609,11.6441
203.714,11.6441
203.819,11.6441
203.924,11.6441
204.029,11.6441
204.134,11.6441
204.239,11.6441
204.344,11.6441
204.449,11.6441
204.554,11.6441
204.659,11.6441
204.764,11.6441
204.869,11.6441
204.974,11.6441
205.079,11.6441
205.184,11.6441
205.289,11.6441
205.394,11.6441
205.499,11.6441
205.604,11.6441
205.709,11.6441
205.814,11.6441
205.919,11.6441
206.024,11.6441
206.131,11.6441
206.234,11.6441
206.339,11.6441
206.444,11.6441
206.549,11.6441
206.654,11.6441
206.759,11.6441
206.864,11.6441
206.969,11.6441
207.074,11.6441
207.179,11.6441
207.284,11.6441
207.389,11.6441
207.494,11.6441
207.599,11.6441
207.704,11.6441
207.809,11.6441
207.914,11.6441
208.019,11.6441
208.124,11.6441
208.229,11.6441
208.334,11.6441
208.439,11.6441
208.544,11.6441
208.649,11.6441
208.754,11.6441
208.859,11.6441
208.964,11.6441
209.069,11.6441
209.174,11.6441
209.279,11.6441
209.384,11.6441
209.489,11.6441
209.594,11.6441
209.699,11.6441
209.804,11.6441
209.909,11.6441
210.014,11.6441
210.119,11.6441
210.224,11.6441
210.329,11.6441
210.434,11.6441
210.539,11.6441
210.644,11.6441
210.749,11.6441
210.854,11.6441
210.959,11.6441
211.064,11.6441
211.169,11.6441
211.274,11.6441
211.381,11.6441
211.484,11.6441
211.589,11.6441
211.694,11.6441
211.799,11.6441
211.904,11.6441
212.009,11.6441
212.114,11.6441
212.219,11.6441
212.324,11.6441
212.429,11.6441
212.534,11.6441
212.639,11.6441
212.744,11.6441
212.849,11.6441
212.954,11.6441
213.059,11.6441
213.164,11.6441
213.269,11.6441
213.374,11.6441
213.479,11.6441
213.584,11.6441
213.689,11.6441
213.794,11.6441
213.899,11.6441
214.004,11.6441
214.109,11.6441
214.214,11.6441
214.319,11.6441
214.424,11.6441
214.529,11.6441
214.634,11.6441
214.739,11.6441
214.844,11.6441
214.949,11.6441
215.054,11.6441
215.159,11.6441
215.264,11.6441
215.369,11.6441
215.474,11.6441
215.579,11.6441
215.684,11.6441
215.789,11.6441
215.894,11.6441
215.999,11.6441
216.104,11.6441
216.209,11.6441
216.314,11.6441
216.419,11.6441
216.524,11.6441
216.631,11.6441
216.734,11.6441
216.839,11.6441
216.944,11.6441
217.049,11.6441
217.154,11.6441
217.259,11.6441
217.364,11.6441
217.469,11.6441
217.574,11.6441
217.679,11.6441
217.784,11.6441
217.889,11.6441
217.994,11.6441
218.099,11.6441
218.204,11.6441
218.309,11.6441
218.414,11.6441
218.519,11.6441
218.624,11.6441
218.729,11.6441
218.834,11.6441
218.939,11.6441
219.044,11.6441
219.149,11.6441
219.254,11.6441
219.359,11.6441
219.464,11.6441
219.569,11.6441
219.674,11.6441
219.779,11.6441
219.884,11.6441
219.989,11.6441
220.094,11.6441
220.199,11.6441
220.304,11.6441
220.409,11.6441
220.514,11.6441
220.619,11.6441
220.724,11.6441
220.829,11.6441
220.934,11.6441
221.039,11.6441
221.144,11.6441
221.249,11.6441
221.354,11.6441
221.459,11.6441
221.564,11.6441
221.669,11.6441
221.774,11.6441
221.881,11.6441
221.984,11.6441
222.089,11.6441
222.194,11.6441
222.299,11.6441
222.404,11.6441
222.509,11.6441
222.614,11.6441
222.719,11.6441
222.824,11.6441
222.929,11.6441
223.034,11.6441
223.139,11.6441
223.244,11.6441
223.349,11.6441
223.454,11.6441
223.559,11.6441
223.664,11.6441
223.769,11.6441
223.874,11.6441
223.979,11.6441
224.084,11.6441
224.189,11.6441
224.294,11.6441
224.399,11.6441
224.504,11.6441
224.609,11.6441
224.714,11.6441
224.819,11.6441
224.924,11.6441
225.029,11.6441
225.134,11.6441
225.239,11.6441
225.344,11.6441
225.449,11.6441
225.554,11.6441
225.659,11.6441
225.764,11.6441
225.869,11.6441
225.974,11.6441
226.079,11.6441
226.184,11.6441
226.289,11.6441
226.394,11.6441
226.499,11.6441
226.604,11.6441
226.709,11.6441
226.814,11.6441
226.919,11.6441
227.024,11.6441
227.131,11.6441
227.234,11.6441
227.339,11.6441
227.444,11.6441
227.549,11.6441
227.654,11.6441
227.759,11.6441
227.864,11.6441
227.969,11.6441
228.074,11.6441
228.179,11.6441
228.284,11.6441
228.389,11.6441
228.494,11.6441
228.599,11.6441
228.704,11.6441
228.809,11.6441
228.914,11.6441
229.019,11.6441
229.124,11.6441
229.229,11.6441
229.334,11.6441
229.439,11.6441
229.544,11.6441
229.649,11.6441
229.754,11.6441
229.859,11.6441
229.964,11.6441
230.069,11.6441
230.174,11.6441
230.279,11.6441
230.384,11.6441
230.489,11.6441
230.594,11.6441
230.699,11.6441
230.804,11.6441
230.909,11.6441
231.014,11.6441
231.119,11.6441
231.224,11.6441
231.329,11.6441
231.434,11.6441
231.539,11.6441
231.644,11.6441
231.749,11.6441
231.854,11.6441
231.959,11.6441
232.064,11.6441
232.169,11.6441
232.274,11.6441
232.381,11.6441
232.484,11.6441
232.589,11.6441
232.694,11.6441
232.799,11.6441
232.904,11.6441
233.009,11.6441
233.114,11.6441
233.219,11.6441
233.324,11.6441
233.429,11.6441
233.534,11.6441
233.639,11.6441
233.744,11.6441
233.849,11.6441
233.954,11.6441
234.059,11.6441
234.164,11.6441
234.269,11.6441
234.374,11.6441
234.479,11.6441
234.584,11.6441
234.689,11.6441
234.794,11.6441
234.899,11.6441
235.004,11.6441
235.109,11.6441
235.214,11.6441
235.319,11.6441
235.424,11.6441
235.529,11.6441
235.634,11.6441
235.739,11.6441
235.844,11.6441
235.949,11.6441
236.054,11.6441
236.159,11.6441
236.264,11.6441
236.369,11.6441
236.474,11.6441
236.579,11.6441
236.684,11.6441
236.789,11.6441
236.894,11.6441
236.999,11.6441
237.104,11.6441
237.209,11.6441
237.314,11.6441
237.419,11.6441
237.524,11.6441
237.631,11.6441
237.734,11.6441
237.839,11.6441
237.944,11.6441
238.049,11.6441
238.154,11.6441
238.259,11.6441
238.364,11.6441
238.469,11.6441
238.574,11.6441
238.679,11.6441
238.784,11.6441
238.889,11.6441
238.994,11.6441
239.099,11.6441
239.204,11.6441
239.309,11.6441
239.414,11.6441
239.519,11.6441
239.624,11.6441
239.729,11.6441
239.834,11.6441
239.939,11.6441
240.044,11.6441
240.149,11.6441
240.254,11.6441
240.359,11.6441
240.464,11.6441
240.569,11.6441
240.674,11.6441
240.779,11.6441
240.884,11.6441
240.989,11.6441
241.094,11.6441
241.199,11.6441
241.304,11.6441
241.409,11.6441
241.514,11.6441
241.619,11.6441
241.724,11.6441
241.829,11.6441
241.934,11.6441
242.039,11.6441
242.144,11.6441
242.249,11.6441
242.354,11.6441
242.459,11.6441
242.564,11.6441
242.669,11.6441
242.774,11.6441
242.881,11.6441
242.984,11.6441
243.089,11.6441
243.194,11.6441
243.299,11.6441
243.404,11.6441
243.509,11.6441
243.614,11.6441
243.719,11.6441
243.824,11.6441
243.929,11.6441
244.034,11.6441
244.139,11.6441
244.244,11.6441
244.349,11.6441
244.454,11.6441
244.559,11.6441
244.664,11.6441
244.769,11.6441
244.874,11.6441
244.979,11.6441
245.084,11.6441
245.189,11.6441
245.294,11.6441
245.399,11.6441
245.504,11.6441
245.609,11.6441
245.714,11.6441
245.819,11.6441
245.924,11.6441
246.029,11.6441
246.134,11.6441
246.239,11.6441
246.344,11.6441
246.449,11.6441
246.554,11.6441
246.659,11.6441
246.764,11.6441
246.869,11.6441
246.974,11.6441
247.079,11.6441
247.184,11.6441
247.289,11.6441
247.394,11.6441
247.499,11.6441
247.604,11.6441
247.709,11.6441
247.814,11.6441
247.919,11.6441
248.024,11.6441
248.131,11.6441
248.234,11.6441
248.339,11.6441
248.444,11.6441
248.549,11.6441
248.654,11.6441
248.759,11.6441
248.864,11.6441
248.969,11.6441
249.074,11.6441
249.179,11.6441
249.284,11.6441
249.389,11.6441
249.494,11.6441
249.599,11.6441
249.704,11.6441
249.809,11.6441
249.914,11.6441
250.019,11.6441
250.124,11.6441
250.229,11.6441
250.334,11.6441
250.439,11.6441
250.544,11.6441
250.649,11.6441
250.754,11.6441
250.859,11.6441
250.964,11.6441
251.069,11.6441
251.174,11.6441
251.279,11.6441
251.384,11.6441
251.489,11.6441
251.594,11.6441
251.699,11.6441
251.804,11.6441
251.909,11.6441
252.014,11.6441
252.119,11.6441
252.224,11.6441
252.329,11.6441
252.434,11.6441
252.539,11.6441
252.644,11.6441
252.749,11.6441
252.854,11.6441
252.959,11.6441
253.064,11.6441
253.169,11.6441
253.274,11.6441
253.381,11.6441
253.484,11.6441
253.589,11.6441
253.694,11.6441
253.799,11.6441
253.904,11.6441
254.009,11.6441
254.114,11.6441
254.219,11.6441
254.324,11.6441
254.429,11.6441
254.534,11.6441
254.639,11.6441
254.744,11.6441
254.849,11.6441
254.954,11.6441
255.059,11.6441
255.164,11.6441
255.269,11.6441
255.374,11.6441
255.479,11.6441
255.584,11.6441
255.689,11.6441
255.794,11.6441
255.899,11.6441
256.004,11.6441
256.109,11.6441
256.214,11.6441
256.319,11.6441
256.424,11.6441
256.529,11.6441
256.634,11.6441
256.739,11.6441
256.844,11.6441
256.949,11.6441
257.054,11.6441
257.159,11.6441
257.264,11.6441
257.369,11.6441
257.474,11.6441
257.579,11.6441
257.684,11.6441
257.789,11.6441
257.894,11.6441
257.999,11.6441
258.104,11.6441
258.209,11.6441
258.314,11.6441
258.419,11.6441
258.524,11.6441
258.631,11.6441
258.734,11.6441
258.839,11.6441
258.944,11.6441
259.049,11.6441
259.154,11.6441
259.259,11.6441
259.364,11.6441
259.469,11.6441
259.574,11.6441
259.679,11.6441
259.784,11.6441
259.889,11.6441
259.994,11.6441
260.099,11.6441
260.204,11.6441
260.309,11.6441
260.414,11.6441
260.519,11.6441
260.624,11.6441
260.729,11.6441
260.834,11.6441
260.939,11.6441
261.044,11.6441
261.149,11.6441
261.254,11.6441
261.359,11.6441
261.464,11.6441
261.569,11.6441
261.674,11.6441
261.779,11.6441
261.884,11.6441
261.989,11.6441
262.094,11.6441
262.199,11.6441
262.304,11.6441
262.409,11.6441
262.514,11.6441
262.619,11.6441
262.724,11.6441
262.829,11.6441
262.934,11.6441
263.039,11.6441
263.144,11.6441
263.249,11.6441
263.354,11.6441
263.459,11.6441
263.564,11.6441
263.669,11.6441
263.774,11.6441
263.881,11.6441
263.984,11.6441
264.089,11.6441
264.194,11.6441
264.299,11.6441
264.404,11.6441
264.509,11.6441
264.614,11.6441
264.719,11.6441
264.824,11.6441
264.929,11.6441
265.034,11.6441
265.139,11.6441
265.244,11.6441
265.349,11.6441
265.454,11.6441
265.559,11.6441
265.664,11.6441
265.769,11.6441
265.874,11.6441
265.979,11.6441
266.084,11.6441
266.189,11.6441
266.294,11.6441
266.399,11.6441
266.504,11.6441
266.609,11.6441
266.714,11.6441
266.819,11.6441
266.924,11.6441
267.029,11.6441
267.134,11.6441
267.239,11.6441
267.344,11.6441
267.449,11.6441
267.554,11.6441
267.659,11.6441
267.764,11.6441
267.869,11.6441
267.974,11.6441
268.079,11.6441
268.184,11.6441
268.289,11.6441
268.394,11.6441
268.499,11.6441
268.604,11.6441
268.709,11.6441
268.814,11.6441
268.919,11.6441
269.024,11.6441
269.131,11.6441
269.234,11.6441
269.339,11.6441
269.444,11.6441
269.549,11.6441
269.654,11.6441
269.759,11.6441
269.864,11.6441
269.969,11.6441
270.074,11.6441
270.179,11.6441
270.284,11.6441
270.389,11.6441
270.494,11.6441
270.599,11.6441
270.704,11.6441
270.809,11.6441
270.914,11.6441
271.019,11.6441
271.124,11.6441
271.229,11.6441
271.334,11.6441
271.439,11.6441
271.544,11.6441
271.649,11.6441
271.754,11.6441
271.859,11.6441
271.964,11.6441
272.069,11.6441
272.174,11.6441
272.279,11.6441
272.384,11.6441
272.489,11.6441
272.594,11.6441
272.699,11.6441
272.804,11.6441
272.909,11.6441
273.014,11.6441
273.119,11.6441
273.224,11.6441
273.329,11.6441
273.434,11.6441
273.539,11.6441
273.644,11.6441
273.749,11.6441
273.854,11.6441
273.959,11.6441
274.064,11.6441
274.169,11.6441
274.274,11.6441
274.381,11.6441
274.484,11.6441
274.589,11.6441
274.694,11.6441
274.799,11.6441
274.904,11.6441
275.009,11.6441
275.114,11.6441
275.219,11.6441
275.324,11.6441
275.429,11.6441
275.534,11.6441
275.639,11.6441
275.744,11.6441
275.849,11.6441
275.954,11.6441
276.059,11.6441
276.164,11.6441
276.269,11.6441
276.374,11.6441
276.479,11.6441
276.584,11.6441
276.689,11.6441
276.794,11.6441
276.899,11.6441
277.004,11.6441
277.109,11.6441
277.214,11.6441
277.319,11.6441
277.424,11.6441
277.529,11.6441
277.634,11.6441
277.739,11.6441
277.844,11.6441
277.949,11.6441
278.054,11.6441
278.159,11.6441
278.264,11.6441
278.369,11.6441
278.474,11.6441
278.579,11.6441
278.684,11.6441
278.789,11.6441
278.894,11.6441
278.999,11.6441
279.104,11.6441
279.209,11.6441
279.314,11.6441
279.419,11.6441
279.524,11.6441
279.631,11.6441
279.734,11.6441
279.839,11.6441
279.944,11.6441
280.049,11.6441
280.154,11.6441
280.259,11.6441
280.364,11.6441
280.469,11.6441
280.574,11.6441
280.679,11.6441
280.784,11.6441
280.889,11.6441
280.994,11.6441
281.099,11.6441
281.204,11.6441
281.309,11.6441
281.414,11.6441
281.519,11.6441
281.624,11.6441
281.729,11.6441
281.834,11.6441
281.939,11.6441
282.044,11.6441
282.149,11.6441
282.254,11.6441
282.359,11.6441
282.464,11.6441
282.569,11.6441
282.674,11.6441
282.779,11.6441
282.884,11.6441
282.989,11.6441
283.094,11.6441
283.199,11.6441
283.304,11.6441
283.409,11.6441
283.514,11.6441
283.619,11.6441
283.724,11.6441
283.829,11.6441
283.934,11.6441
284.039,11.6441
284.144,11.6441
284.249,11.6441
284.354,11.6441
284.459,11.6441
284.564,11.6441
284.669,11.6441
284.774,11.6441
284.881,11.6441
284.984,11.6441
285.089,11.6441
285.194,11.6441
285.299,11.6441
285.404,11.6441
285.509,11.6441
285.614,11.6441
285.719,11.6441
285.824,11.6441
285.929,11.6441
286.034,11.6441
286.139,11.6441
286.244,11.6441
286.349,11.6441
286.454,11.6441
286.559,11.6441
286.664,11.6441
286.769,11.6441
286.874,11.6441
286.979,11.6441
287.084,11.6441
287.189,11.6441
287.294,11.6441
287.399,11.6441
287.504,11.6441
287.609,11.6441
287.714,11.6441
287.819,11.6441
287.924,11.6441
288.029,11.6441
288.134,11.6441
288.239,11.6441
288.344,11.6441
288.449,11.6441
288.554,11.6441
288.659,11.6441
288.764,11.6441
288.869,11.6441
288.974,11.6441
289.079,11.6441
289.184,11.6441
289.289,11.6441
289.394,11.6441
289.499,11.6441
289.604,11.6441
289.709,11.6441
289.814,11.6441
289.919,11.6441
290.024,11.6441
290.131,11.6441
290.234,11.6441
290.339,11.6441
290.444,11.6441
290.549,11.6441
290.654,11.6441
290.759,11.6441
290.864,11.6441
290.969,11.6441
291.074,11.6441
291.179,11.6441
291.284,11.6441
291.389,11.6441
291.494,11.6441
291.599,11.6441
291.704,11.6441
291.809,11.6441
291.914,11.6441
292.019,11.6441
292.124,11.6441
292.229,11.6441
292.334,11.6441
292.439,11.6441
292.544,11.6441
292.649,11.6441
292.754,11.6441
292.859,11.6441
292.964,11.6441
293.069,11.6441
293.174,11.6441
293.279,11.6441
293.384,11.6441
293.489,11.6441
293.594,11.6441
293.699,11.6441
293.804,11.6441
293.909,11.6441
294.014,11.6441
294.119,11.6441
294.224,11.6441
294.329,11.6441
294.434,11.6441
294.539,11.6441
294.644,11.6441
294.749,11.6441
294.854,11.6441
294.959,11.6441
295.064,11.6441
295.169,11.6441
295.274,11.6441
295.381,11.6441
295.484,11.6441
295.589,11.6441
295.694,11.6441
295.799,11.6441
295.904,11.6441
296.009,11.6441
296.114,11.6441
296.219,11.6441
296.324,11.6441
296.429,11.6441
296.534,11.6441
296.639,11.6441
296.744,11.6441
296.849,11.6441
296.954,11.6441
297.059,11.6441
297.164,11.6441
297.269,11.6441
297.374,11.6441
297.479,11.6441
297.584,11.6441
297.689,11.6441
297.794,11.6441
297.899,11.6441
298.004,11.6441
298.109,11.6441
298.214,11.6441
298.319,11.6441
298.424,11.6441
298.529,11.6441
298.634,11.6441
298.739,11.6441
298.844,11.6441
298.949,11.6441
299.054,11.6441
299.159,11.6441
299.264,11.6441
299.369,11.6441
299.474,11.6441
299.579,11.6441
299.684,11.6441
299.789,11.6441
299.894,11.6441
299.999,11.6441
300.104,11.6441
300.209,11.6441
300.314,11.6441
300.419,11.6441
300.524,11.6441
300.631,11.6441
300.734,11.6441
300.839,11.6441
300.944,11.6441
301.049,11.6441
301.154,11.6441
301.259,11.6441
301.364,11.6441
301.469,11.6441
301.574,11.6441
301.679,11.6441
301.784,11.6441
301.889,11.6441
301.994,11.6441
302.099,11.6441
302.204,11.6441
302.309,11.6441
302.414,11.6441
302.519,11.6441
302.624,11.6441
302.729,11.6441
302.834,11.6441
302.939,11.6441
303.044,11.6441
303.149,11.6441
303.254,11.6441
303.359,11.6441
303.464,11.6441
303.569,11.6441
303.674,11.6441
303.779,11.6441
303.884,11.6441
303.989,11.6441
304.094,11.6441
304.199,11.6441
304.304,11.6441
304.409,11.6441
304.514,11.6441
304.619,11.6441
304.724,11.6441
304.829,11.6441
304.934,11.6441
305.039,11.6441
305.144,11.6441
305.249,11.6441
305.354,11.6441
305.459,11.6441
305.564,11.6441
305.669,11.6441
305.774,11.6441
305.881,11.6441
305.984,11.6441
306.089,11.6441
306.194,11.6441
306.299,11.6441
306.404,11.6441
306.509,11.6441
306.614,11.6441
306.719,11.6441
306.824,11.6441
306.929,11.6441
307.034,11.6441
307.139,11.6441
307.244,11.6441
307.349,11.6441
307.454,11.6441
307.559,11.6441
307.664,11.6441
307.769,11.6441
307.874,11.6441
307.979,11.6441
308.084,11.6441
308.189,11.6441
308.294,11.6441
308.399,11.6441
308.504,11.6441
308.609,11.6441
308.714,11.6441
308.819,11.6441
308.924,11.6441
309.029,11.6441
309.134,11.6441
309.239,11.6441
309.344,11.6441
309.449,11.6441
309.554,11.6441
309.659,11.6441
309.764,11.6441
309.869,11.6441
309.974,11.6441
310.079,11.6441
310.184,11.6441
310.289,11.6441
310.394,11.6441
310.499,11.6441
310.604,11.6441
310.709,11.6441
310.814,11.6441
310.919,11.6441
311.024,11.6441
311.131,11.6441
311.234,11.6441
311.339,11.6441
311.444,11.6441
311.549,11.6441
311.654,11.6441
311.759,11.6441
311.864,11.6441
311.969,11.6441
312.074,11.6441
312.179,11.6441
312.284,11.6441
312.389,11.6441
312.494,11.6441
312.599,11.6441
312.704,11.6441
312.809,11.6441
312.914,11.6441
313.019,11.6441
313.124,11.6441
313.229,11.6441
313.334,11.6441
313.439,11.6441
313.544,11.6441
313.649,11.6441
313.754,11.6441
313.859,11.6441
313.964,11.6441
314.069,11.6441
314.174,11.6441
314.279,11.6441
314.384,11.6441
314.489,11.6441
314.594,11.6441
314.699,11.6441
314.804,11.6441
314.909,11.6441
315.014,11.6441
315.119,11.6441
315.224,11.6441
315.329,11.6441
315.434,11.6441
315.539,11.6441
315.644,11.6441
315.749,11.6441
315.854,11.6441
315.959,11.6441
316.064,11.6441
316.169,11.6441
316.274,11.6441
316.381,11.6441
316.484,11.6441
316.589,11.6441
316.694,11.6441
316.799,11.6441
316.904,11.6441
317.009,11.6441
317.114,11.6441
317.219,11.6441
317.324,11.6441
317.429,11.6441
317.534,11.6441
317.639,11.6441
317.744,11.6441
317.849,11.6441
317.954,11.6441
318.059,11.6441
318.164,11.6441
318.269,11.6441
318.374,11.6441
318.479,11.6441
318.584,11.6441
318.689,11.6441
318.794,11.6441
318.899,11.6441
319.004,11.6441
319.109,11.6441
319.214,11.6441
319.319,11.6441
319.424,11.6441
319.529,11.6441
319.634,11.6441
319.739,11.6441
319.844,11.6441
319.949,11.6441
320.054,11.6441
320.159,11.6441
320.264,11.6441
320.369,11.6441
320.474,11.6441
320.579,11.6441
320.684,11.6441
320.789,11.6441
320.894,11.6441
320.999,11.6441
321.104,11.6441
321.209,11.6441
321.314,11.6441
321.419,11.6441
321.524,11.6441
321.631,11.6441
321.734,11.6441
321.839,11.6441
321.944,11.6441
322.049,11.6441
322.154,11.6441
322.259,11.6441
322.364,11.6441
322.469,11.6441
322.574,11.6441
322.679,11.6441
322.784,11.6441
322.889,11.6441
322.994,11.6441
323.099,11.6441
323.204,11.6441
323.309,11.6441
323.414,11.6441
323.519,11.6441
323.624,11.6441
323.729,11.6441
323.834,11.6441
323.939,11.6441
324.044,11.6441
324.149,11.6441
324.254,11.6441
324.359,11.6441
324.464,11.6441
324.569,11.6441
324.674,11.6441
324.779,11.6441
324.884,11.6441
324.989,11.6441
325.094,11.6441
325.199,11.6441
325.304,11.6441
325.409,11.6441
325.514,11.6441
325.619,11.6441
325.724,11.6441
325.829,11.6441
325.934,11.6441
326.039,11.6441
326.144,11.6441
326.249,11.6441
326.354,11.6441
326.459,11.6441
326.564,11.6441
326.669,11.6441
326.774,11.6441
326.881,11.6441
326.984,11.6441
327.089,11.6441
327.194,11.6441
327.299,11.6441
327.404,11.6441
327.509,11.6441
327.614,11.6441
327.719,11.6441
327.824,11.6441
327.929,11.6441
328.034,11.6441
328.139,11.6441
328.244,11.6441
328.349,11.6441
328.454,11.6441
328.559,11.6441
328.664,11.6441
328.769,11.6441
328.874,11.6441
328.979,11.6441
329.084,11.6441
329.189,11.6441
329.294,11.6441
329.399,11.6441
329.504,11.6441
329.609,11.6441
329.714,11.6441
329.819,11.6441
329.924,11.6441
330.029,11.6441
330.134,11.6441
330.239,11.6441
330.344,11.6441
330.449,11.6441
330.554,11.6441
330.659,11.6441
330.764,11.6441
330.869,11.6441
330.974,11.6441
331.079,11.6441
331.184,11.6441
331.289,11.6441
331.394,11.6441
331.499,11.6441
331.604,11.6441
331.709,11.6441
331.814,11.6441
331.919,11.6441
332.024,11.6441
332.131,11.6441
332.234,11.6441
332.339,11.6441
332.444,11.6441
332.549,11.6441
332.654,11.6441
332.759,11.6441
332.864,11.6441
332.969,11.6441
333.074,11.6441
333.179,11.6441
333.284,11.6441
333.389,11.6441
333.494,11.6441
333.599,11.6441
333.704,11.6441
333.809,11.6441
333.914,11.6441
334.019,11.6441
334.124,11.6441
334.229,11.6441
334.334,11.6441
334.439,11.6441
334.544,11.6441
334.649,11.6441
334.754,11.6441
334.859,11.6441
334.964,11.6441
335.069,11.6441
335.174,11.6441
335.279,11.6441
335.384,11.6441
335.489,11.6441
335.594,11.6441
335.699,11.6441
335.804,11.6441
335.909,11.6441
336.014,11.6441
336.119,11.6441
336.224,11.6441
336.329,11.6441
336.434,11.6441
336.539,11.6441
336.644,11.6441
336.749,11.6441
336.854,11.6441
336.959,11.6441
337.064,11.6441
337.169,11.6441
337.274,11.6441
337.389,11.6441
337.484,11.6441
337.589,11.6441
337.694,11.6441
337.799,11.6441
337.904,11.6441
338.009,11.6441
338.114,11.6441
338.219,11.6441
338.324,11.6441
338.429,11.6441
338.534,11.6441
338.639,11.6441
338.744,11.6441
338.849,11.6441
338.954,11.6441
339.059,11.6441
339.164,11.6441
339.269,11.6441
339.374,11.6441
339.479,11.6441
339.584,11.6441
339.689,11.6441
339.794,11.6441
339.899,11.6441
340.004,11.6441
340.109,11.6441
340.214,11.6441
340.319,11.6441
340.424,11.6441
340.529,11.6441
340.634,11.6441
340.739,11.6441
340.844,11.6441
340.949,11.6441
341.054,11.6441
341.159,11.6441
341.264,11.6441
341.369,11.6441
341.474,11.6441
341.579,11.6441
341.684,11.6441
341.789,11.6441
341.894,11.6441
341.999,11.6441
342.104,11.6441
342.209,11.6441
342.314,11.6441
342.419,11.6441
342.524,11.6441
342.639,11.6441
342.734,11.6441
342.839,11.6441
342.944,11.6441
343.049,11.6441
343.154,11.6441
343.259,11.6441
343.364,11.6441
343.469,11.6441
343.574,11.6441
343.679,11.6441
343.784,11.6441
343.889,11.6441
343.994,11.6441
344.099,11.6441
344.204,11.6441
344.309,11.6441
344.414,11.6441
344.519,11.6441
344.624,11.6441
344.729,11.6441
344.834,11.6441
344.939,11.6441
345.044,11.6441
345.149,11.6441
345.254,11.6441
345.359,11.6441
345.464,11.6441
345.569,11.6441
345.674,11.6441
345.779,11.6441
345.884,11.6441
345.989,11.6441
346.094,11.6441
346.199,11.6441
346.304,11.6441
346.409,11.6441
346.514,11.6441
346.619,11.6441
346.724,11.6441
346.829,11.6441
346.934,11.6441
347.039,11.6441
347.144,11.6441
347.249,11.6441
347.354,11.6441
347.459,11.6441
347.564,11.6441
347.669,11.6441
347.774,11.6441
347.881,11.6441
347.984,11.6441
348.089,11.6441
348.194,11.6441
348.299,11.6441
348.404,11.6441
348.509,11.6441
348.614,11.6441
348.719,11.6441
348.824,11.6441
348.929,11.6441
349.034,11.6441
349.139,11.6441
349.244,11.6441
349.349,11.6441
349.454,11.6441
349.559,11.6441
349.664,11.6441
349.769,11.6441
349.874,11.6441
349.979,11.6441
350.084,11.6441
350.189,11.6441
350.294,11.6441
350.399,11.6441
350.504,11.6441
350.609,11.6441
350.714,11.6441
350.819,11.6441
350.924,11.6441
351.029,11.6441
351.134,11.6441
351.239,11.6441
351.344,11.6441
351.449,11.6441
351.554,11.6441
351.659,11.6441
351.764,11.6441
351.869,11.6441
351.974,11.6441
352.079,11.6441
352.184,11.6441
352.289,11.6441
352.394,11.6441
352.499,11.6441
352.604,11.6441
352.709,11.6441
352.814,11.6441
352.919,11.6441
353.024,11.6441
353.131,11.6441
353.234,11.6441
353.339,11.6441
353.444,11.6441
353.549,11.6441
353.654,11.6441
353.759,11.6441
353.864,11.6441
353.969,11.6441
354.074,11.6441
354.179,11.6441
354.284,11.6441
354.389,11.6441
354.494,11.6441
354.599,11.6441
354.704,11.6441
354.809,11.6441
354.914,11.6441
355.019,11.6441
355.124,11.6441
355.229,11.6441
355.334,11.6441
355.439,11.6441
355.544,11.6441
355.649,11.6441
355.754,11.6441
355.859,11.6441
355.964,11.6441
356.069,11.6441
356.174,11.6441
356.279,11.6441
356.384,11.6441
356.489,11.6441
356.594,11.6441
356.699,11.6441
356.804,11.6441
356.909,11.6441
357.014,11.6441
357.119,11.6441
357.224,11.6441
357.329,11.6441
357.434,11.6441
357.539,11.6441
357.644,11.6441
357.749,11.6441
357.854,11.6441
357.959,11.6441
358.064,11.6441
358.169,11.6441
358.274,11.6441
358.381,11.6441
358.484,11.6441
358.589,11.6441
358.694,11.6441
358.799,11.6441
358.904,11.6441
359.009,11.6441
359.114,11.6441
359.219,11.6441
359.324,11.6441
361.012,11.6441
361.117,11.6441
361.222,11.6441
361.327,11.6441
361.432,11.6441
361.537,11.6441
361.642,11.644
361.747,11.644
361.852,11.644
361.957,11.644
362.062,11.644
362.167,11.644
362.272,11.644
362.377,11.644
362.482,11.644
362.587,11.644
362.692,11.6441
362.797,11.6441
362.902,11.6441
363.007,11.6441
363.112,11.6441
363.217,11.6441
363.322,11.6441
363.427,11.6441
363.532,11.6441
363.637,11.6442
363.742,11.6442
363.847,11.6442
363.952,11.6442
364.057,11.6442
364.162,11.6442
364.267,11.6442
364.372,11.6442
364.477,11.6442
364.582,11.6445
364.687,11.6445
364.792,11.6445
364.897,11.6445
365.002,11.6445
365.107,11.6445
365.212,11.6445
365.317,11.6445
365.422,11.6445
365.527,11.6445
365.632,11.6448
365.737,11.6448
365.842,11.6448
365.947,11.6448
366.052,11.6448
366.157,11.6448
366.262,11.6448
366.367,11.6448
366.472,11.6448
366.577,11.645
366.682,11.645
366.787,11.645
366.892,11.645
366.997,11.645
367.102,11.645
367.209,11.645
367.312,11.645
367.417,11.645
367.522,11.645
367.627,11.645
367.732,11.645
367.837,11.645
367.942,11.645
368.047,11.645
368.152,11.645
368.257,11.645
368.362,11.645
368.467,11.645
368.572,11.645
368.677,11.645
368.782,11.645
368.887,11.645
368.992,11.645
369.097,11.645
369.202,11.645
369.307,11.645
369.412,11.645
369.517,11.645
369.622,11.6449
369.727,11.6449
369.832,11.6449
369.937,11.6449
370.042,11.6449
370.147,11.6449
370.252,11.6449
370.357,11.6449
370.462,11.6449
370.567,11.6447
370.672,11.6447
370.777,11.6447
370.882,11.6447
370.987,11.6447
371.092,11.6447
371.197,11.6447
371.302,11.6447
371.407,11.6447
371.512,11.6447
371.617,11.6445
371.722,11.6445
371.827,11.6445
371.932,11.6445
372.037,11.6445
372.142,11.6445
372.247,11.6445
372.352,11.6445
372.457,11.6445
372.562,11.6443
372.667,11.6443
372.772,11.6443
372.877,11.6443
372.982,11.6443
373.087,11.6443
373.192,11.6443
373.297,11.6443
373.402,11.6443
373.507,11.6443
373.612,11.6442
373.717,11.6442
373.822,11.6442
373.927,11.6442
374.032,11.6442
374.137,11.6442
374.242,11.6442
374.347,11.6442
374.452,11.6442
374.557,11.6442
374.662,11.6442
374.767,11.6442
374.872,11.6442
374.977,11.6442
375.082,11.6442
375.187,11.6442
375.292,11.6442
375.397,11.6442
375.502,11.6442
375.607,11.6442
375.712,11.6442
375.817,11.6442
375.922,11.6442
376.027,11.6442
376.132,11.6442
376.237,11.6442
376.342,11.6442
376.447,11.6442
376.552,11.6442
376.657,11.6443
376.762,11.6443
376.867,11.6443
376.972,11.6443
377.077,11.6443
377.182,11.6443
377.287,11.6443
377.392,11.6443
377.497,11.6443
377.602,11.6444
377.709,11.6444
377.812,11.6444
377.917,11.6444
378.022,11.6444
378.127,11.6444
378.232,11.6444
378.337,11.6444
378.442,11.6444
378.547,11.6444
378.652,11.6445
378.757,11.6445
378.862,11.6445
378.967,11.6445
379.072,11.6445
379.177,11.6445
379.282,11.6445
379.387,11.6445
379.492,11.6445
379.597,11.6446
379.702,11.6446
379.807,11.6446
379.912,11.6446
380.017,11.6446
380.122,11.6446
380.227,11.6446
380.332,11.6446
380.437,11.6446
380.542,11.6446
380.647,11.6447
380.752,11.6447
380.857,11.6447
380.962,11.6447
381.067,11.6447
381.172,11.6447
381.277,11.6447
381.382,11.6447
381.487,11.6447
381.592,11.6447
381.697,11.6447
381.802,11.6447
381.907,11.6447
382.012,11.6447
382.117,11.6447
382.222,11.6447
382.327,11.6447
382.432,11.6447
382.537,11.6447
382.642,11.6448
382.747,11.6448
382.852,11.6448
382.957,11.6448
383.062,11.6448
383.167,11.6448
383.272,11.6448
383.377,11.6448
383.482,11.6448
383.587,11.6447
383.692,11.6447
383.797,11.6447
383.902,11.6447
384.007,11.6447
384.112,11.6447
384.217,11.6447
384.322,11.6447
384.427,11.6447
384.532,11.6447
384.637,11.6446
384.742,11.6446
384.847,11.6446
384.952,11.6446
385.057,11.6446
385.162,11.6446
385.267,11.6446
385.372,11.6446
385.477,11.6446
385.582,11.6444
385.687,11.6444
385.792,11.6444
385.897,11.6444
386.002,11.6444
386.107,11.6444
386.212,11.6444
386.317,11.6444
386.422,11.6444
386.527,11.6444
386.632,11.6441
386.737,11.6441
386.842,11.6441
386.947,11.6441
387.052,11.6441
387.157,11.6441
387.262,11.6441
387.367,11.6441
387.472,11.6441
387.577,11.644
387.682,11.644
387.787,11.644
387.892,11.644
387.997,11.644
388.102,11.644
388.209,11.644
388.312,11.644
388.417,11.644
388.522,11.644
388.627,11.644
