#time, accX[]
27.9021,-0.735271
28.0071,-0.732876
28.1121,-0.687371
28.2171,-0.799937
28.3221,-0.58678
28.4271,-0.790356
28.5321,-0.730481
28.6371,-0.524509
28.7421,-0.768801
28.8471,-0.783171
28.9521,-0.728086
29.0571,-0.720901
29.1621,-0.732876
29.2671,-0.866997
29.3721,-0.759221
29.4771,-0.593965
29.5821,-0.711321
29.6871,-0.62989
29.7921,-0.637075
29.8971,-0.656235
30.0021,-0.730481
30.1071,-0.708926
30.2121,-0.704136
30.3171,-0.706531
30.4221,-0.730481
30.5271,-0.766406
30.6321,-0.656235
30.7371,-0.65863
30.8421,-0.706531
30.9471,-0.716111
31.0521,-0.730481
31.1571,-0.728086
31.2621,-0.720901
31.3671,-0.704136
31.4721,-0.699346
31.5771,-0.723296
31.6821,-0.718506
31.7871,-0.711321
31.8921,-0.708926
31.9971,-0.646655
32.1021,-0.677791
32.2071,-0.689766
32.3121,-0.617915
32.4171,-0.684976
32.5221,-0.706531
32.6271,-0.711321
32.7321,-0.732876
32.8371,-0.699346
32.9421,-0.694556
33.0471,-0.711321
33.1521,-0.718506
33.2571,-0.694556
33.3621,-0.718506
33.4671,-0.665815
33.5721,-0.59157
33.6771,-0.759221
33.7821,-0.761616
33.8871,-0.723296
33.9921,-0.696951
34.0971,-0.728086
34.2021,-0.61552
34.3071,-0.60594
34.4121,-0.737666
34.5171,-0.58199
34.6221,-0.692161
34.7271,-0.752036
34.8321,-0.64905
34.9371,-0.740061
35.0421,-0.718506
35.1471,-0.687371
35.2521,-0.387993
35.3571,-0.656235
35.4621,-0.673001
35.5671,-0.706531
35.6721,-0.646655
35.7771,-0.725691
35.8821,-0.65384
35.9871,-0.682581
36.0921,-0.699346
36.1971,-0.684976
36.3021,-0.775986
36.4071,-0.684976
36.5121,-0.754431
36.6171,-0.689766
36.7221,-0.826282
36.8271,-0.689766
36.9321,-0.725691
37.0371,-0.716111
37.1421,-0.728086
37.2471,-0.752036
37.3521,-0.761616
37.4571,-0.670605
37.5621,-0.759221
37.6671,-0.706531
37.7721,-0.752036
37.8771,-0.699346
37.9821,-0.687371
38.0871,-0.752036
38.1921,-0.684976
38.2971,-0.474214
38.4021,-0.531694
38.5071,-0.792751
38.6121,-0.764011
38.7171,-0.589175
38.8221,-0.749641
38.9271,-0.737666
39.0321,-0.670605
39.1581,-0.637075
39.2631,-0.764011
39.3681,-0.718506
39.4731,-0.63947
39.5781,-1.06578
39.6831,-0.651445
39.7881,-0.613125
39.8931,-0.603545
39.9981,-0.742456
40.1031,-0.589175
40.2081,-0.747246
40.3131,-0.804727
40.4181,-0.661025
40.5231,-0.843047
40.6281,-0.701741
40.7331,-0.886157
40.8381,-0.747246
40.9431,-0.476609
41.0481,-0.613125
41.1531,-0.819097
41.2581,-0.512534
41.3631,-0.689766
41.4681,-0.857417
41.5731,-0.711321
41.6781,-0.773591
41.7831,-0.665815
41.8881,-0.747246
41.9931,-0.593965
42.0981,-0.814307
42.2031,-0.598755
42.3081,-0.55804
42.4131,-1.02986
42.5181,-0.689766
42.6231,-0.675396
42.7281,-0.661025
42.8331,-0.6251
42.9381,-0.59157
43.0431,-0.64905
43.1481,-0.62989
43.2531,-0.483794
43.3581,-0.55804
43.4631,-0.689766
43.5681,-0.696951
43.6731,-0.764011
43.7781,-0.55325
43.8831,-0.481399
43.9881,-0.390388
44.0931,-0.716111
44.1981,-0.64426
44.3031,-0.617915
44.4081,-0.598755
44.5131,-0.668211
44.6181,-0.804727
44.7231,-0.680186
44.8281,-0.838257
44.9331,-0.59636
45.0381,-0.668211
45.1431,-0.543669
45.2481,-0.730481
45.3531,-0.438289
45.4581,-0.749641
45.5631,-0.574805
45.6681,-0.546064
45.7731,-0.608335
45.8781,-0.443079
45.9831,-0.62989
46.0881,-0.555645
46.1931,-0.510139
46.2981,-0.661025
46.4031,-0.500559
46.5081,-0.589175
46.6131,-0.495769
46.7181,-0.227527
46.8231,-0.766406
46.9281,-0.646655
47.0331,-0.613125
47.1381,-0.756826
47.2431,-0.701741
47.3481,-0.701741
47.4531,-0.771196
47.5581,-0.603545
47.6631,-0.713716
47.7681,-0.646655
47.8731,-0.62989
47.9781,-0.579595
48.0831,-0.716111
48.1881,-0.687371
48.2931,-0.593965
48.3981,-0.62989
48.5031,-0.708926
48.6081,0.421523
48.7131,-0.670605
48.8181,-0.656235
48.9231,-0.579595
49.0281,-0.481399
49.1331,-0.821492
49.2381,-0.560435
49.3431,-0.57241
49.4481,-0.878972
49.5531,-0.826282
49.6581,-0.56762
49.7631,-0.66342
49.8681,-0.531694
49.9731,-0.507744
50.0781,-0.598755
50.1831,-0.61073
50.2881,-0.543669
50.3931,-0.517324
50.4981,-0.991538
50.6031,-0.193997
50.7081,-0.811912
50.8131,-0.608335
50.9181,-0.6251
51.0231,-0.646655
51.1281,-0.632285
51.2331,-0.617915
51.3381,-0.63947
51.4431,-0.61552
51.5481,-0.63468
51.6531,-0.637075
51.7581,-0.63468
51.8631,-0.62989
51.9681,-0.63468
52.0731,-0.632285
52.1781,-0.656235
52.2831,-0.63468
52.3882,-0.62031
52.4931,-0.63468
52.5981,-0.632285
52.7031,-0.637075
52.8081,-0.64426
52.9131,-0.64426
53.0181,-0.627495
53.1231,-0.632285
53.2281,-0.641865
53.3331,-0.62989
53.4381,-0.641865
53.5431,-0.64426
53.6481,-0.627495
53.7531,-0.627495
53.8581,-0.63468
53.9631,-0.651445
54.0681,-0.63468
54.1731,-0.637075
54.2781,-0.64426
54.3831,-0.64905
54.4881,-0.622705
54.5931,-0.64905
54.6981,-0.622705
54.8031,-0.64905
54.9081,-0.64905
55.0131,-0.65384
55.1181,-0.651445
55.2231,-0.64426
55.3281,-0.63947
55.4331,-0.627495
55.5381,-0.64426
55.6431,-0.637075
55.7481,-0.63947
55.8531,-0.632285
55.9581,-0.6251
56.0631,-0.641865
56.1681,-0.63468
56.2731,-0.62989
56.3781,-0.627495
56.4831,-0.646655
56.5881,-0.632285
56.6931,-0.64426
56.7981,-0.61073
56.9031,-0.6251
57.0081,-0.62989
57.1131,-0.632285
57.2181,-0.63947
57.3231,-0.641865
57.4281,-0.622705
57.5331,-0.641865
57.6381,-0.62989
57.7431,-0.6251
57.8481,-0.62989
57.9531,-0.632285
58.0581,-0.64426
58.1631,-0.617915
58.2681,-0.617915
58.3731,-0.632285
58.4781,-0.63468
58.5831,-0.627495
58.6881,-0.62031
58.7931,-0.637075
58.8981,-0.60594
59.0031,-0.376018
59.1081,-0.443079
59.2131,-0.64426
59.3181,-0.64905
59.4231,-0.651445
59.5281,-0.65863
59.6331,-0.673001
59.7381,-0.668211
59.8431,-0.668211
59.9481,-0.646655
60.0531,-0.65863
60.1581,-0.646655
60.2631,-0.668211
60.3681,-0.701741
60.4731,-0.5772
60.5781,-0.64905
60.6831,-0.668211
60.7881,-0.65863
60.8931,-0.665815
60.9981,-0.66342
61.1031,-0.66342
61.2081,-0.63947
61.3131,-0.651445
61.4181,-0.673001
61.5231,-0.692161
61.6281,-0.656235
61.7331,-0.656235
61.8381,-0.651445
61.9431,-0.646655
62.0481,-0.60594
62.1531,-0.675396
62.2581,-0.498164
62.3631,-0.63947
62.4681,-0.684976
62.5731,-0.716111
62.6781,-0.684976
62.7831,-0.64905
62.8881,-0.64905
62.9931,-0.65863
63.0981,-0.64426
63.2031,-0.651445
63.3081,-0.66342
63.4131,-0.66342
63.5181,-0.65863
63.6231,-0.651445
63.7281,-0.65384
63.8331,-0.637075
63.9381,-0.661025
64.0431,-0.651445
64.1481,-0.713716
64.2531,-0.682581
64.3581,-0.728086
64.4631,-0.62989
64.5681,-0.58678
64.6731,-0.675396
64.7781,-1.03704
64.8831,-0.783171
64.9881,-0.881367
65.0931,-0.65863
65.1981,-0.802332
65.3031,-0.941243
65.4081,-0.749641
65.5131,-0.720901
65.6181,-0.716111
65.7231,-1.00112
65.8281,-0.749641
65.9331,-0.541274
66.0381,-0.328118
66.1431,0.241897
66.2481,0.438289
66.3531,1.04902
66.4581,0.989143
66.5631,0.771196
66.6681,0.493374
66.7731,0.347278
66.8781,0.467029
66.9831,0.0886157
67.0881,-0.380808
67.1931,0.560435
67.2981,0.661025
67.4031,0.0407153
67.5081,0.335303
67.6131,-0.0215552
67.7181,-0.0215552
67.8231,-0.0311353
67.9281,-0.371228
68.0331,0.146096
68.1381,-0.0359253
68.2431,-0.165256
68.3481,0.407153
68.4531,-0.0598755
68.5581,-0.399968
68.6631,0.227527
68.7681,0.0215552
68.8731,0.196392
68.9781,0.251477
69.0831,-0.00718506
69.1881,0.215552
69.2931,0.423918
69.3981,0.0598755
69.5031,0.328118
69.6081,-0.0550855
69.7131,-0.919688
69.8181,-0.349673
69.9231,-0.220342
70.0281,0.158071
70.1331,0.270637
70.2381,0.234712
70.3431,0.134121
70.4481,0.534089
70.5531,0.112566
70.6581,-0.153281
70.7631,0.172441
70.8681,-0.301772
70.9731,-0.217947
71.0781,-0.165256
71.1831,0.495769
71.2881,0.193997
71.3931,0.0287402
71.4981,0.167651
71.6031,0.227527
71.7081,0.301772
71.8131,0.534089
71.9181,0.335303
72.0231,0.280217
72.1281,0.58199
72.2331,0.467029
72.3381,0.409548
72.4431,0.402363
72.5481,0.349673
72.6531,0.517324
72.7581,0.0479004
72.8631,-0.0742456
72.9681,0.0574805
73.0731,0.241897
73.1781,0.249082
73.2831,-0.0287402
73.3881,0.201182
73.4931,0.110171
73.5981,-0.0862207
73.7031,-0.570015
73.8081,0.359253
73.9131,-0.538879
74.0181,0.102986
74.1231,0.0335303
74.2281,0.0431104
74.3331,-0.0215552
74.4381,-0.201182
74.5431,-0.457449
74.6481,-0.162861
74.7531,-0.498164
74.8581,-0.165256
74.9631,0.0167651
75.0681,-0.0526904
75.1731,-0.126936
75.2781,0.296982
75.3831,-0.366438
75.4881,-0.0287402
75.5931,-0.399968
75.6981,0.215552
75.8031,0.500559
75.9081,-0.0479004
76.0131,0.205972
76.1181,0.160466
76.2231,0.771196
76.3281,0.0550855
76.4331,0.0718506
76.5381,-0.0191602
76.6431,-0.0574805
76.7481,-0.0287402
76.8531,0.203577
76.9581,-0.0455054
77.0631,0.102986
77.1681,-0.337698
77.2731,0.332908
77.3781,0.0574805
77.4831,0.239502
77.5881,-0.0622705
77.6931,-0.241897
77.7981,0.258662
77.9031,-0.225132
78.0081,0.241897
78.1131,-0.337698
78.2181,0.0215552
78.3231,0.225132
78.4281,0.241897
78.5331,0.256267
78.6381,0.268242
78.7431,0.756826
78.8481,0.459844
78.9531,0.469424
79.0581,0.112566
79.1631,0.661025
79.2681,0.404758
79.3731,0.536484
79.4781,0.493374
79.5831,1.03944
79.6881,0.787961
79.7931,0.843047
79.8981,0.977168
80.0031,1.92081
80.1081,1.11847
80.2131,1.16877
80.3181,1.05141
80.4231,1.12566
80.5281,1.17595
80.6331,1.06339
80.7381,1.06818
80.8431,0.926873
80.9481,1.28373
81.0531,1.33882
81.1581,1.24062
81.2631,1.80105
81.3681,0.416733
81.4731,1.12326
81.5781,1.23104
81.6831,1.60227
81.7881,-0.102986
81.8931,1.19032
81.9981,0.929268
82.1031,1.53521
82.2081,1.38193
82.3131,1.31487
82.4181,1.65496
82.5231,1.73639
82.6281,0.320933
82.7331,0.974773
82.8381,1.28613
82.9431,1.49928
83.0481,1.13284
83.1531,1.08494
83.2581,0.991538
83.3631,1.17595
83.4681,1.18553
83.5731,1.22386
83.6781,0.783171
83.7831,0.706531
83.8881,0.771196
83.9931,1.01788
84.0981,-0.141306
84.2031,0.6251
84.3081,1.09931
84.4131,0.486189
84.5181,0.974773
84.6231,0.835862
84.7281,1.08015
84.8331,0.840652
84.9381,0.869392
85.0431,0.905317
85.1481,0.902922
85.2531,0.821492
85.3581,0.565225
85.4631,1.40109
85.5681,1.07776
85.6731,1.94476
85.7781,1.19511
85.8831,0.725691
85.9881,0.735271
86.0931,0.651445
86.1981,1.36756
86.3031,0.747246
86.4081,1.20469
86.5131,1.00591
86.6181,1.03704
86.7231,0.835862
86.8281,0.941243
86.9331,0.0694556
87.0381,0.0934058
87.1431,-0.227527
87.2481,0.752036
87.3531,1.01788
87.4581,-0.179626
87.5631,0.692161
87.6681,0.208367
87.7731,0.364043
87.8781,0.60115
87.9831,0.495769
88.0881,0.493374
88.1931,0.344883
88.2981,0.687371
88.4031,0.265847
88.5081,-0.469424
88.6131,-0.191602
88.7181,0.222737
88.8231,-0.256267
88.9281,-0.268242
89.0331,0.229922
89.1381,0.57241
89.2431,0.888552
89.3481,0.390388
89.4531,0.0167651
89.5581,-0.186812
89.6631,-0.0287402
89.7681,0.352068
89.8731,0.900527
89.9781,0.210762
90.0831,0.675396
90.1881,-0.0215552
90.2931,0.328118
90.3982,0.210762
90.5031,-0.102986
90.6081,-0.0886157
90.7131,0.107776
90.8181,-0.0646655
90.9231,-0.189207
91.0281,-1.43941
91.1331,-0.313748
91.2381,-0.423918
91.3431,-0.60594
91.4481,-0.529299
91.5531,-0.332908
91.6581,-0.62031
91.7631,-0.479004
91.8681,-0.797542
91.9731,-0.560435
92.0781,-0.0694556
92.1831,-0.414338
92.2881,-0.991538
92.3931,-0.720901
92.4981,-0.584385
92.6031,-0.744851
92.7081,-0.680186
92.8131,0.174836
92.9181,-1.94476
93.0231,-0.469424
93.1281,-0.819097
93.2331,-1.13524
93.3381,-1.45617
93.4431,-1.02267
93.5481,-0.974773
93.6531,-1.76273
93.7581,-0.641865
93.8631,-1.11608
93.9681,-1.36756
94.0731,-1.43701
94.1781,-1.56874
94.2831,-0.859812
94.3881,-1.65256
94.4931,-0.802332
94.5981,-1.66933
94.7031,-0.876577
94.8081,-0.821492
94.9131,-0.967588
95.0181,-0.958008
95.1231,-0.965193
95.2281,-0.955613
95.3331,-0.938848
95.4381,-0.958008
95.5431,-0.962798
95.6481,-0.938848
95.7531,-0.955613
95.8581,-0.946033
95.9631,-0.958008
96.0681,-0.948428
96.1731,-0.948428
96.2781,-0.936453
96.3831,-0.931663
96.4881,-0.953218
96.5931,-0.919688
96.6981,-0.946033
96.8031,-0.941243
96.9081,-0.936453
97.0131,-0.931663
97.1181,-0.931663
97.2231,-0.955613
97.3281,-0.929268
97.4331,-0.950823
97.5381,-0.936453
97.6431,-0.941243
97.7481,-0.929268
97.8531,-0.926873
97.9581,-0.938848
98.0631,-0.950823
98.1681,-0.926873
98.2731,-0.934058
98.3781,-0.929268
98.4831,-0.941243
98.5881,-0.931663
98.6931,-0.934058
98.7981,-0.934058
98.9031,-0.948428
99.0081,-0.948428
99.1131,-0.941243
99.2181,-0.941243
99.3231,-0.926873
99.4281,-0.934058
99.5331,-0.934058
99.6381,-0.943638
99.7431,-0.934058
99.8481,-0.938848
99.9531,-0.936453
100.058,-0.943638
100.163,-0.912502
100.268,-0.938848
100.373,-0.929268
100.478,-0.931663
100.583,-0.950823
100.688,-0.931663
100.793,-0.934058
100.898,-0.938848
101.003,-0.924478
101.108,-0.950823
101.213,-0.922083
101.318,-0.936453
101.423,-0.941243
101.528,-0.938848
101.633,-0.946033
101.738,-0.941243
101.843,-0.929268
101.948,-0.931663
102.053,-0.934058
102.158,-0.936453
102.263,-0.914898
102.368,-0.929268
102.473,-0.938848
102.578,-0.941243
102.683,-0.926873
102.788,-0.912502
102.893,-0.946033
102.998,-0.919688
103.103,-0.926873
103.208,-0.910107
103.313,-0.931663
103.418,-0.931663
103.523,-0.929268
103.628,-0.938848
103.733,-0.898132
103.838,-0.917293
103.943,-0.931663
104.048,-0.938848
104.153,-0.938848
104.258,-0.929268
104.363,-0.931663
104.468,-0.934058
104.573,-0.931663
104.678,-0.929268
104.783,-0.922083
104.888,-0.943638
104.993,-0.929268
105.098,-0.941243
105.203,-0.917293
105.308,-0.938848
105.413,-0.926873
105.518,-0.922083
105.623,-0.934058
105.728,-0.919688
105.833,-0.938848
105.938,-0.931663
106.043,-0.929268
106.148,-0.938848
106.253,-0.941243
106.358,-0.926873
106.463,-0.936453
106.568,-0.914898
106.673,-0.912502
106.778,-0.919688
106.883,-0.934058
106.988,-0.922083
107.093,-0.929268
107.198,-0.929268
107.303,-0.938848
107.408,-0.929268
107.513,-0.929268
107.618,-0.941243
107.723,-0.936453
107.828,-0.910107
107.933,-0.924478
108.038,-0.936453
108.143,-0.912502
108.248,-0.931663
108.353,-0.924478
108.458,-0.934058
108.563,-0.926873
108.668,-0.946033
108.773,-0.914898
108.878,-0.931663
108.983,-0.912502
109.088,-0.931663
109.193,-0.919688
109.298,-0.931663
109.403,-0.912502
109.508,-0.922083
109.613,-0.910107
109.718,-0.914898
109.823,-0.924478
109.928,-0.938848
110.033,-0.910107
110.138,-0.902922
110.243,-0.919688
110.348,-0.938848
110.453,-0.922083
110.558,-0.931663
110.663,-0.924478
110.768,-0.917293
110.873,-0.919688
110.978,-0.910107
111.083,-0.924478
111.188,-0.924478
111.293,-0.914898
111.398,-0.934058
111.503,-0.910107
111.608,-0.917293
111.713,-0.917293
111.818,-0.922083
111.923,-0.938848
112.028,-0.910107
112.133,-0.931663
112.238,-0.941243
112.343,-0.919688
112.448,-0.938848
112.553,-0.941243
112.658,-0.917293
112.763,-0.919688
112.868,-0.914898
112.973,-0.931663
113.078,-0.912502
113.183,-0.936453
113.288,-0.922083
113.393,-0.924478
113.498,-0.924478
113.603,-0.919688
113.708,-0.914898
113.813,-0.919688
113.918,-0.905317
114.023,-0.922083
114.128,-0.924478
114.233,-0.907712
114.338,-0.929268
114.443,-0.917293
114.548,-0.907712
114.653,-0.902922
114.758,-0.910107
114.863,-0.929268
114.968,-0.907712
115.073,-0.929268
115.178,-0.926873
115.283,-0.934058
115.388,-0.934058
115.493,-0.926873
115.598,-0.926873
115.703,-0.931663
115.808,-0.924478
115.913,-0.914898
116.018,-0.914898
116.123,-0.914898
116.228,-0.926873
116.333,-0.907712
116.438,-0.919688
116.543,-0.931663
116.648,-0.934058
116.753,-0.910107
116.858,-0.943638
116.963,-0.910107
117.068,-0.919688
117.173,-0.926873
117.278,-0.922083
117.383,-0.929268
117.488,-0.914898
117.593,-0.931663
117.698,-0.912502
117.803,-0.910107
117.908,-0.914898
118.013,-0.910107
118.118,-0.924478
118.223,-0.912502
118.328,-0.919688
118.433,-0.905317
118.538,-0.938848
118.643,-0.929268
118.748,-0.922083
118.853,-0.924478
118.958,-0.895737
119.063,-0.910107
119.168,-0.922083
119.273,-0.924478
119.378,-0.919688
119.483,-0.924478
119.588,-0.929268
119.693,-0.922083
119.798,-0.922083
119.903,-0.910107
120.008,-0.919688
120.113,-0.910107
120.218,-0.912502
120.323,-0.900527
120.428,-0.929268
120.533,-0.905317
120.638,-0.912502
120.743,-0.922083
120.848,-0.922083
120.953,-0.914898
121.058,-0.929268
121.163,-0.919688
121.268,-0.907712
121.373,-0.929268
121.478,-0.917293
121.583,-0.917293
121.688,-0.914898
121.793,-0.917293
121.898,-0.936453
122.003,-0.950823
122.108,-0.799937
122.213,-0.809517
122.318,-0.888552
122.423,-1.09692
122.528,-1.03465
122.633,-0.874182
122.738,-0.831072
122.843,-0.948428
122.948,-1.05381
123.053,-0.934058
123.158,-0.993933
123.263,-0.922083
123.368,-0.934058
123.473,-0.960403
123.578,-0.929268
123.683,-1.07536
123.788,-1.04423
123.893,-0.967588
123.998,-0.871787
124.103,-1.03704
124.208,-0.926873
124.313,-0.914898
124.418,-0.934058
124.523,-0.847837
124.628,-0.941243
124.733,-0.869392
124.838,-0.833467
124.943,-1.12087
125.048,-1.36037
125.153,-2.51477
125.258,1.2981
125.363,0.112566
125.468,-0.210762
125.573,0.122146
125.678,0.301772
125.783,-0.170046
125.888,-0.174836
125.993,-0.423918
126.098,0.263452
126.203,0.117356
126.308,-0.519719
126.413,1.02986
126.518,5.12534
126.623,-0.764011
126.728,-0.445474
126.833,-1.09692
126.938,-0.435894
127.043,-0.852627
127.148,0.119751
127.253,0.198787
127.358,0.0335303
127.463,0.201182
127.568,0.373623
127.673,0.534089
127.778,0.0694556
127.883,0.273032
127.988,0.414338
128.093,-0.531694
128.198,-0.922083
128.303,-0.330513
128.408,-0.814307
128.513,-0.661025
128.618,0.179626
128.723,-0.792751
128.828,-0.680186
128.933,-1.86812
129.038,0.225132
129.143,-0.359253
129.248,-0.823887
129.353,0.340093
129.458,-1.54239
129.563,-0.948428
129.668,-0.287402
129.773,2.16989
129.878,-0.241897
129.983,0.462239
130.088,-2.87402
130.193,0.237107
130.298,-0.217947
130.403,1.76273
130.508,-2.66087
130.613,-0.502954
130.718,-1.93997
130.823,-0.548459
130.928,-1.27415
131.033,-0.536484
131.138,0.490979
131.243,0.883762
131.348,-0.301772
131.453,0.771196
131.558,-0.819097
131.663,-2.71595
131.768,-1.95194
131.873,0.416733
131.978,-2.05493
132.083,-0.816702
132.188,1.31487
132.293,-0.871787
132.398,3.32908
132.503,-0.996328
132.608,0.490979
132.713,1.36995
132.818,1.01549
132.923,-1.55916
133.028,0.467029
133.133,2.46687
133.238,-0.708926
133.343,-1.04662
133.448,0.522114
133.553,0.847837
133.658,0.0502954
133.763,-0.186812
133.868,-0.529299
133.973,-0.0934058
134.078,-0.914898
134.183,1.4897
134.288,1.16637
134.393,-0.914898
134.498,-0.943638
134.603,0.114961
134.708,-0.696951
134.813,-0.433499
134.918,-0.752036
135.023,-0.766406
135.128,-0.64905
135.233,-0.694556
135.338,-0.689766
135.443,-0.708926
135.548,-0.682581
135.653,-0.687371
135.758,-0.680186
135.863,-0.689766
135.968,-0.677791
136.073,-0.673001
136.178,-0.682581
136.283,-0.699346
136.388,-0.701741
136.493,-0.682581
136.598,-0.692161
136.703,-0.668211
136.808,-0.696951
136.913,-0.682581
137.018,-0.716111
137.123,-0.706531
137.228,-0.677791
137.333,-0.711321
137.438,-0.684976
137.543,-0.720901
137.648,-0.694556
137.753,-0.720901
137.858,-0.699346
137.963,-0.708926
138.068,-0.670605
138.173,-0.699346
138.278,-0.689766
138.383,-0.684976
138.488,-0.699346
138.593,-0.701741
138.698,-0.701741
138.803,-0.684976
138.908,-0.675396
139.013,-0.706531
139.118,-0.699346
139.223,-0.708926
139.328,-0.696951
139.433,-0.713716
139.538,-0.701741
139.643,-0.704136
139.748,-0.716111
139.853,-0.720901
139.958,-1.09931
140.063,-0.457449
140.168,0.376018
140.273,0.890947
140.378,0.855022
140.483,0.402363
140.588,1.09452
140.693,0.711321
140.798,0.869392
140.903,0.495769
141.008,0.507744
141.113,1.18793
141.218,0.986748
141.323,0.699346
141.428,1.02028
141.533,1.02267
141.638,0.989143
141.743,0.699346
141.848,0.426313
141.953,0.694556
142.058,0.531694
142.163,1.65975
142.268,1.00591
142.373,0.500559
142.478,1.88728
142.583,0.622705
142.688,0.958008
142.793,0.979563
142.898,1.07536
143.003,0.986748
143.108,1.43941
143.213,1.3005
143.318,1.11608
143.423,0.673001
143.528,1.16158
143.633,0.704136
143.738,0.0646655
143.843,0.301772
143.948,0.0359253
144.053,2.04535
144.158,1.38432
144.263,0.359253
144.368,2.44053
144.473,-0.330513
144.578,1.03944
144.683,1.61185
144.788,0.366438
144.893,0.0814307
144.998,1.71244
145.103,1.37474
145.208,0.502954
145.313,0.287402
145.418,-0.335303
145.523,-0.301772
145.628,-0.752036
145.733,1.96152
145.838,-0.110171
145.943,1.5376
146.048,-0.979563
146.153,0.0407153
146.258,-0.500559
146.363,-1.04902
146.468,-0.414338
146.573,-1.36756
146.678,-0.847837
146.783,-0.850232
146.888,-0.874182
146.993,-0.866997
147.098,-0.866997
147.203,-0.869392
147.308,-0.866997
147.413,-0.850232
147.518,-0.855022
147.623,-0.859812
147.728,-0.869392
147.833,-0.864602
147.938,-0.871787
148.043,-0.876577
148.148,-0.871787
148.253,-0.862207
148.358,-0.864602
148.463,-0.874182
148.568,-0.876577
148.673,-0.871787
148.778,-0.862207
148.883,-0.876577
148.988,-0.874182
149.093,-0.866997
149.198,-0.855022
149.303,-0.883762
149.408,-0.871787
149.513,-0.886157
149.618,-0.886157
149.723,-0.876577
149.828,-0.886157
149.933,-0.871787
150.038,-0.890947
150.143,-0.883762
150.248,-0.893342
150.353,-0.890947
150.458,-0.886157
150.563,-0.881367
150.668,-0.866997
150.773,-0.890947
150.878,-0.871787
150.983,-0.869392
151.088,-0.874182
151.193,-0.883762
151.298,-0.874182
151.403,-0.895737
151.508,-0.895737
151.613,-0.850232
151.718,-0.878972
151.823,-0.881367
151.928,-0.871787
152.033,-0.888552
152.138,-0.874182
152.243,-0.871787
152.348,-0.874182
152.453,-0.878972
152.558,-0.883762
152.663,-0.886157
152.768,-0.886157
152.873,-0.902922
152.978,-0.878972
153.083,-0.874182
153.188,-0.900527
153.293,-0.912502
153.398,-0.902922
153.503,-0.886157
153.608,-0.902922
153.713,-0.888552
153.818,-0.890947
153.923,-0.869392
154.028,-0.871787
154.133,-0.886157
154.238,-0.888552
154.343,-0.855022
154.448,-0.878972
154.553,-0.893342
154.658,-0.905317
154.763,-0.878972
154.868,-0.902922
154.973,-0.876577
155.078,-0.900527
155.183,-0.905317
155.288,-0.888552
155.393,-0.895737
155.498,-0.902922
155.603,-0.895737
155.708,-0.893342
155.813,-0.869392
155.918,-0.895737
156.023,-0.845442
156.128,-0.737666
156.233,-0.764011
156.338,-0.926873
156.443,-0.981958
156.548,0
156.653,-0.126936
156.758,0.261057
156.863,0.210762
156.968,0.237107
157.073,0.0694556
157.178,0.0958008
157.283,0.189207
157.388,0.00718506
157.493,-0.380808
157.598,0.148491
157.703,0.390388
157.808,-0.124541
157.913,0.431104
158.018,-0.203577
158.123,0.220342
158.228,0.917293
158.333,0.421523
158.438,1.03944
158.543,0.857417
158.648,0.787961
158.753,-1.15919
158.858,-0.131726
158.963,0.898132
159.068,-0.131726
159.173,0.58678
159.278,1.06339
159.383,0.306563
159.488,0.6251
159.593,0.311353
159.698,0.0191602
159.803,0.845442
159.908,0.213157
160.013,0.119751
160.118,0.989143
160.223,0.706531
160.328,-0.0886157
160.433,0.519719
160.538,1.4418
160.643,-0.0838257
160.748,0.974773
160.853,1.03465
160.958,0.160466
161.063,0.440684
161.168,1.67172
161.273,0.969983
161.378,1.04423
161.483,0.797542
161.588,1.17356
161.693,1.41785
161.798,-0.102986
161.903,1.20709
162.008,1.11368
162.113,0.325723
162.218,0.828677
162.323,1.13045
162.428,1.60466
162.533,0.0526904
162.638,2.04056
162.743,0.498164
162.848,-0.514929
162.953,0.926873
163.058,0.684976
163.163,2.03098
163.268,1.0586
163.373,1.0586
163.478,2.23455
163.583,0.246687
163.688,-0.306563
163.793,0.536484
163.898,0.840652
164.003,1.18314
164.108,1.2526
164.213,-0.253872
164.318,-0.455054
164.423,-0.258662
164.528,1.72681
164.633,-0.148491
164.738,0.56283
164.843,0.00239502
164.948,-1.04662
165.053,0.0670606
165.158,0.744851
165.263,-0.0191602
165.368,0.969983
165.473,-0.661025
165.578,0.325723
165.683,-0.0814307
165.788,1.32924
165.893,0.316143
165.998,0.239502
166.103,0.285007
166.208,-0.201182
166.313,-0.411943
166.418,0.661025
166.523,1.22865
166.628,-1.19272
166.733,-0.878972
166.838,-0.888552
166.943,-0.890947
167.048,-0.881367
167.153,-0.898132
167.258,-0.871787
167.363,-0.878972
167.468,-0.876577
167.573,-0.907712
167.678,-0.900527
167.783,-0.917293
167.888,-0.893342
167.993,-0.895737
168.098,-0.888552
168.203,-0.914898
168.308,-0.883762
168.413,-0.878972
168.518,-0.895737
168.623,-0.886157
168.728,-0.893342
168.833,-0.890947
168.938,-0.883762
169.043,-1.12805
169.148,-1.5855
169.253,-1.66933
169.358,-1.48731
169.463,-1.02986
169.568,-0.107776
169.673,-1.31966
169.778,-0.857417
169.883,-0.589175
169.988,-0.711321
170.093,-0.850232
170.198,-1.64777
170.303,-1.04183
170.408,-0.593965
170.513,-0.479004
170.618,-0.637075
170.723,-0.0598755
170.828,0.0383203
170.933,-1.16158
171.038,-0.385598
171.143,-1.35319
171.248,-0.56762
171.353,-0.376018
171.458,-0.220342
171.563,-1.29571
171.668,-0.919688
171.773,-0.828677
171.878,-0.866997
171.983,-0.869392
172.088,-0.874182
172.193,-0.888552
172.298,-0.876577
172.403,-0.874182
172.508,-0.871787
172.613,-0.881367
172.718,-0.888552
172.823,-0.876577
172.928,-0.893342
173.033,-0.883762
173.138,-0.874182
173.243,-0.866997
173.348,-0.874182
173.453,-0.869392
173.558,-0.890947
173.663,-0.888552
173.768,-0.862207
173.873,-0.898132
173.978,-0.886157
174.083,-0.866997
174.188,-0.890947
174.293,-0.874182
174.398,-0.895737
174.503,-0.876577
174.608,-0.886157
174.713,-0.888552
174.818,-0.871787
174.923,-0.874182
175.028,-0.871787
175.133,-0.874182
175.238,-0.876577
175.343,-0.869392
175.448,-0.898132
175.553,-0.902922
175.658,-0.878972
175.763,-0.900527
175.868,-0.878972
175.973,-0.881367
176.078,-0.890947
176.183,-0.890947
176.288,-0.890947
176.393,-0.890947
176.498,-0.871787
176.603,-0.883762
176.708,-0.886157
176.813,-0.902922
176.918,-0.883762
177.023,-0.898132
177.128,-0.878972
177.233,-0.878972
177.338,-0.878972
177.443,-0.893342
177.548,-0.886157
177.653,-0.898132
177.758,-0.905317
177.863,-0.876577
177.968,-0.874182
178.073,-0.898132
178.178,-0.878972
178.283,-0.881367
178.388,-0.888552
178.493,-0.900527
178.598,-0.890947
178.703,-0.878972
178.808,-0.886157
178.913,-0.886157
179.018,-0.902922
179.123,-0.883762
179.228,-0.883762
179.333,-0.883762
179.438,-0.883762
179.543,-0.876577
179.648,-0.869392
179.753,-0.881367
179.858,-0.876577
179.963,-0.893342
180.068,-0.886157
180.173,-0.874182
180.278,-0.900527
180.383,-0.883762
180.488,-0.888552
180.593,-0.886157
180.698,-0.893342
180.803,-0.876577
180.908,-0.888552
181.013,-0.888552
181.118,-0.876577
181.223,-0.912502
181.328,-0.878972
181.433,-0.883762
181.538,-0.886157
181.643,-0.905317
181.748,-0.883762
181.853,-0.888552
181.958,-0.895737
182.063,-0.871787
182.168,-0.895737
182.273,-0.881367
182.378,-0.876577
182.483,-0.905317
182.588,-0.910107
182.693,-0.905317
182.798,-0.893342
182.903,-0.890947
183.008,-0.893342
183.113,-0.888552
183.218,-0.881367
183.323,-0.876577
183.428,-0.898132
183.533,-0.883762
183.638,-0.862207
183.743,-0.883762
183.848,-0.886157
183.953,-0.886157
184.058,-0.878972
184.163,-0.893342
184.268,-0.883762
184.373,-0.890947
184.478,-0.905317
184.583,-0.890947
184.688,-0.886157
184.793,-0.912502
184.898,-0.886157
185.003,-0.878972
185.108,-0.895737
185.213,-0.881367
185.318,-0.902922
185.423,-0.900527
185.528,-0.895737
185.633,-0.900527
185.738,-0.888552
185.843,-0.890947
185.948,-0.883762
186.053,-0.876577
186.158,-0.895737
186.263,-0.898132
186.368,-0.893342
186.473,-0.910107
186.578,-0.876577
186.683,-0.890947
186.788,-0.886157
186.893,-0.895737
186.998,-0.900527
187.103,-0.888552
187.208,-0.890947
187.313,-0.888552
187.418,-0.890947
187.523,-0.890947
187.628,-0.902922
187.733,-0.888552
187.838,-0.895737
187.943,-0.881367
188.048,-0.900527
188.153,-0.905317
188.258,-0.900527
188.363,-0.878972
188.468,-0.893342
188.573,-0.895737
188.678,-0.890947
188.783,-0.900527
188.888,-0.883762
188.993,-0.878972
189.098,-0.907712
189.203,-0.890947
189.308,-0.898132
189.413,-0.888552
189.518,-0.886157
189.623,-0.886157
189.728,-0.895737
189.833,-0.895737
189.938,-0.874182
190.043,-0.902922
190.148,-0.902922
190.253,-0.881367
190.358,-0.912502
190.463,-0.888552
190.568,-0.895737
190.673,-0.895737
190.778,-0.895737
190.883,-0.886157
190.988,-0.893342
191.093,-0.886157
191.198,-0.881367
191.303,-0.890947
191.408,-0.900527
191.513,-0.890947
191.618,-0.876577
191.723,-0.917293
191.828,-0.874182
191.933,-0.886157
192.038,-0.895737
192.143,-0.883762
192.248,-0.890947
192.353,-0.871787
192.458,-0.905317
192.563,-0.883762
192.668,-0.888552
192.773,-0.890947
192.878,-0.886157
192.983,-0.895737
193.088,-0.881367
193.193,-0.876577
193.298,-0.888552
193.403,-0.888552
193.508,-0.893342
193.613,-0.895737
193.718,-0.900527
193.823,-0.898132
193.928,-0.888552
194.033,-0.886157
194.138,-0.890947
194.243,-0.883762
194.348,-0.888552
194.453,-0.910107
194.558,-0.883762
194.663,-0.886157
194.768,-0.895737
194.873,-0.893342
194.978,-0.905317
195.083,-0.883762
195.188,-0.907712
195.293,-0.883762
195.398,-0.893342
195.503,-0.888552
195.608,-0.902922
195.713,-0.888552
195.818,-0.881367
195.923,-0.893342
196.028,-0.883762
196.133,-0.893342
196.238,-0.881367
196.343,-0.898132
196.448,-0.898132
196.553,-0.878972
196.658,-0.886157
196.763,-0.893342
196.868,-0.902922
196.973,-0.898132
197.078,-0.886157
197.183,-0.888552
197.288,-0.883762
197.393,-0.890947
197.498,-0.910107
197.603,-0.898132
197.708,-0.895737
197.813,-0.898132
197.918,-0.905317
198.023,-0.886157
198.128,-0.898132
198.233,-0.871787
198.338,-0.878972
198.443,-0.893342
198.548,-0.898132
198.653,-0.890947
198.758,-0.893342
198.863,-0.881367
198.968,-0.893342
199.073,-0.895737
199.178,-0.895737
199.283,-0.898132
199.388,-0.902922
199.493,-0.907712
199.598,-0.907712
199.703,-0.883762
199.808,-0.895737
199.913,-0.900527
200.018,-0.895737
200.123,-0.878972
200.228,-0.883762
200.333,-0.902922
200.438,-0.878972
200.543,-0.893342
200.648,-0.902922
200.753,-0.902922
200.858,-0.883762
200.963,-0.883762
201.068,-0.893342
201.173,-0.883762
201.278,-0.898132
201.383,-0.895737
201.488,-0.895737
201.593,-0.890947
201.698,-0.907712
201.803,-0.874182
201.908,-0.893342
202.013,-0.900527
202.118,-0.890947
202.223,-0.890947
202.328,-0.893342
202.433,-0.883762
202.538,-0.886157
202.643,-0.883762
202.748,-0.900527
202.853,-0.898132
202.958,-0.886157
203.063,-0.895737
203.168,-0.898132
203.273,-0.895737
203.378,-0.900527
203.483,-0.881367
203.588,-0.890947
203.693,-0.893342
203.798,-0.881367
203.903,-0.898132
204.008,-0.883762
204.113,-0.900527
204.218,-0.900527
204.323,-0.900527
204.428,-0.893342
204.533,-0.893342
204.638,-0.883762
204.743,-0.886157
204.848,-0.883762
204.953,-0.902922
205.058,-0.898132
205.163,-0.907712
205.268,-0.898132
205.373,-0.898132
205.478,-0.910107
205.583,-0.874182
205.688,-0.888552
205.793,-0.886157
205.898,-0.893342
206.003,-0.898132
206.108,-0.874182
206.213,-0.902922
206.318,-0.910107
206.423,-0.886157
206.528,-0.912502
206.633,-0.890947
206.738,-0.905317
206.843,-0.893342
206.948,-0.878972
207.053,-0.898132
207.158,-0.910107
207.263,-0.902922
207.368,-0.905317
207.473,-0.895737
207.578,-0.898132
207.683,-0.883762
207.788,-0.886157
207.893,-0.900527
207.998,-0.890947
208.103,-0.893342
208.208,-0.883762
208.313,-0.876577
208.418,-0.890947
208.523,-0.888552
208.628,-0.893342
208.733,-0.912502
208.838,-0.890947
208.943,-0.902922
209.048,-0.905317
209.153,-0.888552
209.258,-0.898132
209.363,-0.893342
209.468,-0.893342
209.573,-0.893342
209.678,-0.883762
209.783,-0.902922
209.888,-0.895737
209.993,-0.893342
210.098,-0.900527
210.203,-0.883762
210.308,-0.881367
210.413,-0.890947
210.518,-0.902922
210.623,-0.890947
210.728,-0.919688
210.833,-0.888552
210.938,-0.902922
211.043,-0.907712
211.148,-0.893342
211.253,-0.895737
211.358,-0.890947
211.463,-0.910107
211.568,-0.866997
211.673,-0.888552
211.778,-0.902922
211.883,-0.898132
211.988,-0.917293
212.093,-0.900527
212.198,-0.876577
212.303,-0.895737
212.408,-0.890947
212.513,-0.898132
212.618,-0.898132
212.723,-0.905317
212.828,-0.905317
212.933,-0.931663
213.038,-0.922083
213.143,-0.888552
213.248,-0.888552
213.353,-0.917293
213.458,-0.878972
213.563,-0.924478
213.668,-0.917293
213.773,-0.821492
213.878,-0.831072
213.983,-0.883762
214.088,-0.900527
214.193,-0.919688
214.298,-0.948428
214.403,-0.955613
214.508,-0.809517
214.613,-0.809517
214.718,-0.850232
214.823,-0.926873
214.928,-0.826282
215.033,-0.847837
215.138,-0.886157
215.243,-0.946033
215.348,-0.833467
215.453,-0.907712
215.558,-0.878972
215.663,-0.881367
215.768,-0.862207
215.873,-0.881367
215.978,-0.881367
216.083,-0.886157
216.188,-0.871787
216.293,-0.878972
216.398,-0.881367
216.503,-0.857417
216.608,-0.871787
216.713,-0.847837
216.818,-0.859812
216.923,-0.843047
217.028,-1.71483
217.133,-0.811912
217.238,-0.780776
217.343,-0.816702
217.448,2.16749
217.553,-0.301772
217.658,1.41306
217.763,-1.3484
217.868,-2.19623
217.973,0.407153
218.078,1.22386
218.183,0.876577
218.288,2.19863
218.393,2.67045
218.498,5.52531
218.603,5.18282
218.708,7.0198
218.813,10.7944
218.918,6.30848
219.023,4.89302
219.128,4.59365
219.233,3.84401
219.338,2.61536
219.443,9.28549
219.548,6.56475
219.653,7.17308
219.758,8.3203
219.863,8.04008
219.968,9.64953
220.073,11.0865
220.178,10.7776
220.283,10.0136
220.388,10.2315
220.493,10.9285
220.598,10.0447
220.703,9.72617
220.808,11.1081
220.913,10.5189
221.018,10.2148
221.123,11.7332
221.228,11.92
221.333,5.64506
221.438,6.16718
221.543,7.95147
221.648,7.87482
221.753,9.36453
221.858,8.74661
221.963,10.8063
222.068,9.48428
222.173,12.2553
222.278,10.9093
222.383,10.0327
222.488,9.19927
222.593,8.07601
222.698,7.2114
222.803,7.04854
222.908,8.44005
223.013,9.75492
223.118,10.2674
223.223,10.7776
223.328,9.61121
223.433,10.4519
223.538,12.0685
223.643,5.15408
223.748,3.98771
223.853,6.12167
223.958,7.22817
224.063,8.94061
224.168,10.6243
224.273,8.83523
224.378,10.0806
224.483,11.8003
224.588,13.2229
224.693,9.33339
224.798,9.48188
224.903,8.72985
225.008,7.5994
225.113,7.29523
225.218,9.96089
225.323,10.8997
225.428,11.3021
225.533,10.5285
225.638,9.42201
225.743,9.19927
225.848,8.78493
225.953,8.49274
226.058,7.31918
226.163,8.53345
226.268,7.07489
226.373,8.90229
226.478,7.4533
226.583,8.18139
226.688,10.7225
226.793,11.1368
226.898,12.2266
227.003,12.9595
227.108,8.78972
227.213,8.70829
227.318,8.25803
227.423,9.5226
227.528,10.9117
227.633,10.5932
227.738,11.3596
227.843,10.38
227.948,10.8327
228.053,11.0794
228.158,11.3979
228.263,9.43877
228.368,7.26649
228.473,7.44612
228.578,8.1742
228.683,7.99937
228.788,9.55613
228.893,10.7896
228.998,12.2433
229.103,12.7271
229.208,8.34904
229.313,7.7886
229.418,9.05317
229.523,9.98005
229.628,9.25915
229.733,8.49513
229.838,9.73096
229.943,9.55373
230.048,10.2531
230.153,11.2207
230.258,11.2326
230.363,10.4183
230.468,9.85072
230.573,9.02204
230.678,8.63405
230.783,7.53234
230.888,7.65927
230.993,8.05206
231.098,9.20406
231.203,10.2842
231.308,12.8589
231.413,13.551
231.518,8.66997
231.623,9.20406
231.728,9.51541
231.833,8.61489
231.938,8.14546
232.043,9.58487
232.148,9.95849
232.253,10.5525
232.358,11.2734
232.463,11.3308
232.568,11.2829
232.673,10.5572
232.778,10.2746
232.883,9.85311
232.988,8.40652
233.093,8.00176
233.198,6.64618
233.303,8.10475
233.408,7.01741
233.513,9.20406
233.618,9.2807
233.723,11.5536
233.828,12.0493
233.933,9.6639
234.038,9.76689
234.143,10.1573
234.248,10.1261
234.353,9.96807
234.458,10.4495
234.563,11.0339
234.668,18.5518
234.773,12.3272
234.878,9.63037
234.983,7.38145
235.088,6.81383
235.193,6.38752
235.298,5.73128
235.403,5.60674
235.508,9.10826
235.613,11.1823
235.718,13.1055
235.823,13.4456
235.928,17.2801
236.033,12.1619
236.138,11.2111
236.243,8.95019
236.348,7.94428
236.453,7.17787
236.558,8.52866
236.663,10.8063
236.768,10.6554
236.873,12.6577
236.978,19.0236
237.083,14.988
237.188,6.80425
237.293,8.01613
237.398,5.13013
237.503,7.95147
237.608,7.40301
237.713,7.18745
237.818,8.62447
237.923,12.1068
238.028,12.3104
238.133,14.6623
238.238,12.4852
238.343,9.73336
238.448,9.96328
238.553,10.3585
238.658,11.3668
238.763,8.08559
238.868,9.76929
238.973,10.3872
239.078,12.3439
239.183,15.6179
239.288,13.8193
239.393,9.99202
239.498,7.12279
239.603,5.57082
239.708,4.24158
239.813,4.73256
239.918,5.95402
240.023,8.48316
240.128,10.0232
240.233,13.0121
240.338,14.4276
240.443,19.0811
240.548,10.6698
240.653,8.5598
240.758,10.3968
240.863,8.18618
240.968,8.89989
241.073,8.97414
241.178,9.76929
241.283,11.1752
241.388,13.2684
241.493,13.1726
241.598,6.09293
241.703,4.4236
241.808,5.92528
241.913,7.00543
242.018,7.80058
242.123,9.21364
242.228,9.24717
242.333,10.3034
242.438,11.2279
242.543,11.5272
242.648,12.8493
242.753,11.2781
242.858,9.36453
242.963,7.5994
243.068,7.57545
243.173,7.39582
243.278,9.06754
243.383,9.68067
243.488,10.7393
243.593,13.3546
243.698,14.636
243.803,8.38017
243.908,6.96951
244.013,5.51334
244.118,7.66167
244.223,8.05685
244.328,9.7118
244.433,10.5572
244.538,12.6218
244.643,14.4515
244.748,18.674
244.853,8.72985
244.958,5.6283
245.063,4.67268
245.168,8.0305
245.273,7.82932
245.378,8.93103
245.483,11.4554
245.588,11.9176
245.693,12.1883
245.798,13.0265
245.903,11.2877
246.008,13.6396
246.113,12.1499
246.218,11.0171
246.323,10.3465
246.428,10.1716
246.533,9.12742
246.638,7.01262
246.743,6.59588
246.848,7.00783
246.953,7.63772
247.058,8.9933
247.163,10.1573
247.268,11.053
247.373,12.0278
247.478,9.94652
247.583,8.7035
247.688,9.71659
247.793,9.88664
247.898,9.63756
248.003,10.1764
248.108,10.4543
248.213,10.8207
248.318,13.5678
248.423,17.1483
248.528,9.07473
248.633,7.312
248.738,5.35047
248.843,5.99713
248.948,5.34089
249.053,5.27383
249.158,7.26649
249.263,8.68434
249.368,11.6302
249.473,14.83
249.578,15.8574
249.683,10.5477
249.788,11.2398
249.893,10.5812
249.998,10.7057
250.103,8.58615
250.208,11.8697
250.313,12.526
250.418,12.8062
250.523,13.3403
250.628,11.3093
250.733,8.29874
250.838,6.99825
250.943,8.60052
251.048,6.43781
251.153,6.28693
251.258,6.03305
251.363,7.43654
251.468,8.54064
251.573,8.75859
251.678,8.13588
251.783,9.63995
251.888,8.48316
251.993,8.00895
252.098,7.1659
252.203,6.56475
252.308,6.1552
252.413,6.50727
252.518,6.38752
252.623,6.52643
252.728,6.00431
252.833,6.10969
252.938,6.19592
253.043,6.89766
253.148,7.66646
253.253,6.99106
253.358,10.0256
253.463,6.03305
253.568,5.44148
253.673,7.60658
253.778,7.31439
253.883,8.1263
253.988,5.51573
254.093,5.89175
254.198,7.39822
254.303,12.6194
254.408,7.96584
254.513,9.38369
254.618,7.81016
254.723,7.86764
254.828,9.32381
254.933,8.78254
255.038,9.5226
255.143,8.0305
255.248,7.87482
255.353,6.17915
255.458,8.3682
255.563,7.53473
255.668,9.47949
255.773,9.07473
255.878,13.1487
255.983,10.2339
256.088,2.68961
256.193,5.0511
256.298,6.04982
256.403,7.27128
256.508,9.95849
256.613,9.75252
256.718,10.2172
256.823,10.4064
256.928,8.8975
257.033,7.40301
258.721,-0.807122
258.826,-1.28613
258.931,-0.0742456
259.036,0.208367
259.141,1.26457
259.246,0.902922
259.351,-0.373623
259.456,-0.56283
259.561,-0.488584
259.666,-1.04662
259.771,-0.488584
259.876,-0.764011
259.981,-0.728086
260.086,-0.958008
260.191,-1.24062
260.296,-1.1999
260.401,-1.27655
260.506,-1.2502
260.611,-1.13045
260.716,-1.18314
260.821,-1.13045
260.926,-1.27894
261.031,-1.23823
261.136,-1.1999
261.241,-1.36516
261.346,-1.4442
261.451,-1.30529
261.556,-1.15919
261.661,-1.74836
261.766,-1.2023
261.871,-1.73399
261.976,-1.85614
262.081,-2.13875
262.186,-1.62622
262.291,-1.84417
262.396,-1.88249
262.501,-2.10522
262.606,-2.03337
262.711,-2.12438
262.816,-2.57944
262.921,-2.23695
263.026,-2.4046
263.131,-2.32796
263.236,-2.7399
263.341,-2.51956
263.446,-2.47645
263.551,-2.97701
263.656,-3.43446
263.761,-3.53265
263.866,-3.47038
263.971,-3.67875
264.076,-3.37937
264.181,-3.42009
264.286,-3.46559
264.391,-3.40811
264.496,-3.87754
264.601,-3.73623
264.706,-4.16494
264.811,-3.90628
264.916,-3.78413
265.021,-4.20805
265.126,-3.92783
265.231,-3.85838
265.336,-4.04758
265.441,-3.79611
265.546,-3.92783
265.651,-3.74581
265.756,-4.17452
265.861,-3.93023
265.966,-3.71707
266.071,-3.6548
266.176,-4.00208
266.281,-4.27272
266.386,-3.93262
266.491,-3.32668
266.596,-3.60929
