#time, gyroZ[]
27.9021,-0.00426106
28.0071,-0.00532632
28.1121,-0.00639159
28.2171,0.00106526
28.3221,-0.00532632
28.4271,0.00213053
28.5321,-0.00426106
28.6371,-0.0170442
28.7421,0.00213053
28.8471,0.00319579
28.9521,-0.00532632
29.0571,-0.00532632
29.1621,-0.00532632
29.2671,-0.00532632
29.3721,-0.0127832
29.4771,-0.00745685
29.5821,-0.00639159
29.6871,-0.00852212
29.7921,-0.00852212
29.8971,-0.00639159
30.0021,0.00745685
30.1071,-0.00532632
30.2121,-0.00639159
30.3171,-0.00426106
30.4221,-0.00639159
30.5271,-0.00745685
30.6321,-0.00213053
30.7371,0
30.8421,-0.00319579
30.9471,-0.00426106
31.0521,-0.00426106
31.1571,-0.00532632
31.2621,-0.00532632
31.3671,-0.00532632
31.4721,-0.00639159
31.5771,-0.00639159
31.6821,-0.00532632
31.7871,-0.00532632
31.8921,-0.00639159
31.9971,-0.00639159
32.1021,-0.00639159
32.2071,-0.00639159
32.3121,-0.00319579
32.4171,-0.00852212
32.5221,-0.00745685
32.6271,-0.00639159
32.7321,-0.00639159
32.8371,-0.00426106
32.9421,-0.00639159
33.0471,-0.00106526
33.1521,-0.00532632
33.2571,-0.00426106
33.3621,-0.00319579
33.4671,-0.00426106
33.5721,-0.00532632
33.6771,-0.00639159
33.7821,-0.00532632
33.8871,-0.00532632
33.9921,-0.00319579
34.0971,-0.00852212
34.2021,-0.00532632
34.3071,-0.00319579
34.4121,-0.00213053
34.5171,-0.00745685
34.6221,-0.0106526
34.7271,-0.00213053
34.8321,-0.00532632
34.9371,-0.00958738
35.0421,-0.00426106
35.1471,-0.00639159
35.2521,0.00639159
35.3571,-0.00426106
35.4621,-0.00532632
35.5671,-0.00319579
35.6721,-0.00852212
35.7771,-0.00532632
35.8821,-0.00213053
35.9871,-0.00852212
36.0921,-0.0106526
36.1971,-0.00958738
36.3021,-0.00532632
36.4071,0.00106526
36.5121,-0.00426106
36.6171,-0.00426106
36.7221,-0.00639159
36.8271,-0.00852212
36.9321,-0.00745685
37.0371,-0.00639159
37.1421,-0.00852212
37.2471,-0.00319579
37.3521,-0.00745685
37.4571,0.00426106
37.5621,-0.00213053
37.6671,-0.00426106
37.7721,-0.00958738
37.8771,-0.00852212
37.9821,-0.00958738
38.0871,-0.00639159
38.1921,-0.00532632
38.2971,-0.0255663
38.4021,0.00213053
38.5071,-0.00745685
38.6121,-0.0106526
38.7171,-0.00426106
38.8221,-0.00426106
38.9271,-0.00958738
39.0321,-0.00106526
39.1581,-0.00639159
39.2631,-0.00426106
39.3681,-0.0138484
39.4731,-0.00745685
39.5781,0.00426106
39.6831,-0.0117179
39.7881,0.015979
39.8931,-0.00106526
39.9981,0.00639159
40.1031,0.00213053
40.2081,-0.00852212
40.3131,-0.015979
40.4181,-0.00213053
40.5231,-0.00745685
40.6281,0.00319579
40.7331,-0.0127832
40.8381,-0.00319579
40.9431,-0.00745685
41.0481,-0.0170442
41.1531,-0.00426106
41.2581,0.00319579
41.3631,-0.00319579
41.4681,-0.0170442
41.5731,-0.00319579
41.6781,-0.0117179
41.7831,0
41.8881,-0.0181095
41.9931,-0.0138484
42.0981,-0.015979
42.2031,-0.00319579
42.3081,-0.00106526
42.4131,0.00745685
42.5181,-0.00213053
42.6231,-0.00319579
42.7281,-0.00532632
42.8331,-0.00745685
42.9381,-0.00426106
43.0431,-0.00426106
43.1481,-0.00958738
43.2531,-0.00532632
43.3581,-0.00639159
43.4631,-0.00532632
43.5681,-0.00639159
43.6731,-0.0138484
43.7781,-0.00745685
43.8831,-0.00745685
43.9881,0.0607201
44.0931,-0.00958738
44.1981,-0.00213053
44.3031,-0.00319579
44.4081,-0.0117179
44.5131,-0.00532632
44.6181,0.00958738
44.7231,-0.00426106
44.8281,-0.00639159
44.9331,-0.00639159
45.0381,-0.00213053
45.1431,-0.00532632
45.2481,-0.0127832
45.3531,-0.0117179
45.4581,-0.00319579
45.5631,0.00532632
45.6681,-0.00426106
45.7731,-0.00213053
45.8781,0.00426106
45.9831,0
46.0881,-0.00532632
46.1931,-0.00532632
46.2981,-0.00213053
46.4031,-0.00319579
46.5081,0.00426106
46.6131,-0.00958738
46.7181,0.0234358
46.8231,-0.0106526
46.9281,-0.00319579
47.0331,-0.00426106
47.1381,-0.00426106
47.2431,-0.00426106
47.3481,-0.00639159
47.4531,0
47.5581,-0.00639159
47.6631,0.0234358
47.7681,0.0276969
47.8731,-0.0138484
47.9781,-0.00106526
48.0831,-0.00852212
48.1881,-0.00532632
48.2931,-0.00532632
48.3981,-0.00958738
48.5031,-0.00639159
48.6081,-0.0596548
48.7131,0
48.8181,-0.00426106
48.9231,-0.00745685
49.0281,-0.00639159
49.1331,-0.00852212
49.2381,-0.00745685
49.3431,-0.00852212
49.4481,-0.0138484
49.5531,-0.0213053
49.6581,-0.00532632
49.7631,-0.00639159
49.8681,0
49.9731,-0.00213053
50.0781,-0.0106526
50.1831,-0.0127832
50.2881,-0.00639159
50.3931,-0.00532632
50.4981,-0.00426106
50.6031,-0.00319579
50.7081,-0.00426106
50.8131,-0.00532632
50.9181,-0.00426106
51.0231,-0.00426106
51.1281,-0.00532632
51.2331,-0.00532632
51.3381,-0.00532632
51.4431,-0.00532632
51.5481,-0.00532632
51.6531,-0.00532632
51.7581,-0.00532632
51.8631,-0.00532632
51.9681,-0.00426106
52.0731,-0.00532632
52.1781,-0.00532632
52.2831,-0.00532632
52.3882,-0.00532632
52.4931,-0.00532632
52.5981,-0.00532632
52.7031,-0.00532632
52.8081,-0.00532632
52.9131,-0.00426106
53.0181,-0.00532632
53.1231,-0.00532632
53.2281,-0.00532632
53.3331,-0.00532632
53.4381,-0.00426106
53.5431,-0.00426106
53.6481,-0.00532632
53.7531,-0.00532632
53.8581,-0.00532632
53.9631,-0.00532632
54.0681,-0.00532632
54.1731,-0.00426106
54.2781,-0.00426106
54.3831,-0.00532632
54.4881,-0.00532632
54.5931,-0.00532632
54.6981,-0.00532632
54.8031,-0.00532632
54.9081,-0.00532632
55.0131,-0.00532632
55.1181,-0.00426106
55.2231,-0.00532632
55.3281,-0.00426106
55.4331,-0.00532632
55.5381,-0.00532632
55.6431,-0.00426106
55.7481,-0.00532632
55.8531,-0.00532632
55.9581,-0.00532632
56.0631,-0.00532632
56.1681,-0.00532632
56.2731,-0.00426106
56.3781,-0.00426106
56.4831,-0.00532632
56.5881,-0.00532632
56.6931,-0.00532632
56.7981,-0.00532632
56.9031,-0.00532632
57.0081,-0.00532632
57.1131,-0.00532632
57.2181,-0.00532632
57.3231,-0.00426106
57.4281,-0.00532632
57.5331,-0.00532632
57.6381,-0.00532632
57.7431,-0.00532632
57.8481,-0.00532632
57.9531,-0.00532632
58.0581,-0.00532632
58.1631,-0.00426106
58.2681,-0.00532632
58.3731,-0.00532632
58.4781,-0.00532632
58.5831,-0.00532632
58.6881,-0.00532632
58.7931,-0.00532632
58.8981,-0.00532632
59.0031,0
59.1081,-0.00106526
59.2131,0.00213053
59.3181,-0.00532632
59.4231,-0.00532632
59.5281,-0.00532632
59.6331,-0.00532632
59.7381,-0.00532632
59.8431,-0.00532632
59.9481,-0.00745685
60.0531,-0.00319579
60.1581,-0.00639159
60.2631,-0.00532632
60.3681,-0.00532632
60.4731,-0.00426106
60.5781,-0.00532632
60.6831,-0.00532632
60.7881,-0.00426106
60.8931,-0.00532632
60.9981,-0.00426106
61.1031,-0.00532632
61.2081,-0.00532632
61.3131,-0.00532632
61.4181,-0.00532632
61.5231,-0.00532632
61.6281,-0.00532632
61.7331,-0.00426106
61.8381,-0.00319579
61.9431,-0.00532632
62.0481,-0.00639159
62.1531,-0.00426106
62.2581,-0.00958738
62.3631,-0.0149137
62.4681,0.0138484
62.5731,-0.00319579
62.6781,-0.00426106
62.7831,-0.00532632
62.8881,-0.00532632
62.9931,-0.00532632
63.0981,-0.00426106
63.2031,-0.00532632
63.3081,-0.00532632
63.4131,-0.00532632
63.5181,-0.00426106
63.6231,-0.00532632
63.7281,-0.00532632
63.8331,-0.00532632
63.9381,-0.00532632
64.0431,-0.00532632
64.1481,-0.00426106
64.2531,-0.00532632
64.3581,-0.00426106
64.4631,-0.00532632
64.5681,-0.00213053
64.6731,-0.00426106
64.7781,-0.00319579
64.8831,-0.0117179
64.9881,-0.00213053
65.0931,-0.00639159
65.1981,-0.00319579
65.3031,-0.00745685
65.4081,-0.00852212
65.5131,-0.00532632
65.6181,-0.00639159
65.7231,-0.00532632
65.8281,0.00106526
65.9331,0.00213053
66.0381,0.0223706
66.1431,0.0394148
66.2481,-0.0191748
66.3531,0.0543285
66.4581,-0.0106526
66.5631,0.0287621
66.6681,0.0745685
66.7731,0.00319579
66.8781,0.0213053
66.9831,-0.0191748
67.0881,0.0234358
67.1931,0.0191748
67.2981,0.0245011
67.4031,-0.0181095
67.5081,-0.102265
67.6131,0.0266316
67.7181,-0.00852212
67.8231,-0.0117179
67.9281,-0.0276969
68.0331,-0.0245011
68.1381,-0.00639159
68.2431,-0.0127832
68.3481,-0.04048
68.4531,-0.0106526
68.5581,-0.0213053
68.6631,0.00958738
68.7681,-0.0191748
68.8731,-0.0106526
68.9781,-0.0106526
69.0831,0.00213053
69.1881,0.0138484
69.2931,0.00426106
69.3981,0
69.5031,-0.00319579
69.6081,-0.0213053
69.7131,0.00639159
69.8181,0.0127832
69.9231,0.00319579
70.0281,-0.0127832
70.1331,-0.00532632
70.2381,0
70.3431,0.0191748
70.4481,-0.0106526
70.5531,-0.00106526
70.6581,0.00852212
70.7631,-0.00958738
70.8681,-0.0223706
70.9731,-0.0628506
71.0781,0.00852212
71.1831,-0.0213053
71.2881,-0.0149137
71.3931,-0.00532632
71.4981,-0.00213053
71.6031,-0.00319579
71.7081,-0.0138484
71.8131,-0.0106526
71.9181,0.00532632
72.0231,-0.00745685
72.1281,-0.00426106
72.2331,-0.00319579
72.3381,-0.00745685
72.4431,0.00106526
72.5481,-0.00213053
72.6531,-0.00106526
72.7581,0
72.8631,-0.0149137
72.9681,-0.0149137
73.0731,-0.0298274
73.1781,0.00106526
73.2831,-0.00213053
73.3881,0.00213053
73.4931,0.0191748
73.5981,0.00958738
73.7031,-0.02024
73.8081,-0.00639159
73.9131,-0.0181095
74.0181,0.00426106
74.1231,-0.0127832
74.2281,0.00319579
74.3331,-0.0191748
74.4381,-0.00639159
74.5431,-0.00106526
74.6481,-0.0255663
74.7531,0.0308927
74.8581,0.0255663
74.9631,-0.00319579
75.0681,0.0852212
75.1731,-0.0298274
75.2781,-0.0181095
75.3831,-0.0255663
75.4881,0.0351537
75.5931,-0.0809601
75.6981,0.00213053
75.8031,-0.00958738
75.9081,0.0138484
76.0131,0.00426106
76.1181,0.00319579
76.2231,-0.0287621
76.3281,-0.0415453
76.4331,-0.00958738
76.5381,-0.00426106
76.6431,0.00532632
76.7481,0.00213053
76.8531,-0.0287621
76.9581,0.0170442
77.0631,-0.036219
77.1681,-0.0617853
77.2731,-0.0127832
77.3781,0.0106526
77.4831,0.0106526
77.5881,-0.0276969
77.6931,-0.0383495
77.7981,0.0223706
77.9031,0.167247
78.0081,-0.0351537
78.1131,-0.126766
78.2181,-0.0447411
78.3231,0.0181095
78.4281,0.02024
78.5331,0.00852212
78.6381,-0.0127832
78.7431,0
78.8481,-0.0245011
78.9531,-0.0245011
79.0581,-0.0532632
79.1631,-0.0585895
79.2681,-0.0383495
79.3731,-0.0170442
79.4781,-0.0298274
79.5831,-0.00532632
79.6881,-0.0138484
79.7931,-0.00106526
79.8981,-0.00319579
80.0031,-0.0383495
80.1081,-0.00852212
80.2131,0.0308927
80.3181,-0.0127832
80.4231,-0.00958738
80.5281,0.0266316
80.6331,0.0319579
80.7381,0.02024
80.8431,-0.0255663
80.9481,-0.0234358
81.0531,0.0138484
81.1581,-0.00532632
81.2631,-0.0223706
81.3681,0.0330232
81.4731,0.0138484
81.5781,0.0213053
81.6831,-0.0596548
81.7881,-0.0298274
81.8931,-0.00213053
81.9981,-0.00532632
82.1031,-0.00106526
82.2081,-0.00745685
82.3131,-0.0117179
82.4181,0.0191748
82.5231,0.00106526
82.6281,-0.0138484
82.7331,0.00319579
82.8381,-0.0117179
82.9431,0.00106526
83.0481,-0.0117179
83.1531,-0.036219
83.2581,0
83.3631,0.0138484
83.4681,0.0191748
83.5731,-0.0181095
83.6781,-0.0308927
83.7831,-0.0117179
83.8881,-0.00639159
83.9931,0.00106526
84.0981,-0.0330232
84.2031,-0.0351537
84.3081,-0.0266316
84.4131,0.036219
84.5181,-0.0330232
84.6231,-0.0426106
84.7281,-0.00532632
84.8331,-0.0617853
84.9381,-0.0330232
85.0431,-0.00532632
85.1481,-0.00106526
85.2531,0.0266316
85.3581,0.0596548
85.4631,-0.0308927
85.5681,-0.0287621
85.6731,0.0234358
85.7781,0.0287621
85.8831,0
85.9881,-0.00745685
86.0931,0.0223706
86.1981,0.0287621
86.3031,0.00319579
86.4081,-0.00639159
86.5131,-0.0692422
86.6181,0.0127832
86.7231,0.0117179
86.8281,0
86.9331,0.0170442
87.0381,-0.0138484
87.1431,0.0394148
87.2481,-0.015979
87.3531,-0.0181095
87.4581,-0.0308927
87.5631,0.00852212
87.6681,-0.0213053
87.7731,0.0458064
87.8781,-0.0308927
87.9831,0.00106526
88.0881,0.00958738
88.1931,-0.0308927
88.2981,0.00639159
88.4031,0.015979
88.5081,-0.0170442
88.6131,-0.00213053
88.7181,-0.00639159
88.8231,0.00958738
88.9281,0.0181095
89.0331,0.0372843
89.1381,0.0436758
89.2431,0.0106526
89.3481,0.0340885
89.4531,0.0127832
89.5581,0.0394148
89.6631,-0.0447411
89.7681,-0.108657
89.8731,-0.00213053
89.9781,0.0138484
90.0831,0.0117179
90.1881,0.0447411
90.2931,-0.00106526
90.3982,-0.0181095
90.5031,0
90.6081,0.04048
90.7131,-0.00532632
90.8181,-0.0394148
90.9231,-0.0266316
91.0281,0.00532632
91.1331,0.00745685
91.2381,-0.00319579
91.3431,-0.00319579
91.4481,-0.00639159
91.5531,-0.00213053
91.6581,0
91.7631,-0.0117179
91.8681,-0.0127832
91.9731,-0.00852212
92.0781,-0.0127832
92.1831,-0.00639159
92.2881,0.0106526
92.3931,-0.00639159
92.4981,-0.00639159
92.6031,-0.0170442
92.7081,-0.00319579
92.8131,0.052198
92.9181,-0.00958738
93.0231,0.00532632
93.1281,-0.00426106
93.2331,-0.00106526
93.3381,-0.00213053
93.4431,0.0149137
93.5481,0.00106526
93.6531,0.0191748
93.7581,0.00426106
93.8631,0.00745685
93.9681,0.00532632
94.0731,0.0468716
94.1781,0
94.2831,-0.0223706
94.3881,0.0319579
94.4931,-0.00532632
94.5981,-0.0372843
94.7031,-0.0234358
94.8081,-0.00213053
94.9131,-0.00639159
95.0181,-0.00532632
95.1231,-0.00532632
95.2281,-0.00426106
95.3331,-0.00532632
95.4381,-0.00639159
95.5431,-0.00532632
95.6481,-0.00532632
95.7531,-0.00532632
95.8581,-0.00532632
95.9631,-0.00532632
96.0681,-0.00532632
96.1731,-0.00426106
96.2781,-0.00532632
96.3831,-0.00532632
96.4881,-0.00532632
96.5931,-0.00532632
96.6981,-0.00426106
96.8031,-0.00532632
96.9081,-0.00426106
97.0131,-0.00532632
97.1181,-0.00532632
97.2231,-0.00426106
97.3281,-0.00532632
97.4331,-0.00426106
97.5381,-0.00532632
97.6431,-0.00532632
97.7481,-0.00532632
97.8531,-0.00532632
97.9581,-0.00532632
98.0631,-0.00532632
98.1681,-0.00532632
98.2731,-0.00532632
98.3781,-0.00532632
98.4831,-0.00532632
98.5881,-0.00532632
98.6931,-0.00532632
98.7981,-0.00532632
98.9031,-0.00532632
99.0081,-0.00532632
99.1131,-0.00532632
99.2181,-0.00532632
99.3231,-0.00532632
99.4281,-0.00532632
99.5331,-0.00639159
99.6381,-0.00426106
99.7431,-0.00532632
99.8481,-0.00426106
99.9531,-0.00532632
100.058,-0.00532632
100.163,-0.00532632
100.268,-0.00426106
100.373,-0.00532632
100.478,-0.00532632
100.583,-0.00532632
100.688,-0.00532632
100.793,-0.00532632
100.898,-0.00532632
101.003,-0.00532632
101.108,-0.00426106
101.213,-0.00532632
101.318,-0.00532632
101.423,-0.00532632
101.528,-0.00532632
101.633,-0.00532632
101.738,-0.00426106
101.843,-0.00426106
101.948,-0.00532632
102.053,-0.00532632
102.158,-0.00532632
102.263,-0.00532632
102.368,-0.00426106
102.473,-0.00426106
102.578,-0.00426106
102.683,-0.00532632
102.788,-0.00426106
102.893,-0.00532632
102.998,-0.00532632
103.103,-0.00426106
103.208,-0.00532632
103.313,-0.00532632
103.418,-0.00532632
103.523,-0.00426106
103.628,-0.00532632
103.733,-0.00532632
103.838,-0.00532632
103.943,-0.00532632
104.048,-0.00532632
104.153,-0.00532632
104.258,-0.00532632
104.363,-0.00532632
104.468,-0.00532632
104.573,-0.00532632
104.678,-0.00426106
104.783,-0.00532632
104.888,-0.00532632
104.993,-0.00532632
105.098,-0.00426106
105.203,-0.00426106
105.308,-0.00532632
105.413,-0.00532632
105.518,-0.00532632
105.623,-0.00426106
105.728,-0.00532632
105.833,-0.00426106
105.938,-0.00426106
106.043,-0.00532632
106.148,-0.00426106
106.253,-0.00532632
106.358,-0.00532632
106.463,-0.00426106
106.568,-0.00532632
106.673,-0.00532632
106.778,-0.00532632
106.883,-0.00532632
106.988,-0.00426106
107.093,-0.00532632
107.198,-0.00426106
107.303,-0.00532632
107.408,-0.00532632
107.513,-0.00532632
107.618,-0.00532632
107.723,-0.00426106
107.828,-0.00532632
107.933,-0.00426106
108.038,-0.00532632
108.143,-0.00532632
108.248,-0.00532632
108.353,-0.00532632
108.458,-0.00426106
108.563,-0.00532632
108.668,-0.00426106
108.773,-0.00532632
108.878,-0.00426106
108.983,-0.00532632
109.088,-0.00426106
109.193,-0.00532632
109.298,-0.00532632
109.403,-0.00532632
109.508,-0.00532632
109.613,-0.00426106
109.718,-0.00532632
109.823,-0.00532632
109.928,-0.00532632
110.033,-0.00532632
110.138,-0.00426106
110.243,-0.00426106
110.348,-0.00426106
110.453,-0.00532632
110.558,-0.00532632
110.663,-0.00532632
110.768,-0.00426106
110.873,-0.00426106
110.978,-0.00532632
111.083,-0.00426106
111.188,-0.00532632
111.293,-0.00532632
111.398,-0.00532632
111.503,-0.00532632
111.608,-0.00426106
111.713,-0.00532632
111.818,-0.00532632
111.923,-0.00532632
112.028,-0.00426106
112.133,-0.00426106
112.238,-0.00532632
112.343,-0.00532632
112.448,-0.00426106
112.553,-0.00532632
112.658,-0.00532632
112.763,-0.00532632
112.868,-0.00426106
112.973,-0.00426106
113.078,-0.00532632
113.183,-0.00532632
113.288,-0.00532632
113.393,-0.00532632
113.498,-0.00532632
113.603,-0.00532632
113.708,-0.00532632
113.813,-0.00426106
113.918,-0.00426106
114.023,-0.00532632
114.128,-0.00532632
114.233,-0.00426106
114.338,-0.00532632
114.443,-0.00426106
114.548,-0.00532632
114.653,-0.00426106
114.758,-0.00426106
114.863,-0.00532632
114.968,-0.00532632
115.073,-0.00532632
115.178,-0.00532632
115.283,-0.00532632
115.388,-0.00426106
115.493,-0.00426106
115.598,-0.00426106
115.703,-0.00532632
115.808,-0.00532632
115.913,-0.00426106
116.018,-0.00426106
116.123,-0.00532632
116.228,-0.00532632
116.333,-0.00426106
116.438,-0.00532632
116.543,-0.00639159
116.648,-0.00532632
116.753,-0.00532632
116.858,-0.00426106
116.963,-0.00532632
117.068,-0.00532632
117.173,-0.00426106
117.278,-0.00532632
117.383,-0.00532632
117.488,-0.00532632
117.593,-0.00532632
117.698,-0.00532632
117.803,-0.00426106
117.908,-0.00532632
118.013,-0.00532632
118.118,-0.00532632
118.223,-0.00532632
118.328,-0.00426106
118.433,-0.00532632
118.538,-0.00532632
118.643,-0.00532632
118.748,-0.00532632
118.853,-0.00426106
118.958,-0.00532632
119.063,-0.00532632
119.168,-0.00426106
119.273,-0.00532632
119.378,-0.00532632
119.483,-0.00532632
119.588,-0.00426106
119.693,-0.00532632
119.798,-0.00532632
119.903,-0.00426106
120.008,-0.00532632
120.113,-0.00426106
120.218,-0.00532632
120.323,-0.00426106
120.428,-0.00426106
120.533,-0.00532632
120.638,-0.00532632
120.743,-0.00426106
120.848,-0.00426106
120.953,-0.00426106
121.058,-0.00532632
121.163,-0.00532632
121.268,-0.00532632
121.373,-0.00532632
121.478,-0.00532632
121.583,-0.00426106
121.688,-0.00426106
121.793,-0.00532632
121.898,-0.00426106
122.003,-0.00426106
122.108,-0.00958738
122.213,-0.00745685
122.318,-0.00426106
122.423,-0.00532632
122.528,-0.00532632
122.633,-0.00532632
122.738,-0.00532632
122.843,-0.00426106
122.948,-0.00213053
123.053,-0.00213053
123.158,-0.00745685
123.263,-0.00106526
123.368,-0.00745685
123.473,-0.00745685
123.578,-0.00426106
123.683,0.00319579
123.788,-0.00852212
123.893,-0.015979
123.998,-0.00639159
124.103,-0.00213053
124.208,-0.00852212
124.313,-0.00319579
124.418,-0.00106526
124.523,0
124.628,-0.00426106
124.733,-0.00426106
124.838,-0.00532632
124.943,-0.00426106
125.048,-0.0213053
125.153,-0.118244
125.258,0.0372843
125.363,-0.00213053
125.468,0.0106526
125.573,0.0170442
125.678,0.0234358
125.783,-0.0223706
125.888,-0.0117179
125.993,-0.0191748
126.098,0.00426106
126.203,-0.0191748
126.308,-0.00639159
126.413,-0.0351537
126.518,0.0138484
126.623,-0.036219
126.728,0.0351537
126.833,-0.00958738
126.938,-0.015979
127.043,-0.0340885
127.148,0.0138484
127.253,-0.00532632
127.358,-0.0117179
127.463,-0.00639159
127.568,-0.02024
127.673,-0.00426106
127.778,0
127.883,-0.00639159
127.988,0.0127832
128.093,-0.056459
128.198,-0.0234358
128.303,0.00958738
128.408,-0.0213053
128.513,-0.00958738
128.618,-0.00426106
128.723,-0.00319579
128.828,-0.00319579
128.933,-0.0671117
129.038,0.0543285
129.143,0.00745685
129.248,0.015979
129.353,0.02024
129.458,-0.0649811
129.563,0.0276969
129.668,0.0585895
129.773,-0.0628506
129.878,0.108657
129.983,0.0394148
130.088,-0.0958738
130.193,-0.00213053
130.298,-0.00106526
130.403,0.0639159
130.508,-0.0287621
130.613,0.0585895
130.718,-0.0319579
130.823,0.036219
130.928,0.0415453
131.033,-0.00745685
131.138,-0.0490022
131.243,-0.0458064
131.348,0.00532632
131.453,-0.0458064
131.558,-0.111853
131.663,-0.0191748
131.768,0.0170442
131.873,-0.00213053
131.978,0.00852212
132.083,-0.0468716
132.188,0.0671117
132.293,-0.00106526
132.398,0.0596548
132.503,0.0138484
132.608,0.00213053
132.713,0.0745685
132.818,0.00319579
132.923,0.0340885
133.028,0.0532632
133.133,0.0458064
133.238,-0.0138484
133.343,0.00106526
133.448,-0.0553938
133.553,0.00319579
133.658,0.0234358
133.763,-0.015979
133.868,0.00426106
133.973,0.0138484
134.078,-0.00213053
134.183,-0.00319579
134.288,0.00213053
134.393,-0.0490022
134.498,0.0117179
134.603,-0.0383495
134.708,-0.0245011
134.813,-0.00745685
134.918,0.00745685
135.023,-0.0298274
135.128,-0.00852212
135.233,-0.00532632
135.338,-0.00426106
135.443,-0.00532632
135.548,-0.00532632
135.653,-0.00426106
135.758,-0.00532632
135.863,-0.00532632
135.968,-0.00532632
136.073,-0.00532632
136.178,-0.00532632
136.283,-0.00532632
136.388,-0.00426106
136.493,-0.00532632
136.598,-0.00532632
136.703,-0.00532632
136.808,-0.00532632
136.913,-0.00426106
137.018,-0.00532632
137.123,-0.00532632
137.228,-0.00532632
137.333,-0.00426106
137.438,-0.00532632
137.543,-0.00532632
137.648,-0.00532632
137.753,-0.00532632
137.858,-0.00532632
137.963,-0.00532632
138.068,-0.00532632
138.173,-0.00532632
138.278,-0.00426106
138.383,-0.00532632
138.488,-0.00426106
138.593,-0.00532632
138.698,-0.00532632
138.803,-0.00532632
138.908,-0.00532632
139.013,-0.00532632
139.118,-0.00532632
139.223,-0.00532632
139.328,-0.00426106
139.433,-0.00532632
139.538,-0.00532632
139.643,-0.00532632
139.748,-0.00532632
139.853,-0.00532632
139.958,-0.00852212
140.063,0.0948085
140.168,0.0127832
140.273,-0.0500674
140.378,-0.0990696
140.483,0.0234358
140.588,0.0117179
140.693,-0.0213053
140.798,0.00639159
140.903,-0.0117179
141.008,-0.0213053
141.113,-0.00639159
141.218,-0.00319579
141.323,-0.00106526
141.428,-0.00532632
141.533,0.00106526
141.638,-0.0127832
141.743,-0.0223706
141.848,-0.0298274
141.953,-0.0436758
142.058,-0.0234358
142.163,0.00106526
142.268,-0.0585895
142.373,-0.0351537
142.478,-0.00426106
142.583,0.0276969
142.688,-0.0149137
142.793,-0.0372843
142.898,0.00639159
143.003,-0.00426106
143.108,0.036219
143.213,0.04048
143.318,-0.00213053
143.423,0.0138484
143.528,0.0298274
143.633,-0.0117179
143.738,0.00106526
143.843,-0.00852212
143.948,-0.0340885
144.053,0.00958738
144.158,-0.0149137
144.263,0.0266316
144.368,0.0287621
144.473,-0.0596548
144.578,-0.0639159
144.683,0.0383495
144.788,-0.0319579
144.893,-0.0138484
144.998,0.04048
145.103,0.00639159
145.208,-0.0287621
145.313,0.0234358
145.418,0.0245011
145.523,-0.04048
145.628,0.0191748
145.733,-0.0170442
145.838,-0.0500674
145.943,0.02024
146.048,0.0117179
146.153,0.0234358
146.258,-0.0681769
146.363,0.0106526
146.468,0.0330232
146.573,-0.00639159
146.678,-0.00319579
146.783,-0.00532632
146.888,-0.00532632
146.993,-0.00532632
147.098,-0.00532632
147.203,-0.00532632
147.308,-0.00532632
147.413,-0.00532632
147.518,-0.00426106
147.623,-0.00532632
147.728,-0.00532632
147.833,-0.00532632
147.938,-0.00426106
148.043,-0.00426106
148.148,-0.00532632
148.253,-0.00532632
148.358,-0.00532632
148.463,-0.00532632
148.568,-0.00532632
148.673,-0.00532632
148.778,-0.00426106
148.883,-0.00532632
148.988,-0.00532632
149.093,-0.00532632
149.198,-0.00532632
149.303,-0.00532632
149.408,-0.00532632
149.513,-0.00426106
149.618,-0.00532632
149.723,-0.00532632
149.828,-0.00532632
149.933,-0.00532632
150.038,-0.00532632
150.143,-0.00532632
150.248,-0.00532632
150.353,-0.00532632
150.458,-0.00532632
150.563,-0.00532632
150.668,-0.00532632
150.773,-0.00532632
150.878,-0.00532632
150.983,-0.00532632
151.088,-0.00532632
151.193,-0.00532632
151.298,-0.00532632
151.403,-0.00426106
151.508,-0.00426106
151.613,-0.00426106
151.718,-0.00532632
151.823,-0.00426106
151.928,-0.00532632
152.033,-0.00532632
152.138,-0.00532632
152.243,-0.00426106
152.348,-0.00426106
152.453,-0.00426106
152.558,-0.00426106
152.663,-0.00532632
152.768,-0.00532632
152.873,-0.00532632
152.978,-0.00532632
153.083,-0.00532632
153.188,-0.00532632
153.293,-0.00532632
153.398,-0.00532632
153.503,-0.00532632
153.608,-0.00532632
153.713,-0.00532632
153.818,-0.00532632
153.923,-0.00532632
154.028,-0.00426106
154.133,-0.00532632
154.238,-0.00532632
154.343,-0.00532632
154.448,-0.00532632
154.553,-0.00532632
154.658,-0.00426106
154.763,-0.00532632
154.868,-0.00532632
154.973,-0.00532632
155.078,-0.00426106
155.183,-0.00532632
155.288,-0.00532632
155.393,-0.00532632
155.498,-0.00426106
155.603,-0.00532632
155.708,-0.00532632
155.813,-0.00532632
155.918,-0.00532632
156.023,-0.00426106
156.128,0.00319579
156.233,-0.0181095
156.338,-0.0777643
156.443,-0.0298274
156.548,0.00106526
156.653,-0.0308927
156.758,-0.0149137
156.863,-0.00532632
156.968,-0.00958738
157.073,-0.00532632
157.178,-0.00639159
157.283,-0.00532632
157.388,-0.0138484
157.493,-0.00852212
157.598,-0.0266316
157.703,-0.02024
157.808,-0.0287621
157.913,0.00745685
158.018,-0.0117179
158.123,0.00745685
158.228,-0.0138484
158.333,-0.0255663
158.438,0.00745685
158.543,-0.00426106
158.648,-0.0575243
158.753,-0.056459
158.858,-0.00213053
158.963,-0.00319579
159.068,0.0106526
159.173,0.00426106
159.278,-0.0170442
159.383,-0.0394148
159.488,-0.0181095
159.593,-0.00852212
159.698,-0.0138484
159.803,0.0330232
159.908,-0.0681769
160.013,0.0138484
160.118,-0.00852212
160.223,0.00639159
160.328,0.00213053
160.433,-0.0223706
160.538,0.0127832
160.643,0.00958738
160.748,0.0617853
160.853,0.0138484
160.958,-0.107592
161.063,-0.0703075
161.168,0.0596548
161.273,0.0149137
161.378,-0.0106526
161.483,0.0255663
161.588,0.015979
161.693,0.0330232
161.798,-0.0809601
161.903,0.0181095
162.008,-0.116114
162.113,0.0191748
162.218,0.0106526
162.323,0.0628506
162.428,-0.0191748
162.533,0.0809601
162.638,0.0553938
162.743,-0.0223706
162.848,-0.0127832
162.953,-0.0276969
163.058,-0.056459
163.163,0.0543285
163.268,0.0223706
163.373,0.0383495
163.478,-0.0830906
163.583,0.0127832
163.688,0.0735032
163.793,0.00745685
163.898,-0.00426106
164.003,-0.0383495
164.108,0.0308927
164.213,-0.0713727
164.318,-0.015979
164.423,-0.0948085
164.528,0.056459
164.633,-0.0937433
164.738,0.00106526
164.843,-0.0383495
164.948,-0.0585895
165.053,-0.00532632
165.158,-0.00852212
165.263,-0.0308927
165.368,0.0138484
165.473,-0.00532632
165.578,-0.0340885
165.683,0.0127832
165.788,0.0138484
165.893,-0.00532632
165.998,0.0106526
166.103,-0.0266316
166.208,-0.0436758
166.313,-0.0490022
166.418,-0.0149137
166.523,0.0852212
166.628,-0.00532632
166.733,0.00319579
166.838,-0.00426106
166.943,-0.00426106
167.048,-0.00426106
167.153,-0.00532632
167.258,-0.00532632
167.363,-0.00532632
167.468,-0.00426106
167.573,-0.00426106
167.678,-0.00426106
167.783,-0.00532632
167.888,-0.00532632
167.993,-0.00532632
168.098,-0.00426106
168.203,-0.00532632
168.308,-0.00532632
168.413,-0.00532632
168.518,-0.00532632
168.623,-0.00426106
168.728,-0.00532632
168.833,-0.00426106
168.938,-0.00532632
169.043,-0.00532632
169.148,-0.00745685
169.253,-0.0181095
169.358,-0.00106526
169.463,0.00639159
169.568,0.00106526
169.673,-0.00852212
169.778,0.0500674
169.883,0.015979
169.988,0.0266316
170.093,0.0138484
170.198,0.00319579
170.303,-0.00958738
170.408,0.0149137
170.513,-0.0149137
170.618,0.00213053
170.723,0.0245011
170.828,-0.0245011
170.933,-0.00213053
171.038,-0.00852212
171.143,-0.0138484
171.248,-0.00319579
171.353,0.0276969
171.458,-0.02024
171.563,-0.0266316
171.668,0.00532632
171.773,-0.00532632
171.878,-0.00532632
171.983,-0.00532632
172.088,-0.00532632
172.193,-0.00532632
172.298,-0.00426106
172.403,-0.00532632
172.508,-0.00532632
172.613,-0.00532632
172.718,-0.00532632
172.823,-0.00532632
172.928,-0.00426106
173.033,-0.00426106
173.138,-0.00532632
173.243,-0.00426106
173.348,-0.00532632
173.453,-0.00426106
173.558,-0.00426106
173.663,-0.00532632
173.768,-0.00426106
173.873,-0.00426106
173.978,-0.00532632
174.083,-0.00532632
174.188,-0.00532632
174.293,-0.00426106
174.398,-0.00532632
174.503,-0.00532632
174.608,-0.00426106
174.713,-0.00532632
174.818,-0.00532632
174.923,-0.00532632
175.028,-0.00426106
175.133,-0.00532632
175.238,-0.00532632
175.343,-0.00426106
175.448,-0.00639159
175.553,-0.00426106
175.658,-0.00532632
175.763,-0.00532632
175.868,-0.00426106
175.973,-0.00426106
176.078,-0.00532632
176.183,-0.00532632
176.288,-0.00532632
176.393,-0.00426106
176.498,-0.00532632
176.603,-0.00532632
176.708,-0.00532632
176.813,-0.00532632
176.918,-0.00426106
177.023,-0.00532632
177.128,-0.00532632
177.233,-0.00532632
177.338,-0.00532632
177.443,-0.00426106
177.548,-0.00532632
177.653,-0.00426106
177.758,-0.00532632
177.863,-0.00426106
177.968,-0.00426106
178.073,-0.00532632
178.178,-0.00532632
178.283,-0.00426106
178.388,-0.00532632
178.493,-0.00532632
178.598,-0.00532632
178.703,-0.00532632
178.808,-0.00426106
178.913,-0.00532632
179.018,-0.00532632
179.123,-0.00426106
179.228,-0.00532632
179.333,-0.00532632
179.438,-0.00532632
179.543,-0.00532632
179.648,-0.00532632
179.753,-0.00532632
179.858,-0.00532632
179.963,-0.00532632
180.068,-0.00532632
180.173,-0.00532632
180.278,-0.00532632
180.383,-0.00426106
180.488,-0.00532632
180.593,-0.00532632
180.698,-0.00532632
180.803,-0.00532632
180.908,-0.00426106
181.013,-0.00532632
181.118,-0.00532632
181.223,-0.00532632
181.328,-0.00532632
181.433,-0.00532632
181.538,-0.00532632
181.643,-0.00532632
181.748,-0.00532632
181.853,-0.00426106
181.958,-0.00532632
182.063,-0.00532632
182.168,-0.00426106
182.273,-0.00532632
182.378,-0.00532632
182.483,-0.00532632
182.588,-0.00532632
182.693,-0.00532632
182.798,-0.00532632
182.903,-0.00532632
183.008,-0.00426106
183.113,-0.00532632
183.218,-0.00532632
183.323,-0.00426106
183.428,-0.00532632
183.533,-0.00532632
183.638,-0.00532632
183.743,-0.00532632
183.848,-0.00532632
183.953,-0.00426106
184.058,-0.00532632
184.163,-0.00532632
184.268,-0.00532632
184.373,-0.00532632
184.478,-0.00532632
184.583,-0.00532632
184.688,-0.00532632
184.793,-0.00532632
184.898,-0.00532632
185.003,-0.00532632
185.108,-0.00532632
185.213,-0.00532632
185.318,-0.00532632
185.423,-0.00532632
185.528,-0.00532632
185.633,-0.00532632
185.738,-0.00532632
185.843,-0.00426106
185.948,-0.00532632
186.053,-0.00532632
186.158,-0.00532632
186.263,-0.00532632
186.368,-0.00426106
186.473,-0.00532632
186.578,-0.00532632
186.683,-0.00426106
186.788,-0.00532632
186.893,-0.00532632
186.998,-0.00532632
187.103,-0.00426106
187.208,-0.00426106
187.313,-0.00532632
187.418,-0.00532632
187.523,-0.00532632
187.628,-0.00426106
187.733,-0.00532632
187.838,-0.00532632
187.943,-0.00639159
188.048,-0.00532632
188.153,-0.00426106
188.258,-0.00426106
188.363,-0.00532632
188.468,-0.00532632
188.573,-0.00532632
188.678,-0.00532632
188.783,-0.00532632
188.888,-0.00426106
188.993,-0.00532632
189.098,-0.00426106
189.203,-0.00532632
189.308,-0.00532632
189.413,-0.00532632
189.518,-0.00532632
189.623,-0.00532632
189.728,-0.00532632
189.833,-0.00532632
189.938,-0.00532632
190.043,-0.00532632
190.148,-0.00532632
190.253,-0.00426106
190.358,-0.00532632
190.463,-0.00532632
190.568,-0.00639159
190.673,-0.00426106
190.778,-0.00532632
190.883,-0.00532632
190.988,-0.00532632
191.093,-0.00532632
191.198,-0.00532632
191.303,-0.00532632
191.408,-0.00532632
191.513,-0.00532632
191.618,-0.00426106
191.723,-0.00532632
191.828,-0.00532632
191.933,-0.00426106
192.038,-0.00532632
192.143,-0.00532632
192.248,-0.00532632
192.353,-0.00532632
192.458,-0.00532632
192.563,-0.00532632
192.668,-0.00639159
192.773,-0.00532632
192.878,-0.00532632
192.983,-0.00532632
193.088,-0.00532632
193.193,-0.00532632
193.298,-0.00532632
193.403,-0.00532632
193.508,-0.00532632
193.613,-0.00639159
193.718,-0.00532632
193.823,-0.00532632
193.928,-0.00532632
194.033,-0.00532632
194.138,-0.00532632
194.243,-0.00532632
194.348,-0.00532632
194.453,-0.00639159
194.558,-0.00532632
194.663,-0.00532632
194.768,-0.00532632
194.873,-0.00532632
194.978,-0.00426106
195.083,-0.00532632
195.188,-0.00426106
195.293,-0.00532632
195.398,-0.00532632
195.503,-0.00532632
195.608,-0.00532632
195.713,-0.00532632
195.818,-0.00532632
195.923,-0.00426106
196.028,-0.00532632
196.133,-0.00532632
196.238,-0.00532632
196.343,-0.00532632
196.448,-0.00532632
196.553,-0.00532632
196.658,-0.00426106
196.763,-0.00532632
196.868,-0.00426106
196.973,-0.00532632
197.078,-0.00532632
197.183,-0.00532632
197.288,-0.00532632
197.393,-0.00532632
197.498,-0.00426106
197.603,-0.00532632
197.708,-0.00532632
197.813,-0.00532632
197.918,-0.00532632
198.023,-0.00639159
198.128,-0.00532632
198.233,-0.00532632
198.338,-0.00532632
198.443,-0.00532632
198.548,-0.00639159
198.653,-0.00532632
198.758,-0.00532632
198.863,-0.00532632
198.968,-0.00532632
199.073,-0.00532632
199.178,-0.00532632
199.283,-0.00532632
199.388,-0.00532632
199.493,-0.00532632
199.598,-0.00532632
199.703,-0.00532632
199.808,-0.00532632
199.913,-0.00532632
200.018,-0.00532632
200.123,-0.00532632
200.228,-0.00532632
200.333,-0.00532632
200.438,-0.00532632
200.543,-0.00532632
200.648,-0.00532632
200.753,-0.00532632
200.858,-0.00532632
200.963,-0.00532632
201.068,-0.00532632
201.173,-0.00639159
201.278,-0.00532632
201.383,-0.00532632
201.488,-0.00426106
201.593,-0.00532632
201.698,-0.00426106
201.803,-0.00532632
201.908,-0.00532632
202.013,-0.00532632
202.118,-0.00532632
202.223,-0.00532632
202.328,-0.00532632
202.433,-0.00532632
202.538,-0.00532632
202.643,-0.00532632
202.748,-0.00426106
202.853,-0.00532632
202.958,-0.00426106
203.063,-0.00532632
203.168,-0.00532632
203.273,-0.00426106
203.378,-0.00532632
203.483,-0.00532632
203.588,-0.00532632
203.693,-0.00532632
203.798,-0.00532632
203.903,-0.00532632
204.008,-0.00532632
204.113,-0.00532632
204.218,-0.00532632
204.323,-0.00532632
204.428,-0.00426106
204.533,-0.00532632
204.638,-0.00532632
204.743,-0.00532632
204.848,-0.00532632
204.953,-0.00639159
205.058,-0.00532632
205.163,-0.00532632
205.268,-0.00532632
205.373,-0.00532632
205.478,-0.00532632
205.583,-0.00532632
205.688,-0.00532632
205.793,-0.00426106
205.898,-0.00532632
206.003,-0.00532632
206.108,-0.00532632
206.213,-0.00532632
206.318,-0.00532632
206.423,-0.00532632
206.528,-0.00532632
206.633,-0.00532632
206.738,-0.00532632
206.843,-0.00532632
206.948,-0.00532632
207.053,-0.00532632
207.158,-0.00532632
207.263,-0.00532632
207.368,-0.00532632
207.473,-0.00532632
207.578,-0.00532632
207.683,-0.00532632
207.788,-0.00532632
207.893,-0.00639159
207.998,-0.00426106
208.103,-0.00532632
208.208,-0.00532632
208.313,-0.00426106
208.418,-0.00532632
208.523,-0.00532632
208.628,-0.00532632
208.733,-0.00532632
208.838,-0.00532632
208.943,-0.00426106
209.048,-0.00639159
209.153,-0.00532632
209.258,-0.00532632
209.363,-0.00532632
209.468,-0.00532632
209.573,-0.00532632
209.678,-0.00532632
209.783,-0.00532632
209.888,-0.00532632
209.993,-0.00532632
210.098,-0.00532632
210.203,-0.00532632
210.308,-0.00532632
210.413,-0.00532632
210.518,-0.00426106
210.623,-0.00532632
210.728,-0.00532632
210.833,-0.00532632
210.938,-0.00532632
211.043,-0.00532632
211.148,-0.00532632
211.253,-0.00532632
211.358,-0.00532632
211.463,-0.00532632
211.568,-0.00532632
211.673,-0.00532632
211.778,-0.00532632
211.883,-0.00426106
211.988,-0.00532632
212.093,-0.00532632
212.198,-0.00532632
212.303,-0.00532632
212.408,-0.00532632
212.513,-0.00532632
212.618,-0.00532632
212.723,-0.00532632
212.828,-0.00426106
212.933,-0.00639159
213.038,-0.00532632
213.143,-0.00639159
213.248,-0.00532632
213.353,-0.00532632
213.458,-0.00639159
213.563,-0.00639159
213.668,-0.00532632
213.773,-0.00639159
213.878,-0.00532632
213.983,-0.00532632
214.088,-0.00426106
214.193,-0.00532632
214.298,-0.00319579
214.403,-0.00319579
214.508,-0.00426106
214.613,-0.00639159
214.718,-0.00639159
214.823,-0.00639159
214.928,-0.00426106
215.033,-0.00426106
215.138,-0.00213053
215.243,-0.00426106
215.348,-0.00639159
215.453,-0.00426106
215.558,-0.00532632
215.663,-0.00532632
215.768,-0.00532632
215.873,-0.00532632
215.978,-0.00532632
216.083,-0.00532632
216.188,-0.00426106
216.293,-0.00426106
216.398,-0.00426106
216.503,-0.00532632
216.608,-0.00532632
216.713,-0.00532632
216.818,-0.00532632
216.923,-0.00639159
217.028,-0.0191748
217.133,-0.00213053
217.238,-0.00106526
217.343,-0.0117179
217.448,0.00852212
217.553,-0.429302
217.658,-0.145941
217.763,-0.227967
217.868,0.637028
217.973,-0.225836
218.078,-0.28123
218.183,-0.280165
218.288,-0.249272
218.393,-0.153398
218.498,-0.394148
218.603,-0.676443
218.708,-0.641289
218.813,-1.12598
218.918,-1.81308
219.023,-1.85356
219.128,-0.875647
219.233,0.160855
219.338,1.518
219.443,0.868191
219.548,-0.589091
219.653,-1.18777
219.758,-0.619984
219.863,-0.401605
219.968,-0.140615
220.073,-0.419714
220.178,-0.336624
220.283,-0.173638
220.388,-0.251402
220.493,-0.449542
220.598,-0.304666
220.703,-0.18216
220.808,-0.278034
220.913,-0.366451
221.018,-0.330232
221.123,0.170442
221.228,0.00639159
221.333,-0.629571
221.438,-0.113983
221.543,0.493217
221.648,0.231162
221.753,-0.872452
221.858,-2.63546
221.963,-2.69192
222.068,-0.851146
222.173,-0.166181
222.278,-0.44315
222.383,-0.675378
222.488,-0.392017
222.593,0.339819
222.698,0.874582
222.803,0.80747
222.908,0.588026
223.013,0.595483
223.118,0.581634
223.223,0.0298274
223.328,-0.502805
223.433,-0.705205
223.538,-0.795753
223.643,-0.417584
223.748,-0.201335
223.853,0.531567
223.958,0.585895
224.063,0.271642
224.168,-0.50174
224.273,-2.42987
224.378,-2.70364
224.483,-0.855407
224.588,0.703075
224.693,0.40267
224.798,0.32171
224.903,0.273773
225.008,0.300405
225.113,-0.0607201
225.218,-0.421845
225.323,-0.675378
225.428,-0.412257
225.533,-0.396278
225.638,-0.339819
225.743,0.0149137
225.848,-0.0862864
225.953,0.369647
226.058,0.994957
226.163,0.788296
226.268,0.056459
226.373,-0.809601
226.478,-0.891626
226.583,-0.518784
226.688,-0.333428
226.793,-0.239685
226.898,-0.295078
227.003,-0.15979
227.108,0.232228
227.213,-0.0543285
227.318,-0.284426
227.423,-0.0468716
227.528,0.274838
227.633,1.01733
227.738,0.607201
227.843,0.369647
227.948,0.160855
228.053,0.120375
228.158,0.181095
228.263,-0.191748
228.368,-0.351537
228.473,-0.00319579
228.578,0.331297
228.683,0.284426
228.788,-0.238619
228.893,-0.0596548
228.998,-0.871386
229.103,-1.33584
229.208,-1.26021
229.313,-0.531567
229.418,-0.190682
229.523,0.0138484
229.628,0.278034
229.733,0.238619
229.838,0.325971
229.943,0.328101
230.048,0.433563
230.153,0.388822
230.258,0.351537
230.363,0.235423
230.468,0.206661
230.573,0.173638
230.678,0.235423
230.783,0.245011
230.888,0.405866
230.993,0.204531
231.098,-0.0351537
231.203,-0.1012
231.308,-0.826645
231.413,-2.2541
231.518,-2.39365
231.623,-1.68418
231.728,-0.484695
231.833,0.4815
231.938,0.880974
232.043,0.874582
232.148,0.833037
232.253,0.705205
232.358,0.577373
232.463,0.556068
232.568,0.660464
232.673,0.537959
232.778,0.486826
232.883,0.329167
232.988,0.193878
233.093,0.187487
233.198,-0.0383495
233.303,-0.110788
233.408,-0.12144
233.513,-0.320645
233.618,-0.237554
233.723,-0.872452
233.828,-1.77367
233.933,-1.68312
234.038,-1.09083
234.143,-0.18216
234.248,0.445281
234.353,0.621049
234.458,0.439954
234.563,0.631702
234.668,1.23464
234.773,1.61388
234.878,1.35076
234.983,0.959803
235.088,0.575243
235.193,0.2024
235.298,0.0149137
235.403,-0.0873517
235.508,-0.400539
235.613,-0.348341
235.718,-0.486826
235.823,-0.70414
235.928,-1.53398
236.033,-1.17392
236.138,-0.972586
236.243,-0.606135
236.348,0.04048
236.453,0.318514
236.558,0.343015
236.663,0.577373
236.768,0.642354
236.873,0.721184
236.978,1.04183
237.083,1.10681
237.188,0.697748
237.293,0.28336
237.398,0.698813
237.503,-0.052198
237.608,-0.0479369
237.713,-0.188552
237.818,-0.147006
237.923,-0.290817
238.028,-0.409062
238.133,-1.72999
238.238,-1.75769
238.343,-1.54037
238.448,-0.774447
238.553,-0.254598
238.658,0.056459
238.763,0.465521
238.868,0.707336
238.973,0.723315
239.078,0.788296
239.183,0.618919
239.288,1.29004
239.393,0.286556
239.498,0.274838
239.603,0.428236
239.708,0.40267
239.813,0.1012
239.918,-0.167247
240.023,-0.223706
240.128,-0.181095
240.233,-0.282295
240.338,-0.529436
240.443,-2.54492
240.548,-3.31723
240.653,-2.80591
240.758,-2.35636
240.863,-1.14836
240.968,-0.430367
241.073,-0.0234358
241.178,0.110788
241.283,0.218379
241.388,0.729706
241.493,1.39124
241.598,2.36915
241.703,2.25303
241.808,1.84078
241.913,1.19736
242.018,0.850081
242.123,-0.287621
242.228,-1.15581
242.333,-1.82373
242.438,-1.84078
242.543,-1.44982
242.648,-1.11959
242.753,-1.07592
242.858,-1.05142
242.963,-1.31134
243.068,-0.918258
243.173,-0.0255663
243.278,0.988565
243.383,1.57233
243.488,1.6469
243.593,1.37632
243.698,0.116114
243.803,-0.0660464
243.908,0.311057
244.013,0.749946
244.118,0.76699
244.223,0.373908
244.328,-0.290817
244.433,-0.52411
244.538,-0.647681
244.643,-1.34117
244.748,-2.8091
244.853,-3.13933
244.958,-2.46289
245.063,-2.00057
245.168,-1.01626
245.273,0.0777643
245.378,1.51587
245.483,1.84291
245.588,1.91854
245.693,1.92706
245.798,1.8738
245.903,1.38165
246.008,0.773382
246.113,0.616788
246.218,0.786165
246.323,0.416518
246.428,0.307861
246.533,0.271642
246.638,0.243946
246.743,0.0415453
246.848,-0.0585895
246.953,-0.0596548
247.058,-0.125701
247.163,-0.230097
247.268,-0.631702
247.373,-0.959803
247.478,-1.01946
247.583,-1.01733
247.688,-0.659399
247.793,-0.286556
247.898,-0.036219
248.003,0.174703
248.108,0.203466
248.213,0.327036
248.318,0.175769
248.423,0.74462
248.528,1.09509
248.633,1.48072
248.738,1.33052
248.843,1.03863
248.948,0.0873517
249.053,-0.514523
249.158,-0.311057
249.263,-0.140615
249.368,-0.269512
249.473,-0.771251
249.578,-1.95476
249.683,-1.86315
249.788,-1.80243
249.893,-1.42213
249.998,-0.747816
250.103,-0.78723
250.208,-0.98537
250.313,-1.78219
250.418,-2.4043
250.523,-2.69086
250.628,-2.41602
250.733,-1.95796
250.838,-1.95796
250.943,-1.6959
251.048,-0.700944
251.153,0.393083
251.258,1.65542
251.363,2.20084
251.468,2.07194
251.573,1.61175
251.678,1.82586
251.783,1.63305
251.888,1.04502
251.993,0.286556
252.098,-0.478304
252.203,-0.858603
252.308,-0.874582
252.413,-0.762729
252.518,-0.586961
252.623,-0.32171
252.728,-0.160855
252.833,-0.0340885
252.938,0.102265
253.043,0.234358
253.148,0.322775
253.253,0.294013
253.358,0.388822
253.463,0.208792
253.568,0.370712
253.673,0.606135
253.778,-0.0308927
253.883,-1.71188
253.988,-4.05546
254.093,-3.25651
254.198,-1.19949
254.303,-0.216249
254.408,-0.58483
254.513,-0.274838
254.618,0.355798
254.723,0.170442
254.828,0.0585895
254.933,-0.349407
255.038,-0.349407
255.143,-0.418649
255.248,-0.299339
255.353,-0.390952
255.458,-0.292948
255.563,-0.123571
255.668,0.0703075
255.773,-0.015979
255.878,0.386691
255.983,1.03118
256.088,2.0794
256.193,1.78325
256.298,1.29962
256.403,0.66366
256.508,0.123571
256.613,-0.129962
256.718,-0.227967
256.823,-0.506001
256.928,-2.30204
257.033,-2.71323
258.721,-0.446346
258.826,0.711597
258.931,1.28684
259.036,1.54889
259.141,0.909736
259.246,-0.641289
259.351,-1.3678
259.456,-1.10361
259.561,-0.276969
259.666,0.48363
259.771,0.640224
259.876,0.426106
259.981,0.117179
260.086,-0.127832
260.191,-0.0500674
260.296,0.241815
260.401,0.460194
260.506,0.525175
260.611,0.399474
260.716,0.279099
260.821,0.313188
260.926,0.429302
261.031,0.447411
261.136,0.529436
261.241,0.595483
261.346,0.689226
261.451,0.650877
261.556,0.294013
261.661,0.287621
261.766,0.406931
261.871,0.455933
261.976,0.592287
262.081,0.797883
262.186,0.642354
262.291,0.305731
262.396,0.209857
262.501,0.337689
262.606,0.495348
262.711,0.453803
262.816,0.403735
262.921,0.354733
263.026,0.291882
263.131,0.284426
263.236,0.280165
263.341,0.313188
263.446,0.282295
263.551,0.265251
263.656,0.265251
263.761,0.230097
263.866,0.227967
263.971,0.428236
264.076,0.162985
264.181,0.0958738
264.286,0.174703
264.391,0.122505
264.496,0.22264
264.601,0.266316
264.706,0.22051
264.811,0.221575
264.916,0.271642
265.021,0.216249
265.126,0.204531
265.231,0.249272
265.336,0.246076
265.441,0.354733
265.546,0.246076
265.651,0.157659
265.756,0.291882
265.861,0.370712
265.966,0.224771
266.071,0.299339
266.176,0.409062
266.281,0.213053
266.386,0.353668
266.491,0.343015
266.596,-nan
