time;accX;accY;accZ;gyroX;gyroY;gyroZ;alt;lat;lon;EleL;EleR
258.722000;-0.811684;-0.596702;9.914390;-0.210618;-0.149523;-0.435318;663.266000;48.066600;11.644100;0.746128;-0.527095
258.742000;-0.902924;-0.699346;7.068192;-0.758468;-0.029402;-0.214757;663.266000;48.066600;11.644100;0.746128;-0.519589
258.762000;-0.994163;-0.801990;4.221994;-1.306318;0.090720;0.005803;663.266000;48.066600;11.644100;0.746128;-0.512082
258.782000;-1.085403;-0.904634;1.375796;-1.854169;0.210841;0.226364;663.266000;48.066600;11.644100;0.746128;-0.504576
258.802000;-1.176642;-1.007277;-1.470402;-2.402019;0.330962;0.446924;663.266000;48.066600;11.644100;0.746128;-0.497069
258.822000;-1.267882;-1.109921;-4.316600;-2.949870;0.451084;0.667485;663.266000;48.066600;11.644100;0.746128;-0.489563
258.842000;-1.101462;-1.093224;-6.527038;-3.385390;0.466342;0.799253;663.266000;48.066600;11.644100;0.720805;-0.444389
258.862000;-0.870627;-1.046692;-8.578535;-3.792829;0.455385;0.908823;663.266000;48.066600;11.644100;0.678600;-0.374105
258.882000;-0.639792;-1.000160;-10.630032;-4.200267;0.444429;1.018393;663.266000;48.066600;11.644100;0.636395;-0.303821
258.902000;-0.408957;-0.953628;-12.681529;-4.607705;0.433472;1.127963;663.266000;48.066600;11.644100;0.594190;-0.233536
258.922000;-0.178121;-0.907096;-14.733026;-5.015143;0.422515;1.237533;663.266000;48.066600;11.644100;0.551985;-0.163252
258.942000;-0.044639;-0.830958;-15.976363;-5.006205;0.499609;1.314293;663.266000;48.066600;11.644100;0.500827;-0.110176
258.962000;0.009192;-0.730595;-16.558477;-4.656595;0.648745;1.364207;663.266000;48.066600;11.644100;0.440716;-0.074309
258.982000;0.063023;-0.630232;-17.140591;-4.306986;0.797882;1.414121;663.266000;48.066600;11.644100;0.380605;-0.038441
259.002000;0.116854;-0.529870;-17.722706;-3.957376;0.947018;1.464036;663.266000;48.066600;11.644100;0.320494;-0.002574
259.022000;0.170685;-0.429507;-18.304820;-3.607767;1.096155;1.513950;663.266000;48.066600;11.644100;0.260383;0.033293
259.042000;0.268721;-0.280286;-18.838209;-3.143839;1.203776;1.512367;663.266000;48.066600;11.644100;0.209809;0.057480
259.062000;0.469903;-0.017063;-19.257904;-2.413169;1.214531;1.390623;663.266000;48.066600;11.644100;0.187844;0.046622
259.082000;0.671085;0.246161;-19.677599;-1.682499;1.225285;1.268880;663.266000;48.066600;11.644100;0.165879;0.035765
259.102000;0.872266;0.509384;-20.097294;-0.951829;1.236039;1.147136;663.266000;48.066600;11.644100;0.143914;0.024907
259.122000;1.073448;0.772608;-20.516990;-0.221159;1.246793;1.025392;663.266000;48.066600;11.644100;0.121950;0.014050
259.142000;1.261126;1.016968;-20.918437;0.485760;1.249989;0.894964;663.266000;48.066600;11.644100;0.099985;0.003192
259.162000;1.192240;0.902920;-20.973180;0.741424;1.109578;0.599531;663.266000;48.066600;11.644100;0.101088;-0.011336
259.182000;1.123355;0.788872;-21.027923;0.997087;0.969166;0.304098;663.266000;48.066600;11.644100;0.102192;-0.025865
259.202000;1.054470;0.674824;-21.082666;1.252750;0.828755;0.008664;663.266000;48.066600;11.644100;0.103295;-0.040394
259.222000;0.985584;0.560776;-21.137409;1.508414;0.688343;-0.286769;663.266000;48.066600;11.644100;0.104399;-0.054922
259.242000;0.916699;0.446728;-21.192151;1.764077;0.547931;-0.582202;663.266000;48.066600;11.644100;0.105502;-0.069451
259.262000;0.708401;0.351292;-20.820258;1.593148;0.533160;-0.751995;663.266000;48.066600;11.644100;0.098063;-0.068946
259.282000;0.465249;0.260509;-20.341706;1.315571;0.549798;-0.890378;663.266000;48.066600;11.644100;0.087777;-0.063431
259.302000;0.222098;0.169727;-19.863153;1.037993;0.566437;-1.028762;663.266000;48.066600;11.644100;0.077491;-0.057916
259.322000;-0.021053;0.078944;-19.384601;0.760416;0.583075;-1.167145;663.266000;48.066600;11.644100;0.067204;-0.052400
259.342000;-0.264205;-0.011838;-18.906049;0.482839;0.599714;-1.305528;663.266000;48.066600;11.644100;0.056918;-0.046885
259.362000;-0.393445;-0.112657;-18.496503;0.244098;0.630637;-1.340123;661.780581;48.066600;11.644100;0.041115;-0.038156
259.382000;-0.429484;-0.221688;-18.143417;0.037132;0.673247;-1.289801;659.079819;48.066600;11.644100;0.019795;-0.026214
259.402000;-0.465524;-0.330718;-17.790331;-0.169834;0.715858;-1.239479;656.379057;48.066600;11.644100;-0.001525;-0.014273
259.422000;-0.501563;-0.439748;-17.437246;-0.376799;0.758468;-1.189157;653.678295;48.066600;11.644100;-0.022845;-0.002331
259.442000;-0.537602;-0.548779;-17.084160;-0.583765;0.801079;-1.138835;650.977533;48.066600;11.644100;-0.044164;0.009611
259.462000;-0.558587;-0.624826;-16.822629;-0.740876;0.805279;-1.056373;649.087000;48.066600;11.644100;-0.064244;0.021808
259.482000;-0.544445;-0.623914;-16.774724;-0.781661;0.719855;-0.898918;649.087000;48.066600;11.644100;-0.080603;0.034773
259.502000;-0.530303;-0.623002;-16.726819;-0.822445;0.634431;-0.741463;649.087000;48.066600;11.644100;-0.096962;0.047738
259.522000;-0.516161;-0.622089;-16.678914;-0.863229;0.549007;-0.584007;649.087000;48.066600;11.644100;-0.113321;0.060703
259.542000;-0.502019;-0.621177;-16.631010;-0.904014;0.463583;-0.426552;649.087000;48.066600;11.644100;-0.129680;0.073668
259.562000;-0.493899;-0.617664;-16.565131;-0.932127;0.385494;-0.269725;649.087000;48.066600;11.644100;-0.146039;0.086633
259.582000;-0.600191;-0.564746;-16.157760;-0.719480;0.446772;-0.124849;649.087000;48.066600;11.644100;-0.151353;0.091243
259.602000;-0.706484;-0.511827;-15.750389;-0.506833;0.508050;0.020027;649.087000;48.066600;11.644100;-0.156667;0.095853
259.622000;-0.812776;-0.458909;-15.343017;-0.294186;0.569328;0.164903;649.087000;48.066600;11.644100;-0.161981;0.100463
259.642000;-0.919069;-0.405990;-14.935646;-0.081538;0.630606;0.309779;649.087000;48.066600;11.644100;-0.167295;0.105073
259.662000;-1.025361;-0.353072;-14.528274;0.131109;0.691884;0.454655;649.087000;48.066600;11.644100;-0.172609;0.109683
259.682000;-0.961586;-0.314386;-15.208095;0.328172;0.651059;0.507492;649.087000;48.066600;11.644100;-0.170918;0.106167
259.702000;-0.855293;-0.279259;-16.159714;0.521340;0.584708;0.537319;649.087000;48.066600;11.644100;-0.166892;0.099941
259.722000;-0.749001;-0.244132;-17.111333;0.714508;0.518358;0.567147;649.087000;48.066600;11.644100;-0.162867;0.093716
259.742000;-0.642708;-0.209005;-18.062952;0.907676;0.452007;0.596974;649.087000;48.066600;11.644100;-0.158841;0.087490
259.762000;-0.536416;-0.173878;-19.014571;1.100844;0.385656;0.626802;649.087000;48.066600;11.644100;-0.154816;0.081265
259.782000;-0.517438;-0.147282;-19.261143;1.208751;0.364280;0.617793;649.087000;48.066600;11.644100;-0.149093;0.075419
259.802000;-0.569901;-0.127666;-18.930857;1.246897;0.379700;0.577008;649.087000;48.066600;11.644100;-0.141673;0.069953
259.822000;-0.622363;-0.108049;-18.600571;1.285044;0.395121;0.536224;649.087000;48.066600;11.644100;-0.134253;0.064488
259.842000;-0.674825;-0.088433;-18.270286;1.323191;0.410542;0.495439;649.087000;48.066600;11.644100;-0.126834;0.059022
259.862000;-0.727287;-0.068817;-17.940000;1.361337;0.425963;0.454655;649.087000;48.066600;11.644100;-0.119414;0.053556
259.882000;-0.761958;-0.051117;-17.720703;1.376170;0.432132;0.408453;649.087000;48.066600;11.644100;-0.113069;0.048885
259.902000;-0.755115;-0.037887;-17.760379;1.336602;0.416711;0.349610;649.087000;48.066600;11.644100;-0.109948;0.046595
259.922000;-0.748272;-0.024657;-17.800055;1.297034;0.401290;0.290767;649.087000;48.066600;11.644100;-0.106827;0.044306
259.942000;-0.741430;-0.011428;-17.839731;1.257467;0.385869;0.231923;649.087000;48.066600;11.644100;-0.103706;0.042017
259.962000;-0.734587;0.001802;-17.879408;1.217899;0.370448;0.173080;649.087000;48.066600;11.644100;-0.100585;0.039727
259.982000;-0.730276;0.013663;-17.928779;1.179671;0.359410;0.114846;649.087000;48.066600;11.644100;-0.097464;0.037438
260.002000;-0.774070;-0.000479;-18.162360;1.166888;0.431645;0.068177;649.087000;48.066600;11.644100;-0.096601;0.034298
260.022000;-0.817865;-0.014621;-18.395941;1.154105;0.503880;0.021508;649.087000;48.066600;11.644100;-0.095737;0.031158
260.042000;-0.861660;-0.028763;-18.629522;1.141322;0.576115;-0.025161;649.087000;48.066600;11.644100;-0.094874;0.028018
260.062000;-0.905454;-0.042905;-18.863103;1.128539;0.648350;-0.071829;649.087000;48.066600;11.644100;-0.094011;0.024878
260.082000;-0.949249;-0.057047;-19.096684;1.115757;0.720585;-0.118498;649.087000;48.066600;11.644100;-0.093147;0.021738
260.102000;-1.001073;-0.104765;-18.921869;1.000384;0.722695;-0.115982;649.087000;48.066600;11.644100;-0.097154;0.022229
260.122000;-1.054904;-0.160877;-18.644954;0.859363;0.707274;-0.101170;649.087000;48.066600;11.644100;-0.102784;0.023929
260.142000;-1.108734;-0.216989;-18.368040;0.718343;0.691853;-0.086358;649.087000;48.066600;11.644100;-0.108413;0.025630
260.162000;-1.162565;-0.273101;-18.091126;0.577323;0.676432;-0.071545;649.087000;48.066600;11.644100;-0.114043;0.027330
260.182000;-1.216396;-0.329213;-17.814211;0.436302;0.661011;-0.056733;649.087000;48.066600;11.644100;-0.119673;0.029031
260.202000;-1.236354;-0.350198;-17.801758;0.375298;0.644028;-0.019489;649.087000;48.066600;11.644100;-0.124932;0.031283
260.222000;-1.228598;-0.342442;-18.005682;0.379762;0.625767;0.036107;649.087000;48.066600;11.644100;-0.129819;0.034088
260.242000;-1.220842;-0.334687;-18.209606;0.384226;0.607505;0.091704;649.087000;48.066600;11.644100;-0.134707;0.036893
260.262000;-1.213086;-0.326932;-18.413530;0.388690;0.589244;0.147301;649.087000;48.066600;11.644100;-0.139595;0.039697
260.282000;-1.205329;-0.319177;-18.617453;0.393153;0.570982;0.202897;649.087000;48.066600;11.644100;-0.144482;0.042502
260.302000;-1.204280;-0.311011;-18.667274;0.416548;0.565382;0.254294;649.087000;48.066600;11.644100;-0.148278;0.044038
260.322000;-1.218880;-0.301887;-18.357522;0.484117;0.589325;0.295890;649.087000;48.066600;11.644100;-0.148799;0.041769
260.342000;-1.233480;-0.292763;-18.047770;0.551685;0.613268;0.337486;649.087000;48.066600;11.644100;-0.149319;0.039500
260.362000;-1.248080;-0.283639;-17.738017;0.619253;0.637211;0.379082;649.087000;48.066600;11.644100;-0.149840;0.037231
260.382000;-1.262680;-0.274515;-17.428265;0.686821;0.661154;0.420678;649.087000;48.066600;11.644100;-0.150360;0.034962
260.402000;-1.276299;-0.263977;-17.140045;0.753020;0.683464;0.460813;648.987114;48.066599;11.644098;-0.150881;0.032693
260.422000;-1.271280;-0.226569;-17.260940;0.793196;0.674739;0.473190;646.989400;48.066580;11.644060;-0.150083;0.031278
260.442000;-1.266261;-0.189161;-17.381835;0.833371;0.666013;0.485568;644.991686;48.066561;11.644022;-0.149052;0.030012
260.462000;-1.261242;-0.151753;-17.502730;0.873547;0.657288;0.497945;642.993971;48.066542;11.643984;-0.148021;0.028747
260.482000;-1.256223;-0.114345;-17.623626;0.913723;0.648563;0.510322;640.996257;48.066523;11.643946;-0.146990;0.027482
260.502000;-1.251204;-0.076937;-17.744521;0.953899;0.639838;0.522700;638.998543;48.066504;11.643908;-0.145959;0.026217
260.522000;-1.231952;-0.076025;-17.808106;0.957714;0.596862;0.506021;638.599000;48.066500;11.643900;-0.143462;0.025351
260.542000;-1.209143;-0.084236;-17.857363;0.952438;0.545324;0.482078;638.599000;48.066500;11.643900;-0.140476;0.024617
260.562000;-1.186333;-0.092448;-17.906620;0.947162;0.493785;0.458134;638.599000;48.066500;11.643900;-0.137490;0.023883
260.582000;-1.163524;-0.100659;-17.955877;0.941887;0.442247;0.434191;638.599000;48.066500;11.643900;-0.134505;0.023150
260.602000;-1.140714;-0.108871;-18.005134;0.936611;0.390708;0.410248;638.599000;48.066500;11.643900;-0.131519;0.022416
260.622000;-1.135970;-0.112315;-18.042103;0.940040;0.390617;0.386863;638.599000;48.066500;11.643900;-0.128787;0.021478
260.642000;-1.146006;-0.111859;-18.069017;0.950591;0.432619;0.363935;638.599000;48.066500;11.643900;-0.126310;0.020337
260.662000;-1.156042;-0.111403;-18.095931;0.961143;0.474621;0.341006;638.599000;48.066500;11.643900;-0.123833;0.019195
260.682000;-1.166078;-0.110947;-18.122846;0.971694;0.516623;0.318078;638.599000;48.066500;11.643900;-0.121356;0.018053
260.702000;-1.176115;-0.110490;-18.149760;0.982245;0.558625;0.295149;638.599000;48.066500;11.643900;-0.118879;0.016911
260.722000;-1.180129;-0.117151;-18.225263;0.984213;0.593991;0.281047;638.599000;48.066500;11.643900;-0.116960;0.015524
260.742000;-1.170093;-0.140417;-18.414139;0.966154;0.613876;0.287540;638.599000;48.066500;11.643900;-0.116714;0.013398
260.762000;-1.160057;-0.163683;-18.603015;0.948096;0.633761;0.294033;638.599000;48.066500;11.643900;-0.116468;0.011272
260.782000;-1.150021;-0.186948;-18.791891;0.930037;0.653646;0.300526;638.599000;48.066500;11.643900;-0.116222;0.009146
260.802000;-1.139984;-0.210214;-18.980768;0.911978;0.673531;0.307020;638.599000;48.066500;11.643900;-0.115977;0.007020
260.822000;-1.131864;-0.231496;-19.143480;0.892671;0.691347;0.314294;638.599000;48.066500;11.643900;-0.115731;0.004895
260.842000;-1.160148;-0.215073;-18.809080;0.849655;0.669838;0.336411;638.599000;48.066500;11.643900;-0.117123;0.006611
260.862000;-1.188432;-0.198650;-18.474680;0.806638;0.648330;0.358528;638.599000;48.066500;11.643900;-0.118515;0.008327
260.882000;-1.216716;-0.182227;-18.140280;0.763622;0.626822;0.380645;638.599000;48.066500;11.643900;-0.119906;0.010043
260.902000;-1.244999;-0.165804;-17.805880;0.720606;0.605314;0.402762;638.599000;48.066500;11.643900;-0.121298;0.011760
260.922000;-1.273283;-0.149381;-17.471480;0.677589;0.583806;0.424879;638.599000;48.066500;11.643900;-0.122690;0.013476
260.942000;-1.272737;-0.162154;-17.334170;0.673369;0.582750;0.432061;638.599000;48.066500;11.643900;-0.123350;0.013930
260.962000;-1.264982;-0.182227;-17.246131;0.678847;0.586809;0.435511;638.599000;48.066500;11.643900;-0.123766;0.013962
260.982000;-1.257228;-0.202299;-17.158093;0.684326;0.590867;0.438960;638.599000;48.066500;11.643900;-0.124181;0.013995
261.002000;-1.249474;-0.222372;-17.070055;0.689804;0.594925;0.442409;638.599000;48.066500;11.643900;-0.124597;0.014028
261.022000;-1.241719;-0.242444;-16.982017;0.695283;0.598983;0.445859;638.599000;48.066500;11.643900;-0.125013;0.014061
261.042000;-1.234214;-0.255241;-16.986306;0.690717;0.594671;0.456004;638.599000;48.066500;11.643900;-0.125735;0.014954
261.062000;-1.226914;-0.262083;-17.066134;0.677934;0.583511;0.471628;638.599000;48.066500;11.643900;-0.126764;0.016707
261.082000;-1.219613;-0.268926;-17.145963;0.665151;0.572351;0.487252;638.599000;48.066500;11.643900;-0.127792;0.018461
261.102000;-1.212312;-0.275769;-17.225791;0.652368;0.561192;0.502876;638.599000;48.066500;11.643900;-0.128821;0.020214
261.122000;-1.205011;-0.282612;-17.305620;0.639585;0.550032;0.518499;638.599000;48.066500;11.643900;-0.129850;0.021968
261.142000;-1.209343;-0.284117;-17.323866;0.635568;0.545629;0.533210;638.599000;48.066500;11.643900;-0.130698;0.023466
261.162000;-1.240822;-0.273169;-17.198418;0.652003;0.556991;0.545790;638.599000;48.066500;11.643900;-0.131007;0.024201
261.182000;-1.272300;-0.262220;-17.072970;0.668438;0.568354;0.558371;638.599000;48.066500;11.643900;-0.131316;0.024936
261.202000;-1.303778;-0.251272;-16.947523;0.684874;0.579717;0.570951;638.599000;48.066500;11.643900;-0.131625;0.025671
261.222000;-1.335256;-0.240323;-16.822075;0.701309;0.591079;0.583532;638.599000;48.066500;11.643900;-0.131934;0.026405
261.242000;-1.365913;-0.230219;-16.700732;0.716335;0.603325;0.596376;638.599000;48.066500;11.643900;-0.132243;0.027140
261.262000;-1.380968;-0.236149;-16.657380;0.704566;0.632341;0.614232;638.599000;48.066500;11.643900;-0.134726;0.027076
261.282000;-1.396023;-0.242079;-16.614028;0.692797;0.661356;0.632087;638.599000;48.066500;11.643900;-0.137208;0.027012
261.302000;-1.411078;-0.248010;-16.570675;0.681029;0.690372;0.649943;638.599000;48.066500;11.643900;-0.139691;0.026947
261.322000;-1.426134;-0.253940;-16.527323;0.669260;0.719388;0.667799;638.599000;48.066500;11.643900;-0.142174;0.026883
261.342000;-1.441189;-0.259871;-16.483970;0.657492;0.748404;0.685655;638.599000;48.066500;11.643900;-0.144656;0.026819
261.362000;-1.423033;-0.219087;-16.551582;0.695232;0.737650;0.683382;637.846695;48.066485;11.643870;-0.145376;0.025576
261.382000;-1.396574;-0.166625;-16.646934;0.745351;0.716953;0.676078;636.906314;48.066466;11.643831;-0.145508;0.023940
261.402000;-1.370115;-0.114163;-16.742287;0.795469;0.696257;0.668773;635.965933;48.066447;11.643793;-0.145640;0.022305
261.422000;-1.343656;-0.061700;-16.837639;0.845587;0.675560;0.661469;635.025552;48.066428;11.643755;-0.145772;0.020669
261.442000;-1.317197;-0.009238;-16.932991;0.895705;0.654863;0.654164;634.085171;48.066409;11.643717;-0.145904;0.019033
261.462000;-1.289984;-0.005702;-17.065220;0.947720;0.647447;0.613491;633.662000;48.066400;11.643700;-0.143669;0.015878
261.482000;-1.262156;-0.042198;-17.227620;1.001288;0.650897;0.545517;633.662000;48.066400;11.643700;-0.139066;0.011202
261.502000;-1.234327;-0.078693;-17.390020;1.054856;0.654346;0.477543;633.662000;48.066400;11.643700;-0.134463;0.006527
261.522000;-1.206499;-0.115189;-17.552420;1.108424;0.657796;0.409569;633.662000;48.066400;11.643700;-0.129861;0.001851
261.542000;-1.178670;-0.151684;-17.714820;1.161992;0.661245;0.341595;633.662000;48.066400;11.643700;-0.125258;-0.002824
261.562000;-1.192857;-0.172441;-17.587769;1.205151;0.681861;0.293648;633.662000;48.066400;11.643700;-0.121241;-0.007381
261.582000;-1.305080;-0.156474;-16.785330;1.224022;0.742530;0.292430;633.662000;48.066400;11.643700;-0.118980;-0.011580
261.602000;-1.417303;-0.140508;-15.982892;1.242892;0.803199;0.291213;633.662000;48.066400;11.643700;-0.116720;-0.015779
261.622000;-1.529525;-0.124541;-15.180454;1.261763;0.863869;0.289995;633.662000;48.066400;11.643700;-0.114459;-0.019978
261.642000;-1.641748;-0.108574;-14.378016;1.280633;0.924538;0.288778;633.662000;48.066400;11.643700;-0.112199;-0.024177
261.662000;-1.743159;-0.093771;-13.660863;1.292868;0.977822;0.288757;633.662000;48.066400;11.643700;-0.109938;-0.028377
261.682000;-1.639148;-0.101070;-14.564120;1.179037;0.890774;0.311483;633.662000;48.066400;11.643700;-0.112539;-0.027690
261.702000;-1.535137;-0.108369;-15.467377;1.065205;0.803727;0.334209;633.662000;48.066400;11.643700;-0.115139;-0.027004
261.722000;-1.431125;-0.115668;-16.370634;0.951374;0.716679;0.356934;633.662000;48.066400;11.643700;-0.117740;-0.026318
261.742000;-1.327114;-0.122967;-17.273891;0.837542;0.629632;0.379660;633.662000;48.066400;11.643700;-0.120340;-0.025632
261.762000;-1.223102;-0.130266;-18.177149;0.723710;0.542584;0.402386;633.662000;48.066400;11.643700;-0.122941;-0.024945
261.782000;-1.283319;-0.139755;-17.702349;0.661499;0.557153;0.414398;633.662000;48.066400;11.643700;-0.124957;-0.021089
261.802000;-1.384594;-0.149791;-16.883034;0.612192;0.597126;0.423732;633.662000;48.066400;11.643700;-0.126778;-0.016175
261.822000;-1.485868;-0.159828;-16.063720;0.562886;0.637099;0.433065;633.662000;48.066400;11.643700;-0.128599;-0.011261
261.842000;-1.587142;-0.169864;-15.244406;0.513579;0.677071;0.442399;633.662000;48.066400;11.643700;-0.130420;-0.006348
261.862000;-1.688417;-0.179901;-14.425091;0.464273;0.717044;0.451733;633.662000;48.066400;11.643700;-0.132241;-0.001434
261.882000;-1.746787;-0.202984;-14.020519;0.425234;0.738492;0.470218;633.662000;48.066400;11.643700;-0.135260;0.001703
261.902000;-1.770053;-0.236742;-13.955281;0.394594;0.744782;0.496190;633.662000;48.066400;11.643700;-0.139475;0.003065
261.922000;-1.793320;-0.270501;-13.890043;0.363955;0.751072;0.522162;633.662000;48.066400;11.643700;-0.143690;0.004426
261.942000;-1.816587;-0.304259;-13.824805;0.333316;0.757363;0.548134;633.662000;48.066400;11.643700;-0.147905;0.005787
261.962000;-1.839853;-0.338017;-13.759567;0.302677;0.763653;0.574106;633.662000;48.066400;11.643700;-0.152120;0.007148
261.982000;-1.872289;-0.344814;-13.557746;0.300344;0.764038;0.604035;633.662000;48.066400;11.643700;-0.156046;0.008667
262.002000;-1.926120;-0.288703;-13.037231;0.364057;0.750646;0.643196;633.662000;48.066400;11.643700;-0.157363;0.011608
262.022000;-1.979950;-0.232591;-12.516717;0.427770;0.737254;0.682358;633.662000;48.066400;11.643700;-0.158679;0.014549
262.042000;-2.033781;-0.176479;-11.996203;0.491483;0.723862;0.721519;633.662000;48.066400;11.643700;-0.159996;0.017490
262.062000;-2.087611;-0.120367;-11.475689;0.555196;0.710470;0.760680;633.662000;48.066400;11.643700;-0.161313;0.020431
262.082000;-2.133869;-0.064711;-11.034939;0.622054;0.700396;0.796402;633.662000;48.066400;11.643700;-0.162630;0.023372
262.102000;-2.036244;-0.017723;-12.109720;0.748668;0.753355;0.766777;633.662000;48.066400;11.643700;-0.158815;0.015621
262.122000;-1.938619;0.029265;-13.184501;0.875283;0.806314;0.737153;633.662000;48.066400;11.643700;-0.155001;0.007871
262.142000;-1.840994;0.076253;-14.259282;1.001898;0.859273;0.707528;633.662000;48.066400;11.643700;-0.151186;0.000121
262.162000;-1.743370;0.123240;-15.334063;1.128512;0.912231;0.677903;633.662000;48.066400;11.643700;-0.147371;-0.007630
262.182000;-1.645745;0.170228;-16.408844;1.255127;0.965190;0.648279;633.662000;48.066400;11.643700;-0.143557;-0.015380
262.202000;-1.659431;0.151160;-16.259945;1.253341;0.928221;0.591059;633.662000;48.066400;11.643700;-0.139949;-0.019268
262.222000;-1.700946;0.115576;-15.805126;1.219456;0.868769;0.526940;633.662000;48.066400;11.643700;-0.136411;-0.021869
262.242000;-1.742460;0.079993;-15.350307;1.185570;0.809317;0.462822;633.662000;48.066400;11.643700;-0.132873;-0.024469
262.262000;-1.783974;0.044410;-14.895488;1.151684;0.749865;0.398703;633.662000;48.066400;11.643700;-0.129335;-0.027069
262.282000;-1.825489;0.008827;-14.440669;1.117799;0.690413;0.334584;633.662000;48.066400;11.643700;-0.125797;-0.029670
262.302000;-1.848184;-0.018978;-14.356686;1.067842;0.675936;0.295687;633.662000;48.066400;11.643700;-0.124835;-0.030676
262.322000;-1.855484;-0.040419;-14.576114;1.004738;0.698256;0.277425;633.662000;48.066400;11.643700;-0.126450;-0.030087
262.342000;-1.862783;-0.061860;-14.795543;0.941633;0.720576;0.259164;633.662000;48.066400;11.643700;-0.128065;-0.029499
262.362000;-1.870082;-0.083301;-15.014971;0.878529;0.742895;0.240902;633.662000;48.066400;11.643700;-0.129679;-0.028910
262.382000;-1.877381;-0.104742;-15.234400;0.815424;0.765215;0.222640;633.662000;48.066400;11.643700;-0.131294;-0.028322
262.402000;-1.895217;-0.124815;-15.314920;0.759077;0.780839;0.217162;633.221714;48.066406;11.643689;-0.132997;-0.027222
262.422000;-1.937642;-0.141694;-15.071320;0.718495;0.780839;0.241511;631.754095;48.066425;11.643650;-0.134963;-0.024586
262.442000;-1.980067;-0.158573;-14.827720;0.677914;0.780839;0.265860;630.286476;48.066444;11.643612;-0.136929;-0.021951
262.462000;-2.022492;-0.175452;-14.584120;0.637333;0.780839;0.290209;628.818857;48.066463;11.643574;-0.138895;-0.019316
262.482000;-2.064916;-0.192332;-14.340520;0.596751;0.780839;0.314557;627.351238;48.066482;11.643536;-0.140862;-0.016681
262.502000;-2.104536;-0.207797;-14.142927;0.559974;0.780332;0.339191;625.957000;48.066500;11.643500;-0.142828;-0.014046
262.522000;-2.090850;-0.196392;-14.819460;0.595483;0.770186;0.369221;625.957000;48.066500;11.643500;-0.143863;-0.013143
262.542000;-2.077164;-0.184987;-15.495993;0.630992;0.760041;0.399251;625.957000;48.066500;11.643500;-0.144898;-0.012241
262.562000;-2.063479;-0.173582;-16.172527;0.666501;0.749896;0.429281;625.957000;48.066500;11.643500;-0.145933;-0.011338
262.582000;-2.049793;-0.162177;-16.849060;0.702009;0.739750;0.459312;625.957000;48.066500;11.643500;-0.146967;-0.010435
262.602000;-2.036107;-0.150772;-17.525593;0.737518;0.729605;0.489342;625.957000;48.066500;11.643500;-0.148002;-0.009533
262.622000;-2.047238;-0.143017;-17.549220;0.772702;0.719135;0.489017;625.957000;48.066500;11.643500;-0.146547;-0.010068
262.642000;-2.064573;-0.136174;-17.409620;0.807805;0.708584;0.481104;625.957000;48.066500;11.643500;-0.144262;-0.011082
262.662000;-2.081909;-0.129331;-17.270020;0.842909;0.698033;0.473191;625.957000;48.066500;11.643500;-0.141977;-0.012096
262.682000;-2.099244;-0.122488;-17.130420;0.878012;0.687481;0.465277;625.957000;48.066500;11.643500;-0.139692;-0.013110
262.702000;-2.116579;-0.115645;-16.990820;0.913115;0.676930;0.457364;625.957000;48.066500;11.643500;-0.137407;-0.014125
262.722000;-2.172053;-0.096257;-16.393819;0.938731;0.694279;0.448558;625.957000;48.066500;11.643500;-0.135018;-0.015285
262.742000;-2.258731;-0.066604;-15.422581;0.956586;0.734454;0.439021;625.957000;48.066500;11.643500;-0.132523;-0.016591
262.762000;-2.345409;-0.036952;-14.451343;0.974441;0.774630;0.429484;625.957000;48.066500;11.643500;-0.130029;-0.017897
262.782000;-2.432087;-0.007299;-13.480105;0.992296;0.814805;0.419947;625.957000;48.066500;11.643500;-0.127534;-0.019203
262.802000;-2.518765;0.022354;-12.508867;1.010151;0.854981;0.410411;625.957000;48.066500;11.643500;-0.125040;-0.020510
262.822000;-2.559869;0.037773;-12.187571;1.006702;0.883834;0.400935;625.957000;48.066500;11.643500;-0.123699;-0.021802
262.842000;-2.494633;0.019981;-13.382810;0.953541;0.886269;0.391601;625.957000;48.066500;11.643500;-0.125819;-0.023054
262.862000;-2.429397;0.002190;-14.578048;0.900380;0.888704;0.382267;625.957000;48.066500;11.643500;-0.127939;-0.024305
262.882000;-2.364161;-0.015602;-15.773286;0.847219;0.891139;0.372934;625.957000;48.066500;11.643500;-0.130058;-0.025557
262.902000;-2.298924;-0.033393;-16.968524;0.794058;0.893574;0.363600;625.957000;48.066500;11.643500;-0.132178;-0.026808
262.922000;-2.238547;-0.050957;-18.103634;0.742591;0.896141;0.354134;625.957000;48.066500;11.643500;-0.134298;-0.028060
262.942000;-2.270480;-0.064187;-18.096320;0.723315;0.901213;0.342163;625.957000;48.066500;11.643500;-0.136332;-0.027112
262.962000;-2.302413;-0.077416;-18.089006;0.704038;0.906286;0.330191;625.957000;48.066500;11.643500;-0.138367;-0.026165
262.982000;-2.334347;-0.090646;-18.081691;0.684762;0.911359;0.318220;625.957000;48.066500;11.643500;-0.140401;-0.025217
263.002000;-2.366280;-0.103875;-18.074377;0.665486;0.916432;0.306248;625.957000;48.066500;11.643500;-0.142435;-0.024269
263.022000;-2.398213;-0.117105;-18.067063;0.646209;0.921504;0.294276;625.957000;48.066500;11.643500;-0.144470;-0.023322
263.042000;-2.392922;-0.121211;-18.153189;0.678715;0.918786;0.290746;625.957000;48.066500;11.643500;-0.143809;-0.024455
263.062000;-2.378323;-0.123036;-18.262674;0.724167;0.914119;0.289326;625.957000;48.066500;11.643500;-0.141992;-0.026479
263.082000;-2.363725;-0.124860;-18.372160;0.769618;0.909452;0.287905;625.957000;48.066500;11.643500;-0.140176;-0.028503
263.102000;-2.349127;-0.126685;-18.481646;0.815069;0.904785;0.286485;625.957000;48.066500;11.643500;-0.138360;-0.030528
263.122000;-2.334529;-0.128510;-18.591131;0.860521;0.900118;0.285065;625.957000;48.066500;11.643500;-0.136543;-0.032552
263.142000;-2.371116;-0.127073;-18.466778;0.868586;0.883175;0.283980;625.957000;48.066500;11.643500;-0.134849;-0.032240
263.162000;-2.449580;-0.122967;-18.151102;0.846064;0.856189;0.283168;625.957000;48.066500;11.643500;-0.133278;-0.029592
263.182000;-2.528045;-0.118861;-17.835426;0.823541;0.829202;0.282356;625.957000;48.066500;11.643500;-0.131707;-0.026944
263.202000;-2.606510;-0.114756;-17.519750;0.801018;0.802215;0.281545;625.957000;48.066500;11.643500;-0.130136;-0.024295
263.222000;-2.684975;-0.110650;-17.204073;0.778495;0.775229;0.280733;625.957000;48.066500;11.643500;-0.128564;-0.021647
263.242000;-2.727309;-0.105586;-17.212471;0.781964;0.761208;0.282052;625.957000;48.066500;11.643500;-0.126865;-0.019968
263.262000;-2.685340;-0.098287;-17.977043;0.846083;0.777440;0.288342;625.957000;48.066500;11.643500;-0.124779;-0.021198
263.282000;-2.643370;-0.090988;-18.741614;0.910201;0.793673;0.294632;625.957000;48.066500;11.643500;-0.122693;-0.022428
263.302000;-2.601401;-0.083689;-19.506186;0.974319;0.809905;0.300922;625.957000;48.066500;11.643500;-0.120607;-0.023658
263.322000;-2.559431;-0.076390;-20.270757;1.038438;0.826138;0.307212;625.957000;48.066500;11.643500;-0.118522;-0.024887
263.342000;-2.519149;-0.069752;-21.022169;1.097747;0.843131;0.312894;625.957000;48.066500;11.643500;-0.116436;-0.026117
263.362000;-2.510938;-0.075683;-21.523540;1.065688;0.874581;0.307009;625.957000;48.066500;11.643500;-0.116975;-0.028183
263.382000;-2.502727;-0.081613;-22.024911;1.033629;0.906031;0.301125;625.957000;48.066500;11.643500;-0.117514;-0.030248
263.402000;-2.494515;-0.087544;-22.526283;1.001570;0.937481;0.295241;625.957000;48.066500;11.643500;-0.118053;-0.032313
263.422000;-2.486304;-0.093474;-23.027654;0.969512;0.968930;0.289356;625.957000;48.066500;11.643500;-0.118591;-0.034379
263.442000;-2.478092;-0.099405;-23.529026;0.937453;1.000380;0.283472;625.957000;48.066500;11.643500;-0.119130;-0.036444
263.462000;-2.552726;-0.095117;-23.275289;0.900848;0.997256;0.279698;623.829610;48.066515;11.643485;-0.120392;-0.036065
263.482000;-2.648071;-0.088274;-22.832774;0.863108;0.985488;0.276451;621.170371;48.066534;11.643466;-0.121895;-0.034870
263.502000;-2.743415;-0.081431;-22.390260;0.825367;0.973721;0.273205;618.511133;48.066553;11.643447;-0.123397;-0.033675
263.522000;-2.838760;-0.074588;-21.947746;0.787626;0.961953;0.269958;615.851895;48.066572;11.643428;-0.124900;-0.032480
263.542000;-2.934105;-0.067745;-21.505231;0.749885;0.950185;0.266712;613.192657;48.066591;11.643409;-0.126403;-0.031285
263.562000;-3.024933;-0.052120;-20.828878;0.743281;0.932726;0.265251;611.996000;48.066600;11.643400;-0.127287;-0.030017
263.582000;-3.112067;-0.029310;-19.961202;0.762151;0.910609;0.265251;611.996000;48.066600;11.643400;-0.127554;-0.028677
263.602000;-3.199200;-0.006501;-19.093526;0.781022;0.888492;0.265251;611.996000;48.066600;11.643400;-0.127821;-0.027338
263.622000;-3.286333;0.016309;-18.225850;0.799892;0.866375;0.265251;611.996000;48.066600;11.643400;-0.128087;-0.025998
263.642000;-3.373467;0.039119;-17.358173;0.818763;0.844258;0.265251;611.996000;48.066600;11.643400;-0.128354;-0.024658
263.662000;-3.440071;0.048379;-16.805954;0.823145;0.818671;0.263242;611.996000;48.066600;11.643400;-0.128618;-0.022908
263.682000;-3.458774;0.026026;-16.989802;0.793724;0.784989;0.256546;611.996000;48.066600;11.643400;-0.128873;-0.019925
263.702000;-3.477477;0.003672;-17.173650;0.764302;0.751306;0.249850;611.996000;48.066600;11.643400;-0.129129;-0.016943
263.722000;-3.496179;-0.018681;-17.357497;0.734880;0.717623;0.243154;611.996000;48.066600;11.643400;-0.129384;-0.013961
263.742000;-3.514882;-0.041035;-17.541345;0.705459;0.683941;0.236458;611.996000;48.066600;11.643400;-0.129640;-0.010978
263.762000;-3.532057;-0.063023;-17.730711;0.679699;0.652388;0.230077;611.996000;48.066600;11.643400;-0.129895;-0.007996
263.782000;-3.520196;-0.078078;-18.024940;0.723527;0.661316;0.229671;611.996000;48.066600;11.643400;-0.129398;-0.009204
263.802000;-3.508335;-0.093132;-18.319169;0.767355;0.670244;0.229265;611.996000;48.066600;11.643400;-0.128900;-0.010411
263.822000;-3.496474;-0.108186;-18.613397;0.811183;0.679172;0.228860;611.996000;48.066600;11.643400;-0.128403;-0.011619
263.842000;-3.484613;-0.123241;-18.907626;0.855011;0.688100;0.228454;611.996000;48.066600;11.643400;-0.127906;-0.012827
263.862000;-3.472752;-0.138295;-19.201854;0.898839;0.697027;0.228048;611.996000;48.066600;11.643400;-0.127408;-0.014034
263.882000;-3.502132;-0.103716;-19.484426;0.881633;0.697677;0.258484;611.996000;48.066600;11.643400;-0.127075;-0.012287
263.902000;-3.541821;-0.056728;-19.764083;0.849168;0.696257;0.296631;611.996000;48.066600;11.643400;-0.126797;-0.009555
263.922000;-3.581511;-0.009740;-20.043740;0.816703;0.694836;0.334777;611.996000;48.066600;11.643400;-0.126518;-0.006822
263.942000;-3.621200;0.037248;-20.323397;0.784237;0.693416;0.372924;611.996000;48.066600;11.643400;-0.126240;-0.004090
263.962000;-3.660890;0.084236;-20.603054;0.751772;0.691996;0.411070;611.996000;48.066600;11.643400;-0.125961;-0.001357
263.982000;-3.647386;0.070756;-21.148419;0.720312;0.692808;0.400448;611.996000;48.066600;11.643400;-0.125661;-0.000424
264.002000;-3.590362;0.007801;-21.911181;0.689672;0.695445;0.349924;611.996000;48.066600;11.643400;-0.125338;-0.001288
264.022000;-3.533337;-0.055154;-22.673943;0.659033;0.698083;0.299400;611.996000;48.066600;11.643400;-0.125016;-0.002152
264.042000;-3.476312;-0.118109;-23.436705;0.628394;0.700721;0.248876;611.996000;48.066600;11.643400;-0.124693;-0.003017
264.062000;-3.419287;-0.181064;-24.199467;0.597755;0.703359;0.198352;611.996000;48.066600;11.643400;-0.124371;-0.003881
264.082000;-3.381697;-0.230469;-24.898589;0.587326;0.720484;0.159150;611.996000;48.066600;11.643400;-0.124287;-0.004649
264.102000;-3.389453;-0.248261;-25.449217;0.624052;0.771414;0.146367;611.996000;48.066600;11.643400;-0.124920;-0.005124
264.122000;-3.397209;-0.266053;-25.999846;0.660778;0.822343;0.133584;611.996000;48.066600;11.643400;-0.125552;-0.005600
264.142000;-3.404965;-0.283844;-26.550474;0.697505;0.873273;0.120801;611.996000;48.066600;11.643400;-0.126185;-0.006076
264.162000;-3.412722;-0.301636;-27.101103;0.734231;0.924203;0.108018;611.996000;48.066600;11.643400;-0.126817;-0.006552
264.182000;-3.420523;-0.316919;-27.611723;0.769395;0.973124;0.096625;611.996000;48.066600;11.643400;-0.127450;-0.007028
264.202000;-3.429190;-0.284529;-27.362180;0.774873;0.983879;0.111640;611.996000;48.066600;11.643400;-0.127544;-0.006636
264.222000;-3.437857;-0.252139;-27.112637;0.780352;0.994634;0.126655;611.996000;48.066600;11.643400;-0.127638;-0.006245
264.242000;-3.446523;-0.219749;-26.863094;0.785830;1.005389;0.141670;611.996000;48.066600;11.643400;-0.127732;-0.005853
264.262000;-3.455190;-0.187359;-26.613551;0.791309;1.016144;0.156685;611.996000;48.066600;11.643400;-0.127826;-0.005462
264.282000;-3.463857;-0.154969;-26.364009;0.796787;1.026899;0.171700;611.996000;48.066600;11.643400;-0.127920;-0.005071
264.302000;-3.456831;-0.175863;-27.074298;0.801779;1.010382;0.166749;611.996000;48.066600;11.643400;-0.128103;-0.005094
264.322000;-3.445883;-0.210077;-28.024546;0.806648;0.987047;0.156807;611.996000;48.066600;11.643400;-0.128317;-0.005255
264.342000;-3.434934;-0.244292;-28.974793;0.811518;0.963711;0.146864;611.996000;48.066600;11.643400;-0.128531;-0.005417
264.362000;-3.423985;-0.278507;-29.925041;0.816388;0.940376;0.136922;611.996000;48.066600;11.643400;-0.128745;-0.005578
264.382000;-3.413037;-0.312721;-30.875289;0.821258;0.917041;0.126979;611.996000;48.066600;11.643400;-0.128959;-0.005739
264.402000;-3.457288;-0.329122;-30.752408;0.814298;0.896161;0.132995;611.996000;48.066600;11.643400;-0.128889;-0.005026
264.422000;-3.546704;-0.330946;-29.751512;0.797660;0.877291;0.152069;611.996000;48.066600;11.643400;-0.128536;-0.003437
264.442000;-3.636119;-0.332771;-28.750617;0.781021;0.858420;0.171142;611.996000;48.066600;11.643400;-0.128183;-0.001848
264.462000;-3.725534;-0.334596;-27.749722;0.764383;0.839550;0.190215;611.996000;48.066600;11.643400;-0.127830;-0.000259
264.482000;-3.814949;-0.336421;-26.748827;0.747745;0.820679;0.209289;611.996000;48.066600;11.643400;-0.127477;0.001330
264.502000;-3.869465;-0.326886;-26.212840;0.738107;0.812949;0.225136;611.191943;48.066600;11.643411;-0.127287;0.002651
264.522000;-3.842549;-0.290847;-26.761640;0.744803;0.831210;0.233455;608.511752;48.066600;11.643450;-0.127589;0.003170
264.542000;-3.815633;-0.254807;-27.310440;0.751498;0.849472;0.241774;605.831562;48.066600;11.643488;-0.127891;0.003689
264.562000;-3.788717;-0.218768;-27.859240;0.758194;0.867734;0.250093;603.151371;48.066600;11.643526;-0.128192;0.004208
264.582000;-3.761800;-0.182728;-28.408040;0.764890;0.885995;0.258413;600.471181;48.066600;11.643564;-0.128494;0.004727
264.602000;-3.740313;-0.148582;-28.923379;0.774132;0.903476;0.265880;597.925000;48.066600;11.643600;-0.128796;0.005246
264.622000;-3.821972;-0.150407;-28.802960;0.831759;0.906114;0.257155;597.925000;48.066600;11.643600;-0.126091;0.003938
264.642000;-3.903631;-0.152232;-28.682541;0.889385;0.908752;0.248430;597.925000;48.066600;11.643600;-0.123051;0.002426
264.662000;-3.985290;-0.154057;-28.562122;0.947012;0.911390;0.239705;597.925000;48.066600;11.643600;-0.120012;0.000915
264.682000;-4.066949;-0.155881;-28.441703;1.004638;0.914028;0.230980;597.925000;48.066600;11.643600;-0.116973;-0.000597
264.702000;-4.148608;-0.157706;-28.321284;1.062265;0.916665;0.222255;597.925000;48.066600;11.643600;-0.113934;-0.002109
264.722000;-4.125525;-0.174129;-28.397924;1.073952;0.916381;0.220672;597.925000;48.066600;11.643600;-0.111156;-0.004620
264.742000;-4.076257;-0.194202;-28.523829;1.074153;0.915367;0.220875;597.925000;48.066600;11.643600;-0.108465;-0.007465
264.762000;-4.026988;-0.214274;-28.649733;1.074355;0.914352;0.221078;597.925000;48.066600;11.643600;-0.105774;-0.010310
264.782000;-3.977719;-0.234347;-28.775638;1.074557;0.913337;0.221281;597.925000;48.066600;11.643600;-0.103084;-0.013155
264.802000;-3.928451;-0.254419;-28.901543;1.074759;0.912323;0.221484;597.925000;48.066600;11.643600;-0.100393;-0.016000
264.822000;-3.893483;-0.262197;-29.134839;1.039138;0.907291;0.226820;597.925000;48.066600;11.643600;-0.099209;-0.016220
264.842000;-3.870217;-0.259917;-29.456001;0.974208;0.898971;0.236357;597.925000;48.066600;11.643600;-0.099532;-0.013814
264.862000;-3.846950;-0.257636;-29.777163;0.909278;0.890652;0.245893;597.925000;48.066600;11.643600;-0.099856;-0.011409
264.882000;-3.823683;-0.255355;-30.098325;0.844348;0.882333;0.255430;597.925000;48.066600;11.643600;-0.100179;-0.009004
264.902000;-3.800417;-0.253074;-30.419487;0.779418;0.874014;0.264966;597.925000;48.066600;11.643600;-0.100503;-0.006598
264.922000;-3.808354;-0.254488;-30.446677;0.717958;0.868130;0.268477;597.925000;48.066600;11.643600;-0.101049;-0.003966
264.942000;-3.889101;-0.264524;-29.787934;0.664593;0.867927;0.257926;597.925000;48.066600;11.643600;-0.102263;-0.000653
264.962000;-3.969847;-0.274560;-29.129191;0.611228;0.867724;0.247375;597.925000;48.066600;11.643600;-0.103478;0.002660
264.982000;-4.050594;-0.284596;-28.470449;0.557864;0.867521;0.236824;597.925000;48.066600;11.643600;-0.104693;0.005972
265.002000;-4.131341;-0.294633;-27.811706;0.504499;0.867318;0.226272;597.925000;48.066600;11.643600;-0.105907;0.009285
265.022000;-4.205381;-0.303825;-27.222783;0.458531;0.868708;0.216137;597.925000;48.066600;11.643600;-0.107122;0.012598
265.042000;-4.152006;-0.296982;-27.960440;0.553086;0.900362;0.213905;597.925000;48.066600;11.643600;-0.106621;0.010213
265.062000;-4.098631;-0.290139;-28.698097;0.647640;0.932016;0.211673;597.925000;48.066600;11.643600;-0.106120;0.007829
265.082000;-4.045256;-0.283296;-29.435754;0.742195;0.963671;0.209441;597.925000;48.066600;11.643600;-0.105620;0.005445
265.102000;-3.991880;-0.276453;-30.173411;0.836750;0.995325;0.207209;597.925000;48.066600;11.643600;-0.105119;0.003061
265.122000;-3.938505;-0.269611;-30.911069;0.931305;1.026979;0.204977;597.925000;48.066600;11.643600;-0.104618;0.000676
265.142000;-3.917247;-0.260213;-31.070288;0.908823;1.019999;0.211349;597.925000;48.066600;11.643600;-0.105062;0.001153
265.162000;-3.904019;-0.250177;-31.084897;0.857081;1.003360;0.219871;597.925000;48.066600;11.643600;-0.105821;0.002583
265.182000;-3.890790;-0.240141;-31.099507;0.805340;0.986721;0.228393;597.925000;48.066600;11.643600;-0.106579;0.004014
265.202000;-3.877561;-0.230104;-31.114116;0.753598;0.970082;0.236915;597.925000;48.066600;11.643600;-0.107338;0.005444
265.222000;-3.864333;-0.220068;-31.128726;0.701857;0.953443;0.245437;597.925000;48.066600;11.643600;-0.108097;0.006874
265.242000;-3.878201;-0.230606;-31.006328;0.686385;0.938701;0.248937;597.925000;48.066600;11.643600;-0.108144;0.007837
265.262000;-3.914239;-0.257978;-30.771832;0.700589;0.925512;0.248328;597.925000;48.066600;11.643600;-0.107479;0.008333
265.282000;-3.950277;-0.285350;-30.537337;0.714792;0.912323;0.247720;597.925000;48.066600;11.643600;-0.106814;0.008829
265.302000;-3.986315;-0.312721;-30.302842;0.728996;0.899134;0.247111;597.925000;48.066600;11.643600;-0.106149;0.009324
265.322000;-4.022353;-0.340093;-30.068347;0.743199;0.885945;0.246502;597.925000;48.066600;11.643600;-0.105485;0.009820
265.342000;-4.033210;-0.351452;-30.233754;0.763734;0.885844;0.252285;597.925000;48.066600;11.643600;-0.105072;0.009732
265.362000;-3.985311;-0.325449;-31.332269;0.799040;0.916279;0.272982;597.925000;48.066600;11.643600;-0.105417;0.007891
265.382000;-3.937412;-0.299446;-32.430783;0.834346;0.946715;0.293678;597.925000;48.066600;11.643600;-0.105762;0.006050
265.402000;-3.889513;-0.273443;-33.529297;0.869651;0.977151;0.314375;597.925000;48.066600;11.643600;-0.106107;0.004209
265.422000;-3.841614;-0.247440;-34.627811;0.904957;1.007586;0.335071;597.925000;48.066600;11.643600;-0.106452;0.002368
265.442000;-3.797364;-0.224128;-35.643595;0.935099;1.035851;0.353698;597.731029;48.066599;11.643601;-0.106797;0.000527
265.462000;-3.822454;-0.251956;-35.087500;0.867125;1.022865;0.333002;593.851600;48.066580;11.643620;-0.108171;0.002818
265.482000;-3.847544;-0.279784;-34.531405;0.799151;1.009879;0.312305;589.972171;48.066561;11.643639;-0.109600;0.005326
265.502000;-3.872633;-0.307612;-33.975310;0.731177;0.996894;0.291608;586.092743;48.066542;11.643658;-0.111029;0.007834
265.522000;-3.897723;-0.335440;-33.419214;0.663203;0.983908;0.270912;582.213314;48.066523;11.643677;-0.112457;0.010341
265.542000;-3.922812;-0.363267;-32.863119;0.595229;0.970922;0.250215;578.333886;48.066504;11.643696;-0.113886;0.012849
265.562000;-3.900094;-0.384891;-32.760662;0.582933;0.949171;0.232603;577.558000;48.066500;11.643700;-0.115334;0.015175
265.582000;-3.865423;-0.404964;-32.771614;0.584556;0.925228;0.215762;577.558000;48.066500;11.643700;-0.116790;0.017440
265.602000;-3.830753;-0.425036;-32.782567;0.586179;0.901284;0.198920;577.558000;48.066500;11.643700;-0.118245;0.019705
265.622000;-3.796082;-0.445109;-32.793519;0.587802;0.877341;0.182079;577.558000;48.066500;11.643700;-0.119700;0.021970
265.642000;-3.761412;-0.465181;-32.804471;0.589426;0.853398;0.165238;577.558000;48.066500;11.643700;-0.121155;0.024235
265.662000;-3.790722;-0.479232;-32.430780;0.624975;0.870412;0.171720;577.558000;48.066500;11.643700;-0.121081;0.024543
265.682000;-3.872382;-0.488356;-31.742380;0.688282;0.920935;0.197287;577.558000;48.066500;11.643700;-0.119478;0.022893
265.702000;-3.954041;-0.497480;-31.053980;0.751589;0.971458;0.222853;577.558000;48.066500;11.643700;-0.117875;0.021242
265.722000;-4.035700;-0.506604;-30.365580;0.814897;1.021981;0.248419;577.558000;48.066500;11.643700;-0.116272;0.019592
265.742000;-4.117359;-0.515727;-29.677180;0.878204;1.072504;0.273986;577.558000;48.066500;11.643700;-0.114668;0.017942
265.762000;-4.160561;-0.506786;-29.211037;0.943216;1.096305;0.296387;577.558000;48.066500;11.643700;-0.112551;0.015731
265.782000;-4.114029;-0.455692;-29.263494;1.012204;1.057753;0.311402;577.558000;48.066500;11.643700;-0.108892;0.011840
265.802000;-4.067498;-0.404598;-29.315951;1.081193;1.019202;0.326417;577.558000;48.066500;11.643700;-0.105232;0.007949
265.822000;-4.020966;-0.353505;-29.368409;1.150182;0.980650;0.341432;577.558000;48.066500;11.643700;-0.101573;0.004058
265.842000;-3.974435;-0.302411;-29.420866;1.219171;0.942099;0.356448;577.558000;48.066500;11.643700;-0.097913;0.000167
265.862000;-3.928200;-0.255423;-29.491526;1.278876;0.904988;0.369322;577.558000;48.066500;11.643700;-0.094254;-0.003725
265.882000;-3.887598;-0.286444;-29.908040;1.162204;0.895248;0.341524;577.558000;48.066500;11.643700;-0.095070;-0.002455
265.902000;-3.846996;-0.317465;-30.324554;1.045532;0.885509;0.313726;577.558000;48.066500;11.643700;-0.095886;-0.001186
265.922000;-3.806394;-0.348486;-30.741069;0.928860;0.875769;0.285927;577.558000;48.066500;11.643700;-0.096703;0.000083
265.942000;-3.765792;-0.379508;-31.157583;0.812188;0.866030;0.258129;577.558000;48.066500;11.643700;-0.097519;0.001352
265.962000;-3.725190;-0.410529;-31.574097;0.695516;0.856290;0.230331;577.558000;48.066500;11.643700;-0.098336;0.002622
265.982000;-3.707581;-0.427317;-31.747533;0.682895;0.896061;0.236134;577.558000;48.066500;11.643700;-0.098800;0.003657
266.002000;-3.695720;-0.440546;-31.860200;0.696287;0.948209;0.250337;577.558000;48.066500;11.643700;-0.099146;0.004614
266.022000;-3.683859;-0.453776;-31.972867;0.709679;1.000357;0.264541;577.558000;48.066500;11.643700;-0.099493;0.005572
266.042000;-3.671998;-0.467006;-32.085533;0.723071;1.052505;0.278744;577.558000;48.066500;11.643700;-0.099839;0.006529
266.062000;-3.660137;-0.480236;-32.198200;0.736463;1.104653;0.292947;577.558000;48.066500;11.643700;-0.100186;0.007487
266.082000;-3.691182;-0.442029;-31.712467;0.812685;1.127338;0.310834;577.558000;48.066500;11.643700;-0.097649;0.004877
266.102000;-3.757330;-0.361739;-30.737133;0.940314;1.125918;0.331733;577.558000;48.066500;11.643700;-0.092229;-0.001299
266.122000;-3.823479;-0.281449;-29.761800;1.067942;1.124497;0.352633;577.558000;48.066500;11.643700;-0.086808;-0.007475
266.142000;-3.889627;-0.201159;-28.786467;1.195571;1.123076;0.373533;577.558000;48.066500;11.643700;-0.081388;-0.013651
266.162000;-3.955776;-0.120869;-27.811133;1.323200;1.121655;0.394432;577.558000;48.066500;11.643700;-0.075968;-0.019827
266.182000;-4.017545;-0.075340;-26.965537;1.371695;1.105381;0.397861;577.558000;48.066500;11.643700;-0.072088;-0.023841
266.202000;-4.069096;-0.110924;-26.422661;1.235544;1.054451;0.360526;577.558000;48.066500;11.643700;-0.072828;-0.021367
266.222000;-4.120646;-0.146507;-25.879785;1.099393;1.003521;0.323191;577.558000;48.066500;11.643700;-0.073568;-0.018893
266.242000;-4.172197;-0.182090;-25.336909;0.963242;0.952591;0.285856;577.558000;48.066500;11.643700;-0.074309;-0.016418
266.262000;-4.223747;-0.217673;-24.794032;0.827091;0.901661;0.248521;577.558000;48.066500;11.643700;-0.075049;-0.013944
266.282000;-4.269481;-0.255081;-24.311602;0.692381;0.853551;0.214392;577.558000;48.066500;11.643700;-0.075790;-0.011470
266.302000;-4.204700;-0.327160;-24.977640;0.585043;0.859029;0.241176;577.558000;48.066500;11.643700;-0.082166;-0.004371
266.322000;-4.139919;-0.399238;-25.643678;0.477705;0.864508;0.267960;577.558000;48.066500;11.643700;-0.088542;0.002728
266.342000;-4.075138;-0.471317;-26.309716;0.370367;0.869986;0.294744;577.558000;48.066500;11.643700;-0.094918;0.009827
266.362000;-4.010357;-0.543396;-26.975754;0.263029;0.875465;0.321527;577.558000;48.066500;11.643700;-0.101294;0.016926
266.382000;-3.945576;-0.615474;-27.641792;0.155691;0.880943;0.348311;577.558000;48.066500;11.643700;-0.107670;0.024024
266.402000;-3.840286;-0.564563;-28.555282;0.238274;0.897947;0.352045;575.250648;48.066470;11.643670;-0.109234;0.024772
266.422000;-3.724869;-0.482904;-29.530634;0.368338;0.917832;0.350016;572.366457;48.066431;11.643631;-0.109194;0.023402
266.442000;-3.609452;-0.401246;-30.505987;0.498402;0.937717;0.347986;569.482267;48.066393;11.643593;-0.109154;0.022032
266.462000;-3.494035;-0.319587;-31.481339;0.628465;0.957602;0.345957;566.598076;48.066355;11.643555;-0.109114;0.020662
266.482000;-3.378618;-0.237928;-32.456691;0.758529;0.977487;0.343928;563.713886;48.066317;11.643517;-0.109074;0.019292
