#time, alt[]
27.9011,431.227
28.0061,431.57
28.1111,431.16
28.2161,431.388
28.3211,430.92
28.4261,431.237
28.5311,420.723
28.6361,420.723
28.7411,420.723
28.8461,420.723
28.9511,420.723
29.0561,420.723
29.1611,420.723
29.2661,420.723
29.3711,420.723
29.4761,455.931
29.5811,455.931
29.6861,455.931
29.7911,455.931
29.8961,455.931
30.0011,455.931
30.1061,455.931
30.2111,455.931
30.3161,455.931
30.4211,455.931
30.5261,518.927
30.6311,518.927
30.7361,518.927
30.8411,518.927
30.9461,518.927
31.0511,518.927
31.1561,518.927
31.2611,518.927
31.3661,518.927
31.4711,548.796
31.5761,548.796
31.6811,548.796
31.7861,548.796
31.8911,548.796
31.9961,548.796
32.1011,548.796
32.2061,548.796
32.3111,548.796
32.4161,548.796
32.5211,552.239
32.6261,552.239
32.7311,552.239
32.8361,552.239
32.9427,552.239
33.0461,552.239
33.1511,552.239
33.2561,552.239
33.3611,552.239
33.4661,552.239
33.5711,552.166
33.6761,552.166
33.7811,552.166
33.8861,552.166
33.9911,552.166
34.0961,552.166
34.2011,552.166
34.3061,552.166
34.4111,552.166
34.5161,551.377
34.6211,551.377
34.7261,551.377
34.8311,551.377
34.9361,551.377
35.0411,551.377
35.1461,551.377
35.2511,551.377
35.3561,551.377
35.4611,551.377
35.5661,550.756
35.6711,550.756
35.7761,550.756
35.8811,550.756
35.9861,550.756
36.0911,550.756
36.1961,550.756
36.3011,550.756
36.4061,550.756
36.5111,552.076
36.6161,552.076
36.7211,552.076
36.8261,552.076
36.9311,552.076
37.0361,552.076
37.1411,552.076
37.2461,552.076
37.3511,552.076
37.4561,552.076
37.5611,552.772
37.6661,552.772
37.7711,552.772
37.8761,552.772
37.9811,552.772
38.0861,552.772
38.1927,552.772
38.2961,552.772
38.4011,552.772
38.5061,552.802
38.6111,552.802
38.7161,552.802
38.8211,552.802
38.9261,552.802
39.0311,552.802
39.1361,552.802
39.2411,552.802
39.3461,552.802
39.4511,552.802
39.5561,552.858
39.6611,552.858
39.7871,552.858
39.8921,552.858
39.9971,552.858
40.1021,552.858
40.2071,552.858
40.3121,552.858
40.4171,552.858
40.5221,552.916
40.6271,552.916
40.7321,552.916
40.8371,552.916
40.9421,552.916
41.0471,552.916
41.1521,552.916
41.2571,552.916
41.3621,552.916
41.4671,553.07
41.5721,553.07
41.6771,553.07
41.7821,553.07
41.8871,553.07
41.9921,553.07
42.0971,553.07
42.2021,553.07
42.3071,553.07
42.4121,553.07
42.5171,552.771
42.6221,552.771
42.7271,552.771
42.8321,552.771
42.9371,552.771
43.0421,552.771
43.1471,552.771
43.2521,552.771
43.3588,552.771
43.4621,552.723
43.5671,552.723
43.6721,552.723
43.7771,552.723
43.8821,552.723
43.9871,552.723
44.0921,552.723
44.1971,552.723
44.3021,552.723
44.4071,552.723
44.5121,552.563
44.6171,552.563
44.7221,552.563
44.8271,552.563
44.9321,552.563
45.0371,552.563
45.1421,552.563
45.2471,552.563
45.3521,552.563
45.4571,552.563
45.5621,552.502
45.6671,552.502
45.7721,552.502
45.8771,552.502
45.9821,552.502
46.0871,552.502
46.1921,552.502
46.2971,552.502
46.4021,552.502
46.5071,552.279
46.6121,552.279
46.7171,552.279
46.8221,552.279
46.9271,552.279
47.0321,552.279
47.1371,552.279
47.2421,552.279
47.3471,552.279
47.4521,552.279
47.5571,552.431
47.6621,552.431
47.7671,552.431
47.8721,552.431
47.9771,552.431
48.0821,552.431
48.1871,552.431
48.2921,552.431
48.3971,552.431
48.5021,552.457
48.6088,552.457
48.7121,552.457
48.8171,552.457
48.9221,552.457
49.0271,552.457
49.1321,552.457
49.2371,552.457
49.3421,552.457
49.4471,552.457
49.5521,552.72
49.6571,552.72
49.7621,552.72
49.8671,552.72
49.9721,552.72
50.0771,552.72
50.1821,552.72
50.2871,552.72
50.3921,552.72
50.4971,553.06
50.6021,553.06
50.7071,553.06
50.8121,553.06
50.9171,553.06
51.0221,553.06
51.1271,553.06
51.2321,553.06
51.3371,553.06
51.4421,553.06
51.5471,553.265
51.6521,553.265
51.7571,553.265
51.8621,553.265
51.9671,553.265
52.0721,553.265
52.1771,553.265
52.2821,553.265
52.3871,553.265
52.4921,553.588
52.5971,553.588
52.7021,553.588
52.8071,553.588
52.9121,553.588
53.0171,553.588
53.1221,553.588
53.2271,553.588
53.3321,553.588
53.4371,553.588
53.5421,553.966
53.6471,553.966
53.7521,553.966
53.8668,553.966
53.9621,553.966
54.0671,553.966
54.1721,553.966
54.2771,553.966
54.3821,553.966
54.4871,554.081
54.5921,554.081
54.6971,554.081
54.8021,554.081
54.9071,554.081
55.0121,554.081
55.1171,554.081
55.2221,554.081
55.3271,554.081
55.4321,554.081
55.5371,554.165
55.6421,554.165
55.7471,554.165
55.8521,554.165
55.9571,554.165
56.0621,554.165
56.1671,554.165
56.2721,554.165
56.3771,554.165
56.4821,554.215
56.5871,554.215
56.6921,554.215
56.7971,554.215
56.9021,554.215
57.0071,554.215
57.1121,554.215
57.2171,554.215
57.3221,554.215
57.4271,554.215
57.5321,554.321
57.6371,554.321
57.7421,554.321
57.8471,554.321
57.9521,554.321
58.0571,554.321
58.1621,554.321
58.2671,554.321
58.3721,554.321
58.4771,554.364
58.5821,554.364
58.6871,554.364
58.7921,554.364
58.8971,554.364
59.0021,554.364
59.1169,554.364
59.2121,554.364
59.3171,554.364
59.4221,554.364
59.5271,554.412
59.6321,554.412
59.7371,554.412
59.8421,554.412
59.9471,554.412
60.0521,554.412
60.1571,554.412
60.2621,554.412
60.3671,554.412
60.4721,554.438
60.5771,554.438
60.6821,554.438
60.7871,554.438
60.8921,554.438
60.9971,554.438
61.1021,554.438
61.2071,554.438
61.3121,554.438
61.4171,554.438
61.5221,554.512
61.6271,554.512
61.7321,554.512
61.8371,554.512
61.9421,554.512
62.0471,554.512
62.1521,554.512
62.2571,554.512
62.3621,554.512
62.4671,554.512
62.5721,554.587
62.6771,554.587
62.7821,554.587
62.8871,554.587
62.9921,554.587
63.0971,554.587
63.2021,554.587
63.3071,554.587
63.4121,554.587
63.5171,554.561
63.6221,554.561
63.7271,554.561
63.8321,554.561
63.9371,554.561
64.0421,554.561
64.1471,554.561
64.2521,554.561
64.3588,554.561
64.4621,554.561
64.5671,554.504
64.6721,554.504
64.7771,554.504
64.8821,554.504
64.9871,554.504
65.0921,554.504
65.1971,554.504
65.3021,554.504
65.4071,554.504
65.5121,554.51
65.6171,554.51
65.7221,554.51
65.8271,554.51
65.9321,554.51
66.0371,554.51
66.1421,554.51
66.2471,554.51
66.3521,554.51
66.4572,554.51
66.5621,554.464
66.6671,554.464
66.7721,554.464
66.8771,554.464
66.9821,554.464
67.0871,554.464
67.1921,554.464
67.2971,554.464
67.4021,554.464
67.5071,554.52
67.6121,554.52
67.7171,554.52
67.8221,554.52
67.9271,554.52
68.0321,554.52
68.1371,554.52
68.2421,554.52
68.3471,554.52
68.4521,554.52
68.5571,554.48
68.6621,554.48
68.7671,554.48
68.8721,554.48
68.9771,554.48
69.0821,554.48
69.1871,554.48
69.2921,554.48
69.3971,554.48
69.5021,553.937
69.6088,553.937
69.7121,553.937
69.8171,553.937
69.9221,553.937
70.0271,553.937
70.1321,553.937
70.2371,553.937
70.3421,553.937
70.4471,553.937
70.5521,553.472
70.6571,553.472
70.7621,553.472
70.8671,553.472
70.9721,553.472
71.0771,553.472
71.1821,553.472
71.2871,553.472
71.3921,553.472
71.4971,553.417
71.6021,553.417
71.7071,553.417
71.8121,553.417
71.9171,553.417
72.0221,553.417
72.1271,553.417
72.2321,553.417
72.3371,553.417
72.4421,553.417
72.5471,553.486
72.6521,553.486
72.7571,553.486
72.8621,553.486
72.9671,553.486
73.0721,553.486
73.1771,553.486
73.2821,553.486
73.3871,553.486
73.4921,553.481
73.5971,553.481
73.7021,553.481
73.8071,553.481
73.9121,553.481
74.0171,553.481
74.1221,553.481
74.2271,553.481
74.3321,553.481
74.4371,553.481
74.5421,554.003
74.6471,554.003
74.7521,554.003
74.859,554.003
74.9621,554.003
75.0671,554.003
75.1721,554.003
75.2771,554.003
75.3821,554.003
75.4871,554.144
75.5921,554.144
75.6971,554.144
75.8021,554.144
75.9071,554.144
76.0121,554.144
76.1171,554.144
76.2221,554.144
76.3271,554.144
76.4321,554.144
76.5371,554.285
76.6421,554.285
76.7471,554.285
76.8521,554.285
76.9571,554.285
77.0621,554.285
77.1671,554.285
77.2721,554.285
77.3771,554.285
77.4821,554.712
77.5871,554.712
77.6921,554.712
77.7971,554.712
77.9021,554.712
78.0071,554.712
78.1121,554.712
78.2171,554.712
78.3221,554.712
78.4271,554.712
78.5321,554.752
78.6371,554.752
78.7421,554.752
78.8471,554.752
78.9521,554.752
79.0571,554.752
79.1621,554.752
79.2671,554.752
79.3721,554.752
79.4771,554.745
79.5821,554.745
79.6871,554.745
79.7921,554.745
79.8971,554.745
80.0021,554.745
80.1088,554.745
80.2121,554.745
80.3171,554.745
80.4221,554.745
80.5271,554.743
80.6321,554.743
80.7371,554.743
80.8421,554.743
80.9471,554.743
81.0521,554.743
81.1571,554.743
81.2621,554.743
81.3671,554.743
81.4721,554.75
81.5771,554.75
81.6821,554.75
81.7871,554.75
81.8921,554.75
81.9971,554.75
82.1021,554.75
82.2071,554.75
82.3121,554.75
82.4171,554.75
82.5221,554.812
82.6271,554.812
82.7321,554.812
82.8371,554.812
82.9421,554.812
83.0471,554.812
83.1521,554.812
83.2571,554.812
83.3621,554.812
83.4671,554.812
83.5721,554.87
83.6771,554.87
83.7821,554.87
83.8871,554.87
83.9921,554.87
84.0971,554.87
84.2021,554.87
84.3071,554.87
84.4121,554.87
84.5171,555.027
84.6221,555.027
84.7271,555.027
84.8321,555.027
84.9371,555.027
85.0421,555.027
85.1471,555.027
85.2521,555.027
85.3588,555.027
85.4621,555.027
85.5671,555.149
85.6721,555.149
85.7771,555.149
85.8821,555.149
85.9871,555.149
86.0921,555.149
86.1971,555.149
86.3021,555.149
86.4071,555.149
86.5121,555.289
86.6171,555.289
86.7221,555.289
86.8271,555.289
86.9321,555.289
87.0371,555.289
87.1421,555.289
87.2471,555.289
87.3521,555.289
87.4571,555.289
87.5621,555.346
87.6671,555.346
87.7721,555.346
87.8771,555.346
87.9821,555.346
88.0871,555.346
88.1921,555.346
88.2971,555.346
88.4021,555.346
88.5071,555.295
88.6121,555.295
88.7171,555.295
88.8221,555.295
88.9271,555.295
89.0321,555.295
89.1371,555.295
89.2421,555.295
89.3471,555.295
89.4521,555.295
89.5571,555.106
89.6621,555.106
89.7671,555.106
89.8721,555.106
89.9771,555.106
90.0821,555.106
90.1871,555.106
90.2921,555.106
90.3971,555.106
90.5021,555.103
90.6088,555.103
90.7121,555.103
90.8171,555.103
90.9221,555.103
91.0271,555.103
91.1321,555.103
91.2371,555.103
91.3421,555.103
91.4471,555.103
91.5521,555.055
91.6571,555.055
91.7621,555.055
91.8671,555.055
91.9721,555.055
92.0771,555.055
92.1821,555.055
92.2871,555.055
92.3921,555.055
92.4971,555.023
92.6021,555.023
92.7071,555.023
92.8121,555.023
92.9171,555.023
93.0221,555.023
93.1271,555.023
93.2321,555.023
93.3371,555.023
93.4421,555.023
93.5471,555.088
93.6521,555.088
93.7571,555.088
93.8621,555.088
93.9671,555.088
94.0721,555.088
94.1771,555.088
94.2821,555.088
94.3871,555.088
94.4921,555.1
94.5971,555.1
94.7021,555.1
94.8071,555.1
94.9121,555.1
95.0171,555.1
95.1221,555.1
95.2271,555.1
95.3321,555.1
95.4371,555.1
95.5421,555.119
95.6471,555.119
95.7521,555.119
95.8588,555.119
95.9621,555.119
96.0671,555.119
96.1721,555.119
96.2771,555.119
96.3821,555.119
96.4871,555.106
96.5921,555.106
96.6971,555.106
96.8021,555.106
96.9071,555.106
97.0121,555.106
97.1171,555.106
97.2221,555.106
97.3271,555.106
97.4321,555.106
97.5371,555.08
97.6421,555.08
97.7471,555.08
97.8521,555.08
97.9571,555.08
98.0621,555.08
98.1671,555.08
98.2721,555.08
98.3771,555.08
98.4821,555.428
98.5871,555.428
98.6921,555.428
98.7971,555.428
98.9021,555.428
99.0071,555.428
99.1121,555.428
99.2171,555.428
99.3221,555.428
99.4271,555.428
99.5321,555.641
99.6371,555.641
99.7421,555.641
99.8471,555.641
99.9521,555.641
100.057,555.641
100.162,555.641
100.267,555.641
100.372,555.641
100.477,555.753
100.582,555.753
100.687,555.753
100.792,555.753
100.897,555.753
101.002,555.753
101.109,555.753
101.212,555.753
101.317,555.753
101.422,555.753
101.527,555.463
101.632,555.463
101.737,555.463
101.842,555.463
101.947,555.463
102.052,555.463
102.157,555.463
102.262,555.463
102.367,555.463
102.472,555.463
102.577,555.208
102.682,555.208
102.787,555.208
102.892,555.208
102.997,555.208
103.102,555.208
103.207,555.208
103.312,555.208
103.417,555.208
103.522,554.899
103.627,554.899
103.732,554.899
103.837,554.899
103.942,554.899
104.047,554.899
104.152,554.899
104.257,554.899
104.362,554.899
104.467,554.899
104.572,554.925
104.677,554.925
104.782,554.925
104.887,554.925
104.992,554.925
105.097,554.925
105.202,554.925
105.307,554.925
105.412,554.925
105.517,554.95
105.622,554.95
105.727,554.95
105.832,554.95
105.937,554.95
106.042,554.95
106.147,554.95
106.252,554.95
106.359,554.95
106.462,554.95
106.567,554.884
106.672,554.884
106.777,554.884
106.882,554.884
106.987,554.884
107.092,554.884
107.197,554.884
107.302,554.884
107.407,554.884
107.512,554.804
107.617,554.804
107.722,554.804
107.827,554.804
107.932,554.804
108.037,554.804
108.142,554.804
108.247,554.804
108.352,554.804
108.457,554.804
108.562,554.797
108.667,554.797
108.772,554.797
108.877,554.797
108.982,554.797
109.087,554.797
109.192,554.797
109.297,554.797
109.402,554.797
109.507,554.961
109.612,554.961
109.717,554.961
109.822,554.961
109.927,554.961
110.032,554.961
110.137,554.961
110.242,554.961
110.347,554.961
110.452,554.961
110.557,555.074
110.662,555.074
110.767,555.074
110.872,555.074
110.977,555.074
111.082,555.074
111.187,555.074
111.292,555.074
111.397,555.074
111.502,555.074
111.609,555.074
111.712,555.074
111.817,555.074
111.922,555.074
112.027,555.074
112.132,555.074
112.237,555.074
112.342,555.074
112.447,555.074
112.552,555.014
112.657,555.014
112.762,555.014
112.867,555.014
112.972,555.014
113.077,555.014
113.182,555.014
113.287,555.014
113.392,555.014
113.497,555.095
113.602,555.095
113.707,555.095
113.812,555.095
113.917,555.095
114.022,555.095
114.127,555.095
114.232,555.095
114.337,555.095
114.442,555.095
114.547,554.548
114.652,554.548
114.757,554.548
114.862,554.548
114.967,554.548
115.072,554.548
115.177,554.548
115.282,554.548
115.387,554.548
115.492,554.488
115.597,554.488
115.702,554.488
115.807,554.488
115.912,554.488
116.017,554.488
116.122,554.488
116.227,554.488
116.332,554.488
116.437,554.488
116.542,554.573
116.647,554.573
116.752,554.573
116.859,554.573
116.962,554.573
117.067,554.573
117.172,554.573
117.277,554.573
117.382,554.573
117.487,554.585
117.592,554.585
117.697,554.585
117.802,554.585
117.907,554.585
118.012,554.585
118.117,554.585
118.222,554.585
118.327,554.585
118.432,554.585
118.537,554.924
118.642,554.924
118.747,554.924
118.852,554.924
118.957,554.924
119.062,554.924
119.167,554.924
119.272,554.924
119.377,554.924
119.482,554.878
119.587,554.878
119.692,554.878
119.797,554.878
119.902,554.878
120.007,554.878
120.112,554.878
120.217,554.878
120.322,554.878
120.427,554.878
120.532,554.497
120.637,554.497
120.742,554.497
120.847,554.497
120.952,554.497
121.057,554.497
121.162,554.497
121.267,554.497
121.372,554.497
121.477,554.23
121.582,554.23
121.687,554.23
121.792,554.23
121.897,554.23
122.002,554.23
122.109,554.23
122.212,554.23
122.317,554.23
122.422,554.23
122.527,553.488
122.632,553.488
122.737,553.488
122.842,553.488
122.947,553.488
123.052,553.488
123.157,553.488
123.262,553.488
123.367,553.488
123.472,553.488
123.577,553.242
123.682,553.242
123.787,553.242
123.892,553.242
123.997,553.242
124.102,553.242
124.207,553.242
124.312,553.242
124.417,553.242
124.522,553.289
124.627,553.289
124.732,553.289
124.837,553.289
124.942,553.289
125.047,553.289
125.152,553.289
125.257,553.289
125.362,553.289
125.467,553.289
125.572,553.077
125.677,553.077
125.782,553.077
125.887,553.077
125.992,553.077
126.097,553.077
126.202,553.077
126.307,553.077
126.412,553.077
126.517,552.87
126.622,552.87
126.727,552.87
126.832,552.87
126.937,552.87
127.042,552.87
127.147,552.87
127.252,552.87
127.359,552.87
127.462,552.87
127.567,552.535
127.672,552.535
127.777,552.535
127.882,552.535
127.987,552.535
128.092,552.535
128.197,552.535
128.302,552.535
128.407,552.535
128.512,551.99
128.617,551.99
128.722,551.99
128.827,551.99
128.932,551.99
129.037,551.99
129.142,551.99
129.247,551.99
129.352,551.99
129.457,551.99
129.562,551.642
129.667,551.642
129.772,551.642
129.877,551.642
129.982,551.642
130.087,551.642
130.192,551.642
130.297,551.642
130.402,551.642
130.507,551.398
130.612,551.398
130.717,551.398
130.822,551.398
130.927,551.398
131.032,551.398
131.137,551.398
131.242,551.398
131.347,551.398
131.452,551.398
131.557,551.067
131.662,551.067
131.767,551.067
131.872,551.067
131.977,551.067
132.082,551.067
132.187,551.067
132.292,551.067
132.397,551.067
132.502,551.014
132.609,551.014
132.712,551.014
132.817,551.014
132.922,551.014
133.027,551.014
133.132,551.014
133.237,551.014
133.342,551.014
133.447,551.014
133.552,550.989
133.657,550.989
133.762,550.989
133.867,550.989
133.972,550.989
134.077,550.989
134.182,550.989
134.287,550.989
134.392,550.989
134.497,550.939
134.602,550.939
134.707,550.939
134.812,550.939
134.917,550.939
135.022,550.939
135.127,550.939
135.232,550.939
135.337,550.939
135.442,550.939
135.547,550.826
135.652,550.826
135.757,550.826
135.862,550.826
135.967,550.826
136.072,550.826
136.177,550.826
136.282,550.826
136.387,550.826
136.492,550.719
136.597,550.719
136.702,550.719
136.807,550.719
136.912,550.719
137.017,550.719
137.122,550.719
137.227,550.719
137.332,550.719
137.437,550.719
137.542,550.574
137.647,550.574
137.752,550.574
137.859,550.574
137.962,550.574
138.067,550.574
138.172,550.574
138.277,550.574
138.382,550.574
138.487,550.505
138.592,550.505
138.697,550.505
138.802,550.505
138.907,550.505
139.012,550.505
139.117,550.505
139.222,550.505
139.327,550.505
139.432,550.505
139.537,550.353
139.642,550.353
139.747,550.353
139.852,550.353
139.957,550.353
140.062,550.353
140.167,550.353
140.272,550.353
140.377,550.353
140.482,550.353
140.587,550.266
140.692,550.266
140.797,550.266
140.902,550.266
141.007,550.266
141.112,550.266
141.217,550.266
141.322,550.266
141.427,550.266
141.532,550.137
141.637,550.137
141.742,550.137
141.847,550.137
141.952,550.137
142.057,550.137
142.162,550.137
142.267,550.137
142.372,550.137
142.477,550.137
142.582,550.022
142.687,550.022
142.792,550.022
142.897,550.022
143.002,550.022
143.109,550.022
143.212,550.022
143.317,550.022
143.422,550.022
143.527,549.903
143.632,549.903
143.737,549.903
143.842,549.903
143.947,549.903
144.052,549.903
144.157,549.903
144.262,549.903
144.367,549.903
144.472,549.903
144.577,549.806
144.682,549.806
144.787,549.806
144.892,549.806
144.997,549.806
145.102,549.806
145.207,549.806
145.312,549.806
145.417,549.806
145.522,549.698
145.627,549.698
145.732,549.698
145.837,549.698
145.942,549.698
146.047,549.698
146.152,549.698
146.257,549.698
146.362,549.698
146.467,549.698
146.572,549.607
146.677,549.607
146.782,549.607
146.887,549.607
146.992,549.607
147.097,549.607
147.202,549.607
147.307,549.607
147.412,549.607
147.517,549.553
147.622,549.553
147.727,549.553
147.832,549.553
147.937,549.553
148.042,549.553
148.147,549.553
148.252,549.553
148.359,549.553
148.462,549.553
148.567,549.529
148.672,549.529
148.777,549.529
148.882,549.529
148.987,549.529
149.092,549.529
149.197,549.529
149.302,549.529
149.407,549.529
149.512,549.531
149.617,549.531
149.722,549.531
149.827,549.531
149.932,549.531
150.037,549.531
150.142,549.531
150.247,549.531
150.352,549.531
150.457,549.531
150.562,549.531
150.667,549.531
150.772,549.531
150.877,549.531
150.982,549.531
151.087,549.531
151.192,549.531
151.297,549.531
151.402,549.531
151.507,549.498
151.612,549.498
151.717,549.498
151.822,549.498
151.927,549.498
152.032,549.498
152.137,549.498
152.242,549.498
152.347,549.498
152.452,549.498
152.557,549.508
152.662,549.508
152.767,549.508
152.872,549.508
152.977,549.508
153.082,549.508
153.187,549.508
153.292,549.508
153.397,549.508
153.502,549.513
153.609,549.513
153.712,549.513
153.817,549.513
153.922,549.513
154.027,549.513
154.132,549.513
154.237,549.513
154.342,549.513
154.447,549.513
154.552,549.523
154.657,549.523
154.762,549.523
154.867,549.523
154.972,549.523
155.077,549.523
155.182,549.523
155.287,549.523
155.392,549.523
155.497,549.564
155.602,549.564
155.707,549.564
155.812,549.564
155.917,549.564
156.022,549.564
156.127,549.564
156.232,549.564
156.337,549.564
156.442,549.564
156.547,549.599
156.652,549.599
156.757,549.599
156.862,549.599
156.967,549.599
157.072,549.599
157.177,549.599
157.282,549.599
157.387,549.599
157.492,549.611
157.597,549.611
157.702,549.611
157.807,549.611
157.912,549.611
158.017,549.611
158.122,549.611
158.227,549.611
158.332,549.611
158.437,549.611
158.542,549.608
158.647,549.608
158.752,549.608
158.859,549.608
158.962,549.608
159.067,549.608
159.172,549.608
159.277,549.608
159.382,549.608
159.487,549.628
159.592,549.628
159.697,549.628
159.802,549.628
159.907,549.628
160.012,549.628
160.117,549.628
160.222,549.628
160.327,549.628
160.432,549.628
160.537,549.644
160.642,549.644
160.747,549.644
160.852,549.644
160.957,549.644
161.062,549.644
161.167,549.644
161.272,549.644
161.377,549.644
161.482,549.644
161.587,549.647
161.692,549.647
161.797,549.647
161.902,549.647
162.007,549.647
162.112,549.647
162.217,549.647
162.322,549.647
162.427,549.647
162.532,549.629
162.637,549.629
162.742,549.629
162.847,549.629
162.952,549.629
163.057,549.629
163.162,549.629
163.267,549.629
163.372,549.629
163.477,549.629
163.582,549.594
163.687,549.594
163.792,549.594
163.897,549.594
164.002,549.594
164.109,549.594
164.212,549.594
164.317,549.594
164.422,549.594
164.527,549.562
164.632,549.562
164.737,549.562
164.842,549.562
164.947,549.562
165.052,549.562
165.157,549.562
165.262,549.562
165.367,549.562
165.472,549.562
165.577,549.541
165.682,549.541
165.787,549.541
165.892,549.541
165.997,549.541
166.102,549.541
166.207,549.541
166.312,549.541
166.417,549.541
166.522,549.556
166.627,549.556
166.732,549.556
166.837,549.556
166.942,549.556
167.047,549.556
167.152,549.556
167.257,549.556
167.362,549.556
167.467,549.556
167.572,549.565
167.677,549.565
167.782,549.565
167.887,549.565
167.992,549.565
168.097,549.565
168.202,549.565
168.307,549.565
168.412,549.565
168.517,549.564
168.622,549.564
168.727,549.564
168.832,549.564
168.937,549.564
169.042,549.564
169.147,549.564
169.252,549.564
169.359,549.564
169.462,549.564
169.567,549.554
169.672,549.554
169.777,549.554
169.882,549.554
169.987,549.554
170.092,549.554
170.197,549.554
170.302,549.554
170.407,549.554
170.512,549.509
170.617,549.509
170.722,549.509
170.827,549.509
170.932,549.509
171.037,549.509
171.142,549.509
171.247,549.509
171.352,549.509
171.457,549.509
171.562,549.483
171.667,549.483
171.772,549.483
171.877,549.483
171.982,549.483
172.087,549.483
172.192,549.483
172.297,549.483
172.402,549.483
172.507,549.439
172.612,549.439
172.717,549.439
172.822,549.439
172.927,549.439
173.032,549.439
173.137,549.439
173.242,549.439
173.347,549.439
173.452,549.439
173.557,549.417
173.662,549.417
173.767,549.417
173.872,549.417
173.977,549.417
174.082,549.417
174.187,549.417
174.292,549.417
174.397,549.417
174.502,549.409
174.609,549.409
174.712,549.409
174.817,549.409
174.922,549.409
175.027,549.409
175.132,549.409
175.237,549.409
175.342,549.409
175.447,549.409
175.552,549.4
175.657,549.4
175.762,549.4
175.867,549.4
175.972,549.4
176.077,549.4
176.182,549.4
176.287,549.4
176.392,549.4
176.497,549.437
176.602,549.437
176.707,549.437
176.812,549.437
176.917,549.437
177.022,549.437
177.127,549.437
177.232,549.437
177.337,549.437
177.442,549.437
177.547,549.424
177.652,549.424
177.757,549.424
177.862,549.424
177.967,549.424
178.072,549.424
178.177,549.424
178.282,549.424
178.387,549.424
178.492,549.405
178.597,549.405
178.702,549.405
178.807,549.405
178.912,549.405
179.017,549.405
179.122,549.405
179.227,549.405
179.332,549.405
179.437,549.405
179.542,549.331
179.647,549.331
179.752,549.331
179.859,549.331
179.962,549.331
180.067,549.331
180.172,549.331
180.277,549.331
180.382,549.331
180.487,549.344
180.592,549.344
180.697,549.344
180.802,549.344
180.907,549.344
181.012,549.344
181.117,549.344
181.222,549.344
181.327,549.344
181.432,549.344
181.537,549.363
181.642,549.363
181.747,549.363
181.852,549.363
181.957,549.363
182.062,549.363
182.167,549.363
182.272,549.363
182.377,549.363
182.482,549.363
182.587,549.371
182.692,549.371
182.797,549.371
182.902,549.371
183.007,549.371
183.112,549.371
183.217,549.371
183.322,549.371
183.427,549.371
183.532,549.416
183.637,549.416
183.742,549.416
183.847,549.416
183.952,549.416
184.057,549.416
184.162,549.416
184.267,549.416
184.372,549.416
184.477,549.416
184.582,549.45
184.687,549.45
184.792,549.45
184.897,549.45
185.002,549.45
185.109,549.45
185.212,549.45
185.317,549.45
185.422,549.45
185.527,549.475
185.632,549.475
185.737,549.475
185.842,549.475
185.947,549.475
186.052,549.475
186.157,549.475
186.262,549.475
186.367,549.475
186.472,549.475
186.577,549.518
186.682,549.518
186.787,549.518
186.892,549.518
186.997,549.518
187.102,549.518
187.207,549.518
187.312,549.518
187.417,549.518
187.522,549.526
187.627,549.526
187.732,549.526
187.837,549.526
187.942,549.526
188.047,549.526
188.152,549.526
188.257,549.526
188.362,549.526
188.467,549.526
188.572,549.555
188.677,549.555
188.782,549.555
188.887,549.555
188.992,549.555
189.097,549.555
189.202,549.555
189.307,549.555
189.412,549.555
189.517,549.606
189.622,549.606
189.727,549.606
189.832,549.606
189.937,549.606
190.042,549.606
190.147,549.606
190.252,549.606
190.359,549.606
190.462,549.606
190.567,549.529
190.672,549.529
190.777,549.529
190.882,549.529
190.987,549.529
191.092,549.529
191.197,549.529
191.302,549.529
191.407,549.529
191.512,549.454
191.617,549.454
191.722,549.454
191.827,549.454
191.932,549.454
192.037,549.454
192.142,549.454
192.247,549.454
192.352,549.454
192.457,549.454
192.562,549.401
192.667,549.401
192.772,549.401
192.877,549.401
192.982,549.401
193.087,549.401
193.192,549.401
193.297,549.401
193.402,549.401
193.507,549.373
193.612,549.373
193.717,549.373
193.822,549.373
193.927,549.373
194.032,549.373
194.137,549.373
194.242,549.373
194.347,549.373
194.452,549.373
194.557,549.361
194.662,549.361
194.767,549.361
194.872,549.361
194.977,549.361
195.082,549.361
195.187,549.361
195.292,549.361
195.397,549.361
195.502,549.321
195.619,549.321
195.712,549.321
195.817,549.321
195.922,549.321
196.027,549.321
196.132,549.321
196.237,549.321
196.342,549.321
196.447,549.321
196.552,549.298
196.657,549.298
196.762,549.298
196.867,549.298
196.972,549.298
197.077,549.298
197.182,549.298
197.287,549.298
197.392,549.298
197.497,549.269
197.602,549.269
197.707,549.269
197.812,549.269
197.917,549.269
198.022,549.269
198.127,549.269
198.232,549.269
198.337,549.269
198.442,549.269
198.547,549.228
198.652,549.228
198.757,549.228
198.862,549.228
198.967,549.228
199.072,549.228
199.177,549.228
199.282,549.228
199.387,549.228
199.492,549.167
199.597,549.167
199.702,549.167
199.807,549.167
199.912,549.167
200.017,549.167
200.122,549.167
200.227,549.167
200.332,549.167
200.437,549.167
200.542,549.118
200.647,549.118
200.752,549.118
200.869,549.118
200.962,549.118
201.067,549.118
201.172,549.118
201.277,549.118
201.382,549.118
201.487,549.118
201.592,549.07
201.697,549.07
201.802,549.07
201.907,549.07
202.012,549.07
202.117,549.07
202.222,549.07
202.327,549.07
202.432,549.07
202.537,549.044
202.642,549.044
202.747,549.044
202.852,549.044
202.957,549.044
203.062,549.044
203.167,549.044
203.272,549.044
203.377,549.044
203.482,549.044
203.587,549.026
203.692,549.026
203.797,549.026
203.902,549.026
204.007,549.026
204.112,549.026
204.217,549.026
204.322,549.026
204.427,549.026
204.532,549.041
204.637,549.041
204.742,549.041
204.847,549.041
204.952,549.041
205.057,549.041
205.162,549.041
205.267,549.041
205.372,549.041
205.477,549.041
205.582,549.063
205.687,549.063
205.792,549.063
205.897,549.063
206.002,549.063
206.109,549.063
206.212,549.063
206.317,549.063
206.422,549.063
206.527,549.11
206.632,549.11
206.737,549.11
206.842,549.11
206.947,549.11
207.052,549.11
207.157,549.11
207.262,549.11
207.367,549.11
207.472,549.11
207.577,549.159
207.682,549.159
207.787,549.159
207.892,549.159
207.997,549.159
208.102,549.159
208.207,549.159
208.312,549.159
208.417,549.159
208.522,549.206
208.627,549.206
208.732,549.206
208.837,549.206
208.942,549.206
209.047,549.206
209.152,549.206
209.257,549.206
209.362,549.206
209.467,549.206
209.572,549.264
209.677,549.264
209.782,549.264
209.887,549.264
209.992,549.264
210.097,549.264
210.202,549.264
210.307,549.264
210.412,549.264
210.517,549.348
210.622,549.348
210.727,549.348
210.832,549.348
210.937,549.348
211.042,549.348
211.147,549.348
211.252,549.348
211.359,549.348
211.462,549.348
211.567,549.406
211.672,549.406
211.777,549.406
211.882,549.406
211.987,549.406
212.092,549.406
212.197,549.406
212.302,549.406
212.407,549.406
212.512,549.441
212.617,549.441
212.722,549.441
212.827,549.441
212.932,549.441
213.037,549.441
213.142,549.441
213.247,549.441
213.352,549.441
213.457,549.441
213.562,549.47
213.667,549.47
213.772,549.47
213.877,549.47
213.982,549.47
214.087,549.47
214.192,549.47
214.297,549.47
214.402,549.47
214.507,549.509
214.612,549.509
214.717,549.509
214.822,549.509
214.927,549.509
215.032,549.509
215.137,549.509
215.242,549.509
215.347,549.509
215.452,549.509
215.557,549.531
215.662,549.531
215.767,549.531
215.872,549.531
215.977,549.531
216.082,549.531
216.187,549.531
216.292,549.531
216.397,549.531
216.502,549.525
216.609,549.525
216.712,549.525
216.817,549.525
216.922,549.525
217.027,549.525
217.132,549.525
217.237,549.525
217.342,549.525
217.447,549.525
217.552,549.511
217.657,549.511
217.762,549.511
217.867,549.511
217.972,549.511
218.077,549.511
218.182,549.511
218.287,549.511
218.392,549.511
218.497,549.504
218.602,549.504
218.707,549.504
218.812,549.504
218.917,549.504
219.022,549.504
219.127,549.504
219.232,549.504
219.337,549.504
219.442,549.504
219.547,549.491
219.652,549.491
219.757,549.491
219.862,549.491
219.967,549.491
220.072,549.491
220.177,549.491
220.282,549.491
220.387,549.491
220.492,549.491
220.597,549.49
220.702,549.49
220.807,549.49
220.912,549.49
221.017,549.49
221.122,549.49
221.227,549.49
221.332,549.49
221.437,549.49
221.542,549.478
221.647,549.478
221.752,549.478
221.859,549.478
221.962,549.478
222.067,549.478
222.172,549.478
222.277,549.478
222.382,549.478
222.487,549.478
222.592,549.458
222.697,549.458
222.802,549.458
222.907,549.458
223.012,549.458
223.117,549.458
223.222,549.458
223.327,549.458
223.432,549.458
223.537,549.471
223.642,549.471
223.747,549.471
223.852,549.471
223.957,549.471
224.062,549.471
224.167,549.471
224.272,549.471
224.377,549.471
224.482,549.471
224.587,549.471
224.692,549.471
224.797,549.471
224.902,549.471
225.007,549.471
225.112,549.471
225.217,549.471
225.322,549.471
225.427,549.471
225.532,549.476
225.637,549.476
225.742,549.476
225.847,549.476
225.952,549.476
226.057,549.476
226.162,549.476
226.267,549.476
226.372,549.476
226.477,549.476
226.582,549.539
226.687,549.539
226.792,549.539
226.897,549.539
227.002,549.539
227.109,549.539
227.212,549.539
227.317,549.539
227.422,549.539
227.527,549.588
227.632,549.588
227.737,549.588
227.842,549.588
227.947,549.588
228.052,549.588
228.157,549.588
228.262,549.588
228.367,549.588
228.472,549.588
228.577,549.657
228.682,549.657
228.787,549.657
228.892,549.657
228.997,549.657
229.102,549.657
229.207,549.657
229.312,549.657
229.417,549.657
229.522,549.682
229.627,549.682
229.732,549.682
229.837,549.682
229.942,549.682
230.047,549.682
230.152,549.682
230.257,549.682
230.362,549.682
230.467,549.682
230.572,549.841
230.677,549.841
230.782,549.841
230.887,549.841
230.992,549.841
231.097,549.841
231.202,549.841
231.307,549.841
231.412,549.841
231.517,550.594
231.622,550.594
231.727,550.594
231.832,550.594
231.937,550.594
232.042,550.594
232.147,550.594
232.252,550.594
232.359,550.594
232.462,550.594
232.567,551.537
232.672,551.537
232.777,551.537
232.882,551.537
232.987,551.537
233.092,551.537
233.197,551.537
233.302,551.537
233.407,551.537
233.512,552.607
233.617,552.607
233.722,552.607
233.827,552.607
233.932,552.607
234.037,552.607
234.142,552.607
234.247,552.607
234.352,552.607
234.457,552.607
234.562,553.682
234.667,553.682
234.772,553.682
234.877,553.682
234.982,553.682
235.087,553.682
235.192,553.682
235.297,553.682
235.402,553.682
235.507,554.696
235.612,554.696
235.717,554.696
235.822,554.696
235.927,554.696
236.032,554.696
236.137,554.696
236.242,554.696
236.347,554.696
236.452,554.696
236.557,555.54
236.662,555.54
236.767,555.54
236.872,555.54
236.977,555.54
237.082,555.54
237.187,555.54
237.292,555.54
237.397,555.54
237.502,556.29
237.609,556.29
237.712,556.29
237.817,556.29
237.922,556.29
238.027,556.29
238.132,556.29
238.237,556.29
238.342,556.29
238.447,556.29
238.552,557.009
238.657,557.009
238.762,557.009
238.867,557.009
238.972,557.009
239.077,557.009
239.182,557.009
239.287,557.009
239.392,557.009
239.497,557.009
239.602,557.368
239.707,557.368
239.812,557.368
239.917,557.368
240.022,557.368
240.127,557.368
240.232,557.368
240.337,557.368
240.442,557.368
240.547,557.481
240.652,557.481
240.757,557.481
240.862,557.481
240.967,557.481
241.072,557.481
241.177,557.481
241.282,557.481
241.387,557.481
241.492,557.481
241.597,557.601
241.702,557.601
241.807,557.601
241.912,557.601
242.017,557.601
242.122,557.601
242.227,557.601
242.332,557.601
242.437,557.601
242.542,558.12
242.647,558.12
242.752,558.12
242.859,558.12
242.962,558.12
243.067,558.12
243.172,558.12
243.277,558.12
243.382,558.12
243.487,558.12
243.592,558.616
243.697,558.616
243.802,558.616
243.907,558.616
244.012,558.616
244.117,558.616
244.222,558.616
244.327,558.616
244.432,558.616
244.537,559.049
244.642,559.049
244.747,559.049
244.852,559.049
244.957,559.049
245.062,559.049
245.167,559.049
245.272,559.049
245.377,559.049
245.482,559.049
245.587,559.165
245.692,559.165
245.797,559.165
245.902,559.165
246.007,559.165
246.112,559.165
246.217,559.165
246.322,559.165
246.427,559.165
246.532,558.94
246.637,558.94
246.742,558.94
246.847,558.94
246.952,558.94
247.057,558.94
247.162,558.94
247.267,558.94
247.372,558.94
247.477,558.94
247.582,558.633
247.687,558.633
247.792,558.633
247.897,558.633
248.002,558.633
248.109,558.633
248.212,558.633
248.317,558.633
248.422,558.633
248.527,558.665
248.632,558.665
248.737,558.665
248.842,558.665
248.947,558.665
249.052,558.665
249.157,558.665
249.262,558.665
249.367,558.665
249.472,558.665
249.577,558.544
249.682,558.544
249.787,558.544
249.892,558.544
249.997,558.544
250.102,558.544
250.207,558.544
250.312,558.544
250.417,558.544
250.522,558.681
250.627,558.681
250.732,558.681
250.837,558.681
250.942,558.681
251.047,558.681
251.152,558.681
251.257,558.681
251.362,558.681
251.467,558.681
251.572,559.17
251.677,559.17
251.782,559.17
251.887,559.17
251.992,559.17
252.097,559.17
252.202,559.17
252.307,559.17
252.412,559.17
252.517,560.075
252.622,560.075
252.727,560.075
252.832,560.075
252.937,560.075
253.042,560.075
253.147,560.075
253.252,560.075
253.359,560.075
253.462,560.075
253.567,561.35
253.672,561.35
253.777,561.35
253.882,561.35
253.987,561.35
254.092,561.35
254.197,561.35
254.302,561.35
254.407,561.35
254.512,562.556
254.617,562.556
254.722,562.556
254.827,562.556
254.932,562.556
255.037,562.556
255.142,562.556
255.247,562.556
255.352,562.556
255.457,562.556
255.562,563.79
255.667,563.79
255.772,563.79
255.877,563.79
255.982,563.79
256.087,563.79
256.192,563.79
256.297,563.79
256.402,563.79
256.507,565.226
256.612,565.226
256.717,565.226
256.822,565.226
256.927,565.226
257.032,565.226
257.137,565.226
257.242,565.226
257.347,565.226
257.452,565.226
257.557,566.726
257.662,566.726
257.767,566.726
257.872,566.726
257.977,566.726
258.082,566.726
258.187,566.726
258.292,566.726
258.397,566.726
258.502,568.427
258.609,568.427
258.712,568.427
258.817,568.427
258.922,568.427
259.027,568.427
259.132,568.427
259.237,568.427
259.342,568.427
259.447,568.427
259.552,570.512
259.657,570.512
259.762,570.512
259.867,570.512
259.972,570.512
260.077,570.512
260.182,570.512
260.287,570.512
260.392,570.512
260.497,570.512
260.602,572.872
260.707,572.872
260.812,572.872
260.917,572.872
261.022,572.872
261.127,572.872
261.232,572.872
261.337,572.872
261.442,572.872
261.547,575.593
261.652,575.593
261.757,575.593
261.862,575.593
261.967,575.593
262.072,575.593
262.177,575.593
262.282,575.593
262.387,575.593
262.492,575.593
262.597,578.711
262.702,578.711
262.807,578.711
262.912,578.711
263.017,578.711
263.122,578.711
263.227,578.711
263.332,578.711
263.437,578.711
263.542,582.628
263.647,582.628
263.752,582.628
263.859,582.628
263.962,582.628
264.067,582.628
264.172,582.628
264.277,582.628
264.382,582.628
264.487,582.628
264.592,586.184
264.697,586.184
264.802,586.184
264.907,586.184
265.012,586.184
265.117,586.184
265.222,586.184
265.327,586.184
265.432,586.184
265.537,590.308
265.642,590.308
265.747,590.308
265.852,590.308
265.957,590.308
266.062,590.308
266.167,590.308
266.272,590.308
266.377,590.308
266.482,590.308
266.587,594.275
266.692,594.275
266.797,594.275
266.902,594.275
267.007,594.275
267.112,594.275
267.217,594.275
267.322,594.275
267.427,594.275
267.532,598.599
267.637,598.599
267.742,598.599
267.847,598.599
267.952,598.599
268.057,598.599
268.162,598.599
268.267,598.599
268.372,598.599
268.477,598.599
268.582,603.253
268.687,603.253
268.792,603.253
268.897,603.253
269.002,603.253
269.109,603.253
269.212,603.253
269.317,603.253
269.422,603.253
269.527,608.038
269.632,608.038
269.737,608.038
269.842,608.038
269.947,608.038
270.052,608.038
270.157,608.038
270.262,608.038
270.367,608.038
270.472,608.038
270.577,612.84
270.682,612.84
270.787,612.84
270.892,612.84
270.997,612.84
271.102,612.84
271.207,612.84
271.312,612.84
271.417,612.84
271.522,617.69
271.627,617.69
271.732,617.69
271.837,617.69
271.942,617.69
272.047,617.69
272.152,617.69
272.257,617.69
272.362,617.69
272.467,617.69
272.572,622.448
272.677,622.448
272.782,622.448
272.887,622.448
272.992,622.448
273.097,622.448
273.202,622.448
273.307,622.448
273.412,622.448
273.517,627.334
273.622,627.334
273.727,627.334
273.832,627.334
273.937,627.334
274.042,627.334
274.147,627.334
274.252,627.334
274.359,627.334
274.462,627.334
274.567,632.173
274.672,632.173
274.777,632.173
274.882,632.173
274.987,632.173
275.092,632.173
275.197,632.173
275.302,632.173
275.407,632.173
275.512,635.978
275.617,635.978
275.722,635.978
275.827,635.978
275.932,635.978
276.037,635.978
276.142,635.978
276.247,635.978
276.352,635.978
276.457,635.978
276.562,639.555
276.667,639.555
276.772,639.555
276.877,639.555
276.982,639.555
277.087,639.555
277.192,639.555
277.297,639.555
277.402,639.555
277.507,643.236
277.612,643.236
277.717,643.236
277.822,643.236
277.927,643.236
278.032,643.236
278.137,643.236
278.242,643.236
278.347,643.236
278.452,643.236
278.557,646.66
278.662,646.66
278.767,646.66
278.872,646.66
278.977,646.66
279.082,646.66
279.187,646.66
279.292,646.66
279.397,646.66
279.502,646.66
279.609,650.384
279.712,650.384
279.817,650.384
279.922,650.384
280.027,650.384
280.132,650.384
280.237,650.384
280.342,650.384
280.447,650.384
280.552,653.956
280.657,653.956
280.762,653.956
280.867,653.956
280.972,653.956
281.077,653.956
281.182,653.956
281.287,653.956
281.392,653.956
281.497,653.956
281.602,657.753
281.707,657.753
281.812,657.753
281.917,657.753
282.022,657.753
282.127,657.753
282.232,657.753
282.337,657.753
282.442,657.753
282.547,661.716
282.652,661.716
282.757,661.716
282.862,661.716
282.967,661.716
283.072,661.716
283.177,661.716
283.282,661.716
283.387,661.716
283.492,661.716
283.597,666.021
283.702,666.021
283.807,666.021
283.912,666.021
284.017,666.021
284.122,666.021
284.227,666.021
284.332,666.021
284.437,666.021
284.542,670.325
284.647,670.325
284.752,670.325
284.859,670.325
284.962,670.325
285.067,670.325
285.172,670.325
285.277,670.325
285.382,670.325
285.487,670.325
285.592,672.679
285.697,672.679
285.802,672.679
285.907,672.679
286.012,672.679
286.117,672.679
286.222,672.679
286.327,672.679
286.432,672.679
286.537,671.814
286.642,671.814
286.747,671.814
286.852,671.814
286.957,671.814
287.062,671.814
287.167,671.814
287.272,671.814
287.377,671.814
287.482,671.814
287.587,671.171
287.692,671.171
287.797,671.171
287.902,671.171
288.007,671.171
288.112,671.171
288.217,671.171
289.934,668.241
290.039,668.241
290.144,668.241
290.249,668.241
290.354,668.241
290.459,668.241
290.564,660.832
290.669,660.832
290.774,660.832
290.879,660.832
290.984,660.832
291.089,660.832
291.194,660.832
291.299,660.832
291.404,660.832
291.509,647.55
291.614,647.55
291.719,647.55
291.824,647.55
291.929,647.55
292.034,647.55
292.139,647.55
292.244,647.55
292.349,647.55
292.454,647.55
292.559,639.592
292.664,639.592
292.769,639.592
292.874,639.592
292.979,639.592
293.084,639.592
293.189,639.592
293.294,639.592
293.399,639.592
293.504,639.592
293.609,638.751
293.714,638.751
293.819,638.751
293.924,638.751
294.029,638.751
294.134,638.751
294.239,638.751
294.344,638.751
294.449,638.751
294.554,643.018
294.659,643.018
294.764,643.018
294.869,643.018
294.974,643.018
295.079,643.018
295.184,643.018
295.289,643.018
295.394,643.018
295.499,643.018
295.604,648.02
295.709,648.02
295.814,648.02
295.919,648.02
296.024,648.02
296.129,648.02
296.234,648.02
296.339,648.02
296.444,648.02
296.549,650.386
296.654,650.386
296.759,650.386
296.864,650.386
296.969,650.386
297.074,650.386
297.179,650.386
297.284,650.386
297.389,650.386
297.494,650.386
297.599,649.404
297.704,649.404
297.809,649.404
297.914,649.404
298.021,649.404
298.124,649.404
298.229,649.404
298.334,649.404
298.439,649.404
298.544,644.215
298.649,644.215
298.754,644.215
298.859,644.215
298.964,644.215
299.069,644.215
299.174,644.215
299.279,644.215
299.384,644.215
299.489,644.215
299.594,636.396
299.699,636.396
299.804,636.396
299.909,636.396
300.014,636.396
300.119,636.396
300.224,636.396
300.329,636.396
300.434,636.396
300.539,628.719
300.644,628.719
300.749,628.719
300.854,628.719
300.959,628.719
301.064,628.719
301.169,628.719
301.274,628.719
301.379,628.719
301.484,628.719
301.589,621.973
301.694,621.973
301.799,621.973
301.904,621.973
302.009,621.973
302.114,621.973
302.219,621.973
302.324,621.973
302.429,621.973
302.534,615.492
302.639,615.492
302.744,615.492
302.849,615.492
302.954,615.492
303.059,615.492
303.164,615.492
303.269,615.492
303.374,615.492
303.479,615.492
303.584,607.334
303.689,607.334
303.794,607.334
303.899,607.334
304.004,607.334
304.109,607.334
304.214,607.334
304.319,607.334
304.424,607.334
304.529,596.392
304.634,596.392
304.739,596.392
304.844,596.392
304.949,596.392
305.054,596.392
305.159,596.392
305.264,596.392
305.369,596.392
305.474,596.392
305.579,585.014
305.684,585.014
305.789,585.014
305.894,585.014
305.999,585.014
306.104,585.014
306.209,585.014
306.314,585.014
306.419,585.014
306.524,571.791
306.629,571.791
306.734,571.791
306.839,571.791
306.944,571.791
307.049,571.791
307.154,571.791
