#time, gyroY[]
27.9011,0.0255663
28.0061,0.0394148
28.1111,0.0383495
28.2161,0.0383495
28.3211,0.0340885
28.4261,0.0671117
28.5311,0.0649811
28.6361,0.0585895
28.7411,0.0298274
28.8461,0.0245011
28.9511,0.04048
29.0561,0.0798948
29.1611,0.04048
29.2661,0.0372843
29.3711,0.0458064
29.4761,0.0266316
29.5811,0.0458064
29.6861,0.0372843
29.7911,0.0149137
29.8961,0.0447411
30.0011,0.0532632
30.1061,0.0617853
30.2111,0.0415453
30.3161,0.072438
30.4211,0.123571
30.5261,0.0468716
30.6311,0.0245011
30.7361,0.00958738
30.8411,0.0245011
30.9461,0.0447411
31.0511,0.0234358
31.1561,0.015979
31.2611,0.0287621
31.3661,0.0340885
31.4711,0.04048
31.5761,0.0426106
31.6811,0.0426106
31.7861,0.11931
31.8911,0.0415453
31.9961,0.0458064
32.1011,0.0415453
32.2061,0.00958738
32.3111,0.00745685
32.4161,0.0500674
32.5211,0.0553938
32.6261,0.0553938
32.7311,0.04048
32.8361,0.0351537
32.9411,0.0468716
33.0461,0.0575243
33.1511,0.0500674
33.2561,0.0426106
33.3611,0.0436758
33.4661,0.0426106
33.5711,0.0458064
33.6761,0.0383495
33.7811,0.0543285
33.8861,0.0351537
33.9911,0.0490022
34.0961,0.0490022
34.2011,0.0276969
34.3061,0.0607201
34.4111,0.0511327
34.5161,0.0458064
34.6211,0.0500674
34.7261,0.0415453
34.8311,0.0436758
34.9361,0.0383495
35.0411,0.0490022
35.1461,0.0117179
35.2511,0.0117179
35.3561,0.0468716
35.4611,0.0490022
35.5661,0.0617853
35.6711,0.0372843
35.7761,0.0351537
35.8811,0.0255663
35.9861,0.036219
36.0911,0.0703075
36.1961,0.0617853
36.3011,0.0447411
36.4061,0.052198
36.5111,0.0628506
36.6161,0.0394148
36.7211,0.00319579
36.8261,-0.0117179
36.9311,0.00745685
37.0361,0.0468716
37.1411,0.0852212
37.2461,0.115049
37.3511,0.04048
37.4561,0.0340885
37.5611,0.0340885
37.6661,0.036219
37.7711,0.0426106
37.8761,0.0340885
37.9811,0.0340885
38.0861,0.0607201
38.1911,0.0319579
38.2961,0.04048
38.4011,0.0500674
38.5061,0.0607201
38.6111,0.036219
38.7161,0.0841559
38.8211,0.052198
38.9261,0.036219
39.0311,0.0276969
39.1361,0.0287621
39.2411,0.0394148
39.3461,0.0639159
39.4511,0.0490022
39.5561,0.0490022
39.6611,0.0532632
39.7871,0.0692422
39.8921,0.0617853
39.9971,0.0543285
40.1021,0.0436758
40.2071,0.0532632
40.3121,0.0415453
40.4171,0.0394148
40.5221,-0.0735032
40.6271,-0.0500674
40.7321,0.052198
40.8371,0.0287621
40.9421,0.0340885
41.0471,0.0468716
41.1521,0.0617853
41.2571,0.0351537
41.3621,0.0703075
41.4671,0.0681769
41.5721,0.0298274
41.6771,0.0436758
41.7821,0.0330232
41.8871,0.00745685
41.9921,0.0745685
42.0971,0.0426106
42.2021,0.0532632
42.3071,0.0106526
42.4121,0.00426106
42.5171,0.0149137
42.6221,0.0479369
42.7271,0.0287621
42.8321,0.056459
42.9371,0.0447411
43.0421,0.052198
43.1471,0.0266316
43.2521,0.0138484
43.3571,0.0298274
43.4621,0.0276969
43.5671,0.0671117
43.6721,0.0191748
43.7771,0.0479369
43.8821,0.0426106
43.9871,0.0617853
44.0921,0.00213053
44.1971,0.0500674
44.3021,0.0298274
44.4071,0.0468716
44.5121,0.0639159
44.6171,0.0394148
44.7221,0.0500674
44.8271,0.0138484
44.9321,0.0436758
45.0371,0.04048
45.1421,0.0713727
45.2471,-0.02024
45.3521,0.00852212
45.4571,0.0543285
45.5621,0.0671117
45.6671,0.0628506
45.7721,0.0841559
45.8771,0.0490022
45.9821,0.0543285
46.0871,0.0426106
46.1921,0.0553938
46.2971,0.0351537
46.4021,0.0553938
46.5071,0.0426106
46.6121,0.0617853
46.7171,0.0894822
46.8221,0.052198
46.9271,0.0639159
47.0321,0.0127832
47.1371,0.107592
47.2421,0.00213053
47.3471,0.0308927
47.4521,0.0713727
47.5571,0.0458064
47.6621,0.00958738
47.7671,0.0692422
47.8721,0.0394148
47.9771,0.04048
48.0821,0.0276969
48.1871,-0.0266316
48.2921,0.0660464
48.3971,0.0607201
48.5021,0.04048
48.6071,0.04048
48.7121,0.0447411
48.8171,0.036219
48.9221,0.0671117
49.0271,0.0553938
49.1321,0.0543285
49.2371,0.0543285
49.3421,0.0426106
49.4471,0.00639159
49.5521,0.0479369
49.6571,0.0138484
49.7621,0.0511327
49.8671,0.0255663
49.9721,0.056459
50.0771,0.0788296
50.1821,0.0788296
50.2871,0.0607201
50.3921,0.0181095
50.4971,0.0553938
50.6021,-0.0106526
50.7071,0.0415453
50.8121,0.0532632
50.9171,0.0351537
51.0221,0.0266316
51.1271,0.00319579
51.2321,0.0745685
51.3371,-0.00106526
51.4421,0.00426106
51.5471,0.0553938
51.6521,0.0319579
51.7571,0.0756338
51.8621,0.056459
51.9671,0.118244
52.0721,0.072438
52.1771,0.0181095
52.2821,0.00852212
52.3871,0.0735032
52.4921,0.0436758
52.5971,-0.00319579
52.7021,0.0447411
52.8071,0.0383495
52.9121,0.092678
53.0171,0.113983
53.1221,0.0138484
53.2271,0.0245011
53.3321,0.0511327
53.4371,0.0703075
53.5421,0.0372843
53.6471,0.0490022
53.7521,0.0681769
53.8571,0.0308927
53.9621,0.387756
54.0671,0.30147
54.1721,0.34408
54.2771,0.385626
54.3821,-0.056459
54.4871,0.00532632
54.5921,-0.0234358
54.6971,0.0905475
54.8021,-0.0862864
54.9071,0.0372843
55.0121,-0.0287621
55.1171,0.0266316
55.2221,0.226901
55.3271,0.126766
55.4321,-0.0596548
55.5371,0.0223706
55.6421,0.0660464
55.7471,0.00745685
55.8521,0.0170442
55.9571,0.0468716
56.0621,0.0213053
56.1671,0.0213053
56.2721,0.0617853
56.3771,0.0511327
56.4821,0.0394148
56.5871,0.0532632
56.6921,0.0340885
56.7971,0.0106526
56.9021,0.0255663
57.0071,0.00745685
57.1121,-0.0703075
57.2171,-0.13955
57.3221,-0.118244
57.4271,-0.0649811
57.5321,0.0287621
57.6371,0.0351537
57.7421,0.076699
57.8471,0.0170442
57.9521,0.0138484
58.0571,-0.0308927
58.1621,0.0745685
58.2671,0.0692422
58.3721,0.0191748
58.4771,0.0980043
58.5821,0.0703075
58.6871,0.103331
58.7921,0.0607201
58.8971,0.0660464
59.0021,0.0628506
59.1071,0.0617853
59.2121,0.0628506
59.3171,0.106526
59.4221,0.117179
59.5271,0.0777643
59.6321,0.0468716
59.7371,0.0980043
59.8421,0.203466
59.9471,-0.0394148
60.0521,0.117179
60.1571,0.0777643
60.2621,-0.0106526
60.3671,0.0117179
60.4721,0.0213053
60.5771,0.0436758
60.6821,0.0426106
60.7871,0.0266316
60.8921,0.0852212
60.9971,0.0181095
61.1021,0.04048
61.2071,0.0468716
61.3121,0.0394148
61.4171,0.0436758
61.5221,0.0436758
61.6271,0.0436758
61.7321,0.0500674
61.8371,0.0458064
61.9421,0.0585895
62.0471,0.0330232
62.1521,0.0490022
62.2571,0.252468
62.3621,0.0681769
62.4671,0.0500674
62.5721,0.0649811
62.6771,0.0596548
62.7821,0.0490022
62.8871,0.0415453
62.9921,0.0468716
63.0971,0.0394148
63.2021,0.04048
63.3071,0.036219
63.4121,0.0468716
63.5171,0.0490022
63.6221,0.0511327
63.7271,0.0340885
63.8321,0.0788296
63.9371,0.0575243
64.0421,0.0511327
64.1471,0.0468716
64.2521,0.0340885
64.3571,0.0500674
64.4621,0.0394148
64.5671,0.0543285
64.6721,0.0436758
64.7771,0.0756338
64.8821,0.0553938
64.9871,0.0170442
65.0921,0.0287621
65.1971,0.0340885
65.3021,0.0234358
65.4071,0.0234358
65.5121,0.0213053
65.6171,0.0191748
65.7221,0.0830906
65.8271,0.0596548
65.9321,0.0511327
66.0371,0.0191748
66.1421,0.036219
66.2471,0.0351537
66.3521,0.0585895
66.4572,0.0458064
66.5621,0.0223706
66.6671,0.0585895
66.7721,0.0905475
66.8771,0.0777643
66.9821,0.036219
67.0871,0.0553938
67.1921,-0.2024
67.2971,0.052198
67.4021,0.0234358
67.5071,0.0372843
67.6121,-0.00319579
67.7171,-0.0383495
67.8221,0.0617853
67.9271,0.0213053
68.0321,0.125701
68.1371,0.217314
68.2421,0.219444
68.3471,0.193878
68.4521,0.221575
68.5571,0.465521
68.6621,0.0543285
68.7671,0.0660464
68.8721,0.0585895
68.9771,0.0223706
69.0821,0.0703075
69.1871,0.115049
69.2921,-0.00958738
69.3971,-0.0308927
69.5021,0.0980043
69.6071,0.0468716
69.7121,-0
69.8171,0.0447411
69.9221,0.0713727
70.0271,0.247141
70.1321,-0.168312
70.2371,0.0255663
70.3421,-0.0298274
70.4471,-0.143811
70.5521,0.0830906
70.6571,-0.00852212
70.7621,0.0649811
70.8671,0.0330232
70.9721,-0.128897
71.0771,-0.0575243
71.1821,0.0735032
71.2871,0.056459
71.3921,0.00745685
71.4971,0.0394148
71.6021,-0.056459
71.7071,-0.0138484
71.8121,0.164051
71.9171,0.172573
72.0221,0.0170442
72.1271,0.0735032
72.2321,0.0213053
72.3371,-0.0298274
72.4421,-0.0852212
72.5471,-0.215183
72.6521,0.22051
72.7571,0.183225
72.8621,0.248207
72.9671,-0.442085
73.0721,0.251402
73.1771,0.632767
73.2821,0.291882
73.3871,-0.547546
73.4921,-0.435693
73.5971,0.661529
73.7021,0.0394148
73.8071,0.28336
73.9121,0.608266
74.0171,0.129962
74.1221,0.0969391
74.2271,0.132093
74.3321,0.135289
74.4371,0.0905475
74.5421,0.0170442
74.6471,-0.0458064
74.7521,-0.115049
74.8571,0.0468716
74.9621,0.123571
75.0671,0.0298274
75.1721,0.0916127
75.2771,-0.0106526
75.3821,-0.0426106
75.4871,-0.0894822
75.5921,-0.0266316
75.6971,-0.00852212
75.8021,0.14168
75.9071,0.257794
76.0121,-0.213053
76.1171,-0.0319579
76.2221,0.00745685
76.3271,0.0916127
76.4321,0.0958738
76.5371,0.0287621
76.6421,-0.052198
76.7471,0.052198
76.8521,0.14168
76.9571,-0.0916127
77.0621,0.0681769
77.1671,0.185356
77.2721,0.134223
77.3771,0.0841559
77.4821,0.251402
77.5871,0.0958738
77.6921,0.0138484
77.7971,0.00745685
77.9021,0.262055
78.0071,0.132093
78.1121,0.123571
78.2171,-0.122505
78.3221,-0.469782
78.4271,0.109722
78.5321,-0.298274
78.6371,0.355798
78.7421,0.0308927
78.8471,0.172573
78.9521,0.247141
79.0571,-0.00639159
79.1621,0.120375
79.2671,0.116114
79.3721,0.246076
79.4771,-0.634898
79.5821,0.0106526
79.6871,0.092678
79.7921,-0.0149137
79.8971,-0.0330232
80.0021,0.28336
80.1071,-0.0181095
80.2121,0.110788
80.3171,0.0181095
80.4221,-0.092678
80.5271,0.0436758
80.6321,0.0713727
80.7371,0.00532632
80.8421,0.0894822
80.9471,0.117179
81.0521,0.0287621
81.1571,0.162985
81.2621,-0.0852212
81.3671,0.103331
81.4721,-0.0511327
81.5771,0.327036
81.6821,0.138484
81.7871,0.0617853
81.8921,0.320645
81.9971,-0.0234358
82.1021,-0.0191748
82.2071,0.0798948
82.3121,0.0692422
82.4171,-0.124636
82.5221,-0.0660464
82.6271,-0.0543285
82.7321,0.0394148
82.8371,0.104396
82.9421,-0
83.0471,-0.0213053
83.1521,-0.0809601
83.2571,-0.00426106
83.3621,0.0713727
83.4671,0.076699
83.5721,0.0830906
83.6771,0.0372843
83.7821,0.173638
83.8871,0.0223706
83.9921,0.0756338
84.0971,0.0692422
84.2021,0.0543285
84.3071,0.0660464
84.4121,0.0223706
84.5171,0.0117179
84.6221,0.0884169
84.7271,0.106526
84.8321,0.126766
84.9371,-0.254598
85.0421,-0.137419
85.1471,0.0255663
85.2521,0.0873517
85.3571,0.0468716
85.4621,0.0468716
85.5671,0.0127832
85.6721,-0.311057
85.7771,-0.174703
85.8821,0.371777
85.9871,0.120375
86.0921,0.173638
86.1971,-0.22264
86.3021,0.50174
86.4071,-0.0873517
86.5121,0.0575243
86.6171,0.0479369
86.7221,0.2024
86.8271,-0.00532632
86.9321,0.0106526
87.0371,0.0351537
87.1421,-0.0649811
87.2471,0.0756338
87.3521,-0.186421
87.4571,0.0490022
87.5621,-0.405866
87.6671,-0.0383495
87.7721,0.0287621
87.8771,0.0308927
87.9821,0.036219
88.0871,0.0383495
88.1921,0.0394148
88.2971,0.0394148
88.4021,0.0394148
88.5071,0.0383495
88.6121,0.04048
88.7171,0.04048
88.8221,0.0415453
88.9271,0.0415453
89.0321,0.04048
89.1371,0.0415453
89.2421,0.0436758
89.3471,0.0394148
89.4521,0.0415453
89.5571,0.0415453
89.6621,0.0426106
89.7671,0.0426106
89.8721,0.0426106
89.9771,0.0426106
90.0821,0.0426106
90.1871,0.0426106
90.2921,0.0415453
90.3971,0.0415453
90.5021,0.0426106
90.6071,0.0426106
90.7121,0.0426106
90.8171,0.0426106
90.9221,0.0426106
91.0271,0.0426106
91.1321,0.0415453
91.2371,0.0415453
91.3421,0.0415453
91.4471,0.0426106
91.5521,0.0415453
91.6571,0.0426106
91.7621,0.0426106
91.8671,0.0415453
91.9721,0.0426106
92.0771,0.0426106
92.1821,0.0426106
92.2871,0.0426106
92.3921,0.0436758
92.4971,0.0426106
92.6021,0.04048
92.7071,0.0426106
92.8121,0.0436758
92.9171,0.0436758
93.0221,0.0447411
93.1271,0.0426106
93.2321,0.0426106
93.3371,0.0426106
93.4421,0.0415453
93.5471,0.0426106
93.6521,0.0436758
93.7571,0.0436758
93.8621,0.0426106
93.9671,0.0436758
94.0721,0.0436758
94.1771,0.0436758
94.2821,0.0436758
94.3871,0.0426106
94.4921,0.0426106
94.5971,0.0426106
94.7021,0.0426106
94.8071,0.0426106
94.9121,0.0436758
95.0171,0.0436758
95.1221,0.0436758
95.2271,0.0436758
95.3321,0.0426106
95.4371,-0.648746
95.5421,0.0308927
95.6471,-0.143811
95.7521,-0.105461
95.8571,-0.0149137
95.9621,0.0873517
96.0671,0.295078
96.1721,0.109722
96.2771,-0.0894822
96.3821,0.0106526
96.4871,-0
96.5921,0.0575243
96.6971,0.116114
96.8021,-0.0117179
96.9071,0.0191748
97.0121,0.04048
97.1171,0.401605
97.2221,-0.0553938
97.3271,0.0213053
97.4321,-0.00426106
97.5371,0.0447411
97.6421,0.745685
97.7471,0.90441
97.8521,0.903344
97.9571,0.616788
98.0621,0.235423
98.1671,0.225836
98.2721,0.171508
98.3771,0.24288
98.4821,0.157659
98.5871,0.0458064
98.6921,0.112918
98.7971,0.0298274
98.9021,-0.0117179
99.0071,0.152333
99.1121,-0.107592
99.2171,0.0660464
99.3221,0.1012
99.4271,-0.0990696
99.5321,-0.0543285
99.6371,0.410127
99.7421,0.206661
99.8471,-0.0596548
99.9521,-0.191748
100.057,0.0181095
100.162,0.0692422
100.267,0.00852212
100.372,-0.0138484
100.477,0.122505
100.582,-0.0255663
100.687,-0.0191748
100.792,0.00532632
100.897,0.0266316
101.002,0.0575243
101.107,-0.00852212
101.212,0.0138484
101.317,0.0458064
101.422,0.0351537
101.527,0.0436758
101.632,0.0138484
101.737,0.0298274
101.842,0.0543285
101.947,0.0617853
102.052,0.0980043
102.157,0.0468716
102.262,0.0181095
102.367,0.0223706
102.472,-0.0500674
102.577,0.0937433
102.682,0.0553938
102.787,0.246076
102.892,0.015979
102.997,0.0308927
103.102,0.04048
103.207,-0.0383495
103.312,-0.015979
103.417,0.0127832
103.522,0.0138484
103.627,0.233293
103.732,-0.0340885
103.837,0.140615
103.942,0.104396
104.047,0.109722
104.152,0.0884169
104.257,-0.0149137
104.362,0.0553938
104.467,0.0543285
104.572,0.052198
104.677,0.076699
104.782,-0.0255663
104.887,0.117179
104.992,0.015979
105.097,0.0255663
105.202,-0.0617853
105.307,0.00639159
105.412,-0.0127832
105.517,-0.0873517
105.622,-0.0948085
105.727,-0.00106526
105.832,0.0841559
105.937,0.132093
106.042,0.268447
106.147,0.0884169
106.252,-0.102265
106.357,-0.172573
106.462,-0.00213053
106.567,0.0596548
106.672,-0.0245011
106.777,-0.103331
106.882,-0.0671117
106.987,-0.0223706
107.092,0.172573
107.197,-0.150202
107.302,0.00532632
107.407,-0.0394148
107.512,0.152333
107.617,0.175769
107.722,0.00639159
107.827,0.230097
107.932,0.0490022
108.037,0.0127832
108.142,-0
108.247,0.0532632
108.352,-0.00532632
108.457,0.0862864
108.562,0.0276969
108.667,-0.0213053
108.772,0.181095
108.877,-0.0426106
108.982,-0.0383495
109.087,0.154463
109.192,-0.0458064
109.297,0.0585895
109.402,0.0628506
109.507,0.110788
109.612,0.0809601
109.717,-0.0617853
109.822,0.158724
109.927,0.0617853
110.032,0.00426106
110.137,0.0639159
110.242,-0.0181095
110.347,0.14168
110.452,-0
110.557,0.280165
110.662,-0.0426106
110.767,-0.307861
110.872,-0.0681769
110.977,-0.0596548
111.082,0.0479369
111.187,0.0426106
111.292,0.036219
111.397,0.015979
111.502,0.107592
111.607,0.02024
111.712,-0.0127832
111.817,-0.13955
111.922,0.172573
112.027,0.246076
112.132,0.0436758
112.237,0.198139
112.342,-0.0649811
112.447,0.165116
112.552,0.0170442
112.657,0.00745685
112.762,-0.0575243
112.867,0.109722
112.972,-0.0948085
113.077,0.0607201
113.182,-0.233293
113.287,-0.135289
113.392,-0.226901
113.497,-0.0223706
113.602,-0.224771
113.707,-0.666856
113.812,0.0255663
113.917,-0.015979
114.022,0.0436758
114.127,0.0351537
114.232,0.04048
114.337,0.0415453
114.442,0.0426106
114.547,0.0394148
114.652,0.0415453
114.757,-0.02024
114.862,0.0873517
114.967,-0.13955
115.072,-0.0852212
115.177,0.0234358
115.282,0.142745
115.387,0.00319579
115.492,0.0181095
115.597,0.452737
115.702,0.306796
115.807,0.0894822
115.912,0.149137
116.017,-0.00639159
116.122,0.04048
116.227,-0.0937433
116.332,0.113983
116.437,0.0735032
116.542,0.0340885
116.647,-0.00319579
116.752,0.0426106
116.857,0.0330232
116.962,0.0585895
117.067,0.0106526
117.172,0.00213053
117.277,0.00106526
117.382,0.0223706
117.487,0.0468716
117.592,0.0415453
117.697,0.0415453
117.802,0.04048
117.907,0.0415453
118.012,0.0415453
118.117,0.0415453
118.222,0.0426106
118.327,0.0415453
118.432,0.0415453
118.537,0.0426106
118.642,0.0426106
118.747,0.0426106
118.852,0.0426106
118.957,0.0436758
119.062,0.0436758
119.167,0.0426106
119.272,0.0436758
119.377,0.0426106
119.482,0.0436758
119.587,0.0426106
119.692,0.0426106
119.797,0.0426106
119.902,0.0426106
120.007,0.0426106
120.112,0.0426106
120.217,0.0426106
120.322,0.0447411
120.427,0.0436758
120.532,0.0426106
120.637,0.0426106
120.742,0.0351537
120.847,0.0213053
120.952,0.0415453
121.057,0.0500674
121.162,0.0276969
121.267,0.0266316
121.372,0.0117179
121.477,0.0532632
121.582,0.0255663
121.687,0.02024
121.792,-0.0596548
121.897,0.0138484
122.002,0.144876
122.107,0.0543285
122.212,0.0287621
122.317,0.00639159
122.422,-0.0255663
122.527,0.0937433
122.632,0.0500674
122.737,0.036219
122.842,0.092678
122.947,0.0149137
123.052,0.0916127
123.157,0.00639159
123.262,0.0106526
123.367,0.0351537
123.472,0.0479369
123.577,-0.00639159
123.682,-0.00852212
123.787,0.0809601
123.892,0.00745685
123.997,0.0415453
124.102,0.0617853
124.207,0.0340885
124.312,0.036219
124.417,0.0447411
124.522,0.00213053
124.627,-0.015979
124.732,0.0426106
124.837,0.941694
124.942,0.829841
125.047,0.286556
125.152,0.485761
125.257,-0.193878
125.362,0.305731
125.467,-0.246076
125.572,-0.145941
125.677,-0.142745
125.782,-0.107592
125.887,0.137419
125.992,-0.0255663
126.097,0.345146
126.202,0.0138484
126.307,0.0553938
126.412,0.187487
126.517,-0.475108
126.622,-0.492152
126.727,0.236489
126.832,0.0884169
126.937,0.28336
127.042,-0.32384
127.147,-0.105461
127.252,-0.0255663
127.357,0.231162
127.462,-0.107592
127.567,-0.169377
127.672,0.397344
127.777,0.0937433
127.882,0.269512
127.987,-0.576308
128.092,0.0596548
128.197,0.36432
128.302,0.302535
128.407,-0.451672
128.512,0.208792
128.617,0.507066
128.722,0.0447411
128.827,-0.167247
128.932,0.280165
129.037,-0.188552
129.142,-0.02024
129.247,0.318514
129.352,0.131028
129.457,-0.0958738
129.562,-0.00106526
129.667,-0.372843
129.772,0.0703075
129.877,-0.0149137
129.982,0.0447411
130.087,0.0436758
130.192,0.04048
130.297,0.0426106
130.402,0.0426106
130.507,0.0426106
130.612,0.0415453
130.717,0.0426106
130.822,0.0426106
130.927,0.0415453
131.032,0.0426106
131.137,0.0436758
131.242,0.0436758
131.347,0.0447411
131.452,0.0426106
131.557,0.0426106
131.662,0.0426106
131.767,0.0436758
131.872,0.0426106
131.977,0.0436758
132.082,0.0436758
132.187,0.0426106
132.292,0.0426106
132.397,0.0436758
132.502,0.0436758
132.607,0.0436758
132.712,0.0426106
132.817,0.0436758
132.922,0.0436758
133.027,0.0436758
133.132,0.0436758
133.237,0.0436758
133.342,0.0426106
133.447,0.0436758
133.552,0.0436758
133.657,0.0436758
133.762,0.0436758
133.867,0.0436758
133.972,0.0436758
134.077,0.0436758
134.182,0.0447411
134.287,0.0426106
134.392,0.0436758
134.497,0.0436758
134.602,0.0426106
134.707,0.04048
134.812,0.0426106
134.917,0.0436758
135.022,0.0436758
135.127,0.0436758
135.232,0.0426106
135.337,0.0426106
135.442,0.0436758
135.547,0.0436758
135.652,0.0426106
135.757,0.0436758
135.862,0.0436758
135.967,0.0436758
136.072,0.0436758
136.177,0.0436758
136.282,0.0436758
136.387,0.0436758
136.492,0.0436758
136.597,0.0436758
136.702,0.0436758
136.807,0.0436758
136.912,0.0436758
137.017,0.0436758
137.122,0.0426106
137.227,0.0426106
137.332,0.0436758
137.437,0.0436758
137.542,0.0436758
137.647,0.0436758
137.752,0.0447411
137.857,0.0426106
137.962,0.0436758
138.067,0.0436758
138.172,0.0436758
138.277,0.0426106
138.382,0.0436758
138.487,0.0436758
138.592,0.0436758
138.697,0.0436758
138.802,0.0436758
138.907,0.0436758
139.012,0.0436758
139.117,0.0436758
139.222,0.0436758
139.327,0.0436758
139.432,0.0426106
139.537,0.0426106
139.642,0.0426106
139.747,0.0436758
139.852,0.0447411
139.957,0.0436758
140.062,0.0426106
140.167,0.0426106
140.272,0.0436758
140.377,0.0436758
140.482,0.0436758
140.587,0.0436758
140.692,0.0436758
140.797,0.0436758
140.902,0.0436758
141.007,0.0436758
141.112,0.0436758
141.217,0.0447411
141.322,0.0447411
141.427,0.0426106
141.532,0.0447411
141.637,0.0447411
141.742,0.0436758
141.847,0.0447411
141.952,0.0436758
142.057,0.0426106
142.162,0.0436758
142.267,0.0447411
142.372,0.0436758
142.477,0.0436758
142.582,0.0426106
142.687,0.0447411
142.792,0.0436758
142.897,0.0436758
143.002,0.0426106
143.107,0.0436758
143.212,0.0436758
143.317,0.0436758
143.422,0.0426106
143.527,0.0436758
143.632,0.0426106
143.737,0.0436758
143.842,0.0436758
143.947,0.0426106
144.052,0.0436758
144.157,0.0426106
144.262,0.0436758
144.367,0.0436758
144.472,0.0436758
144.577,0.0436758
144.682,0.0426106
144.787,0.0436758
144.892,0.0426106
144.997,0.0436758
145.102,0.0436758
145.207,0.0436758
145.312,0.0447411
145.417,0.0436758
145.522,0.0436758
145.627,0.0426106
145.732,0.0426106
145.837,0.0426106
145.942,0.0436758
146.047,0.0436758
146.152,0.0436758
146.257,0.0436758
146.362,0.0436758
146.467,0.0436758
146.572,0.0447411
146.677,0.0436758
146.782,0.0436758
146.887,0.0436758
146.992,0.0436758
147.097,0.0426106
147.202,0.0426106
147.307,0.0436758
147.412,0.0436758
147.517,0.0436758
147.622,0.0436758
147.727,0.0436758
147.832,0.0436758
147.937,0.0436758
148.042,0.0436758
148.147,0.0426106
148.252,0.0436758
148.357,0.0447411
148.462,0.0436758
148.567,0.0426106
148.672,0.0426106
148.777,0.0436758
148.882,0.0436758
148.987,0.0426106
149.092,0.0436758
149.197,0.0426106
149.302,0.0436758
149.407,0.0436758
149.512,0.0436758
149.617,0.0436758
149.722,0.0436758
149.827,0.0436758
149.932,0.0436758
150.037,0.0436758
150.142,0.0436758
150.247,0.0436758
150.352,0.0426106
150.457,0.0447411
150.562,0.0436758
150.667,0.0436758
150.772,0.0447411
150.877,0.0436758
150.982,0.0436758
151.087,0.0436758
151.192,0.0426106
151.297,0.0436758
151.402,0.0447411
151.507,0.0436758
151.612,0.0436758
151.717,0.0447411
151.822,0.0436758
151.927,0.0436758
152.032,0.0447411
152.137,0.0436758
152.242,0.0426106
152.347,0.0436758
152.452,0.0426106
152.557,0.0436758
152.662,0.0436758
152.767,0.0447411
152.872,0.0447411
152.977,0.0436758
153.082,0.0436758
153.187,0.0436758
153.292,0.0436758
153.397,0.0447411
153.502,0.0436758
153.607,0.0447411
153.712,0.0447411
153.817,0.0436758
153.922,0.0436758
154.027,0.0436758
154.132,0.0436758
154.237,0.0436758
154.342,0.0436758
154.447,0.0436758
154.552,0.0436758
154.657,0.0436758
154.762,0.0436758
154.867,0.0426106
154.972,0.0436758
155.077,0.0436758
155.182,0.0447411
155.287,0.0436758
155.392,0.0436758
155.497,0.0436758
155.602,0.0436758
155.707,0.0447411
155.812,0.0426106
155.917,0.0436758
156.022,0.0447411
156.127,0.0436758
156.232,0.0436758
156.337,0.0436758
156.442,0.0436758
156.547,0.0436758
156.652,0.0426106
156.757,0.0447411
156.862,0.0436758
156.967,0.0436758
157.072,0.0436758
157.177,0.0436758
157.282,0.0436758
157.387,0.0436758
157.492,0.0436758
157.597,0.0426106
157.702,0.0436758
157.807,0.0436758
157.912,0.0436758
158.017,0.0436758
158.122,0.0436758
158.227,0.0447411
158.332,0.0436758
158.437,0.0447411
158.542,0.0436758
158.647,0.0447411
158.752,0.0426106
158.857,0.0436758
158.962,0.0436758
159.067,0.0436758
159.172,0.0436758
159.277,0.0436758
159.382,0.0436758
159.487,0.0426106
159.592,0.0436758
159.697,0.0436758
159.802,0.0426106
159.907,0.0436758
160.012,0.0436758
160.117,0.0436758
160.222,0.0436758
160.327,0.0436758
160.432,0.0447411
160.537,0.0436758
160.642,0.0436758
160.747,0.0436758
160.852,0.0436758
160.957,0.0447411
161.062,0.0436758
161.167,0.0436758
161.272,0.0436758
161.377,0.0436758
161.482,0.0436758
161.587,0.0436758
161.692,0.0447411
161.797,0.0436758
161.902,0.0436758
162.007,0.0436758
162.112,0.0436758
162.217,0.0436758
162.322,0.0436758
162.427,0.0436758
162.532,0.0447411
162.637,0.0436758
162.742,0.0436758
162.847,0.0447411
162.952,0.0436758
163.057,0.0436758
163.162,0.0436758
163.267,0.0436758
163.372,0.0436758
163.477,0.0436758
163.582,0.0436758
163.687,0.0436758
163.792,0.0436758
163.897,0.0447411
164.002,0.0436758
164.107,0.0436758
164.212,0.0436758
164.317,0.0447411
164.422,0.0436758
164.527,0.0436758
164.632,0.0447411
164.737,0.0447411
164.842,0.0436758
164.947,0.0436758
165.052,0.0436758
165.157,0.0447411
165.262,0.0436758
165.367,0.0436758
165.472,0.0436758
165.577,0.0436758
165.682,0.0436758
165.787,0.0447411
165.892,0.0447411
165.997,0.0436758
166.102,0.0436758
166.207,0.0436758
166.312,0.0426106
166.417,0.0447411
166.522,0.0436758
166.627,0.0436758
166.732,0.0436758
166.837,0.0447411
166.942,0.0436758
167.047,0.0436758
167.152,0.0436758
167.257,0.0447411
167.362,0.0447411
167.467,0.0436758
167.572,0.0436758
167.677,0.0436758
167.782,0.0436758
167.887,0.0436758
167.992,0.0436758
168.097,0.0436758
168.202,0.0436758
168.307,0.0447411
168.412,0.0436758
168.517,0.0447411
168.622,0.0447411
168.727,0.0436758
168.832,0.0447411
168.937,0.0436758
169.042,0.0447411
169.147,0.0436758
169.252,0.0436758
169.357,0.0436758
169.462,0.0426106
169.567,0.0436758
169.672,0.0436758
169.777,0.0447411
169.882,0.0436758
169.987,0.0436758
170.092,0.0436758
170.197,0.0447411
170.302,0.0447411
170.407,0.0436758
170.512,0.0436758
170.617,0.0436758
170.722,0.0447411
170.827,0.0436758
170.932,0.0447411
171.037,0.0436758
171.142,0.0436758
171.247,0.0436758
171.352,0.0436758
171.457,0.0436758
171.562,0.0436758
171.667,0.0436758
171.772,0.0436758
171.877,0.0447411
171.982,0.0436758
172.087,0.0426106
172.192,0.0436758
172.297,0.0436758
172.402,0.0436758
172.507,0.0426106
172.612,0.0436758
172.717,0.0426106
172.822,0.0447411
172.927,0.0447411
173.032,0.0436758
173.137,0.0447411
173.242,0.0447411
173.347,0.0436758
173.452,0.0436758
173.557,0.0436758
173.662,0.0426106
173.767,0.0436758
173.872,0.0436758
173.977,0.0436758
174.082,0.0436758
174.187,0.0436758
174.292,0.0436758
174.397,0.0436758
174.502,0.0436758
174.607,0.0436758
174.712,0.0436758
174.817,0.0436758
174.922,0.0436758
175.027,0.0436758
175.132,0.0436758
175.237,0.0436758
175.342,0.0436758
175.447,0.0436758
175.552,0.0447411
175.657,0.0436758
175.762,0.0447411
175.867,0.0436758
175.972,0.0426106
176.077,0.0447411
176.182,0.0426106
176.287,0.0436758
176.392,0.0447411
176.497,0.0436758
176.602,0.0436758
176.707,0.0447411
176.812,0.0436758
176.917,0.0447411
177.022,0.0436758
177.127,0.0447411
177.232,-1.26873
177.337,0.109722
177.442,0.357929
177.547,0.0628506
177.652,0.0532632
177.757,0.0490022
177.862,0.0447411
177.967,0.0436758
178.072,0.0436758
178.177,0.0436758
178.282,0.0436758
178.387,0.0447411
178.492,0.0447411
178.597,0.0447411
178.702,0.0436758
178.807,0.0447411
178.912,0.0426106
179.017,0.0436758
179.122,0.0447411
179.227,0.0436758
179.332,0.0447411
179.437,0.0436758
179.542,0.0436758
179.647,0.0436758
179.752,0.0436758
179.857,0.0436758
179.962,0.0458064
180.067,0.0436758
180.172,0.0436758
180.277,0.0436758
180.382,0.0436758
180.487,0.0447411
180.592,0.0436758
180.697,0.0436758
180.802,0.0436758
180.907,0.0436758
181.012,0.0436758
181.117,0.0436758
181.222,0.0436758
181.327,0.0447411
181.432,0.0436758
181.537,0.0436758
181.642,0.0436758
181.747,0.0436758
181.852,0.0436758
181.957,0.0436758
182.062,0.0447411
182.167,0.0436758
182.272,0.0447411
182.377,0.0436758
182.482,0.0436758
182.587,0.0436758
182.692,0.0447411
182.797,0.0436758
182.902,0.0426106
183.007,0.0436758
183.112,0.0436758
183.217,0.0447411
183.322,0.0447411
183.427,0.0447411
183.532,0.0447411
183.637,0.0426106
183.742,0.0436758
183.847,0.0436758
183.952,0.0447411
184.057,0.0436758
184.162,0.0436758
184.267,0.0426106
184.372,0.0436758
184.477,0.0436758
184.582,0.0436758
184.687,0.0436758
184.792,0.0436758
184.897,0.0447411
185.002,0.0436758
185.107,0.0436758
185.212,0.0436758
185.317,0.0436758
185.422,0.0447411
185.527,0.0436758
185.632,0.0436758
185.737,0.0447411
185.842,0.0436758
185.947,0.0436758
186.052,0.0436758
186.157,0.0436758
186.262,0.0436758
186.367,0.0436758
186.472,0.0426106
186.577,0.0436758
186.682,0.0447411
186.787,0.0436758
186.892,0.0436758
186.997,0.0447411
187.102,0.0436758
187.207,0.0447411
187.312,0.0447411
187.417,0.0436758
187.522,0.0436758
187.627,0.0436758
187.732,0.0426106
187.837,0.0426106
187.942,0.0436758
188.047,0.0436758
188.152,0.0436758
188.257,0.0436758
188.362,0.0436758
188.467,0.0436758
188.572,0.0447411
188.677,0.0436758
188.782,0.0436758
188.887,0.0426106
188.992,0.0426106
189.097,0.0436758
189.202,0.0447411
189.307,0.0426106
189.412,0.0436758
189.517,0.0436758
189.622,0.0447411
189.727,0.0436758
189.832,0.0436758
189.937,0.0447411
190.042,0.0436758
190.147,0.0447411
190.252,0.0436758
190.357,0.0436758
190.462,0.0436758
190.567,0.0436758
190.672,0.0436758
190.777,0.0426106
190.882,0.0436758
190.987,0.0436758
191.092,0.0447411
191.197,0.0447411
191.302,0.0436758
191.407,0.0436758
191.512,0.0436758
191.617,0.0447411
191.722,0.0436758
191.827,0.0447411
191.932,0.0447411
192.037,0.0447411
192.142,0.0436758
192.247,0.0436758
192.352,0.0436758
192.457,0.0436758
192.562,0.0447411
192.667,0.0436758
192.772,0.0447411
192.877,0.0436758
192.982,0.0436758
193.087,0.0436758
193.192,0.0447411
193.297,0.0436758
193.402,0.0447411
193.507,0.0447411
193.612,0.0436758
193.717,0.0447411
193.822,0.0426106
193.927,0.0436758
194.032,0.0426106
194.137,0.0436758
194.242,0.0436758
194.347,0.0436758
194.452,0.0447411
194.557,0.0436758
194.662,0.0436758
194.767,0.0447411
194.872,0.0436758
194.977,0.0426106
195.082,0.0436758
195.187,0.0436758
195.292,0.0436758
195.397,0.0436758
195.502,0.0426106
195.607,0.0436758
195.712,0.0436758
195.817,0.0436758
195.922,0.0436758
196.027,0.0447411
196.132,0.0436758
196.237,0.0436758
196.342,0.0447411
196.447,0.0426106
196.552,0.0436758
196.657,0.0436758
196.762,0.0426106
196.867,0.0436758
196.972,0.0436758
197.077,0.0436758
197.182,0.0426106
197.287,0.0447411
197.392,0.0436758
197.497,0.0436758
197.602,0.0426106
197.707,0.0447411
197.812,0.0436758
197.917,0.0447411
198.022,0.0436758
198.127,0.0436758
198.232,0.0447411
198.337,0.0436758
198.442,0.0447411
198.547,0.0436758
198.652,0.0436758
198.757,0.0447411
198.862,0.0436758
198.967,0.0436758
199.072,0.0436758
199.177,0.0447411
199.282,0.0426106
199.387,0.0436758
199.492,0.0436758
199.597,0.0436758
199.702,0.0436758
199.807,0.0436758
199.912,0.0436758
200.017,0.0426106
200.122,0.0436758
200.227,0.0436758
200.332,0.0447411
200.437,0.0447411
200.542,0.0436758
200.647,0.0436758
200.752,0.0447411
200.857,0.0436758
200.962,0.0436758
201.067,0.0447411
201.172,0.0436758
201.277,0.0447411
201.382,0.0436758
201.487,0.0436758
201.592,0.0447411
201.697,0.0436758
201.802,0.0436758
201.907,0.0436758
202.012,0.0447411
202.117,0.0436758
202.222,0.0436758
202.327,0.0436758
202.432,0.0447411
202.537,0.0436758
202.642,0.0447411
202.747,0.0447411
202.852,0.0447411
202.957,0.0436758
203.062,0.0436758
203.167,0.0436758
203.272,0.0436758
203.377,0.0436758
203.482,0.0436758
203.587,0.0436758
203.692,0.0436758
203.797,0.0436758
203.902,0.0447411
204.007,0.0447411
204.112,0.0447411
204.217,0.0447411
204.322,0.0426106
204.427,0.0447411
204.532,0.0458064
204.637,0.0447411
204.742,0.0447411
204.847,0.0447411
204.952,0.0436758
205.057,0.0436758
205.162,0.0436758
205.267,0.0447411
205.372,0.0436758
205.477,0.0436758
205.582,0.0436758
205.687,0.0436758
205.792,0.0436758
205.897,0.0447411
206.002,0.0436758
206.107,0.0436758
206.212,0.0436758
206.317,0.0447411
206.422,0.0436758
206.527,0.0447411
206.632,0.0436758
206.737,0.0436758
206.842,0.0436758
206.947,0.0447411
207.052,0.0436758
207.157,0.0436758
207.262,0.0458064
207.367,0.0436758
207.472,0.0447411
207.577,0.0436758
207.682,0.0458064
207.787,0.0436758
207.892,0.0447411
207.997,0.0436758
208.102,0.0447411
208.207,0.0436758
208.312,0.0436758
208.417,0.0436758
208.522,0.0447411
208.627,0.0447411
208.732,0.0436758
208.837,0.0436758
208.942,0.0436758
209.047,0.0447411
209.152,0.0436758
209.257,0.0447411
209.362,0.0436758
209.467,0.0436758
209.572,0.0436758
209.677,0.0447411
209.782,0.0436758
209.887,0.0447411
209.992,0.0447411
210.097,0.0436758
210.202,0.0436758
210.307,0.0447411
210.412,0.0436758
210.517,0.0436758
210.622,0.0447411
210.727,0.0436758
210.832,0.0436758
210.937,0.0447411
211.042,0.0436758
211.147,0.0447411
211.252,0.0447411
211.357,0.0436758
211.462,0.0436758
211.567,0.0447411
211.672,0.0447411
211.777,0.0436758
211.882,0.0447411
211.987,0.0436758
212.092,0.0447411
212.197,0.0436758
212.302,0.0436758
212.407,0.0436758
212.512,0.0436758
212.617,0.0436758
212.722,0.0436758
212.827,0.0436758
212.932,0.0447411
213.037,0.0447411
213.142,0.0436758
213.247,0.0436758
213.352,0.0436758
213.457,0.0447411
213.562,0.0447411
213.667,0.0436758
213.772,0.0436758
213.877,0.0436758
213.982,0.0436758
214.087,0.0436758
214.192,0.0436758
214.297,0.0447411
214.402,0.0436758
214.507,0.0436758
214.612,0.0436758
214.717,0.0436758
214.822,0.0436758
214.927,0.0436758
215.032,0.0447411
215.137,0.0447411
215.242,0.0436758
215.347,0.0436758
215.452,0.0447411
215.557,0.0447411
215.662,0.0436758
215.767,0.0447411
215.872,0.0436758
215.977,0.0436758
216.082,0.0436758
216.187,0.0436758
216.292,0.0447411
216.397,0.0436758
216.502,0.0447411
216.607,0.0436758
216.712,0.0436758
216.817,0.0468716
216.922,0.0436758
217.027,0.0436758
217.132,0.0458064
217.237,0.0458064
217.342,0.0436758
217.447,0.0458064
217.552,0.0468716
217.657,0.0436758
217.762,0.0436758
217.867,0.0436758
217.972,0.0447411
218.077,0.0426106
218.182,0.0447411
218.287,0.0447411
218.392,0.0458064
218.497,0.0436758
218.602,0.0447411
218.707,0.0436758
218.812,0.0436758
218.917,0.0436758
219.022,0.0426106
219.127,0.0447411
219.232,0.0458064
219.337,0.0426106
219.442,0.0436758
219.547,0.0447411
219.652,0.0426106
219.757,0.0436758
219.862,0.0436758
219.967,0.0436758
220.072,0.0447411
220.177,0.0447411
220.282,0.0436758
220.387,0.0447411
220.492,0.0426106
220.597,0.0447411
220.702,0.0447411
220.807,0.0447411
220.912,0.0426106
221.017,0.0458064
221.122,0.0458064
221.227,0.0458064
221.332,0.0436758
221.437,0.0426106
221.542,0.0447411
221.647,0.0447411
221.752,0.0436758
221.857,0.0511327
221.962,0.0415453
222.067,0.0447411
222.172,0.0532632
222.277,0.0426106
222.382,0.0436758
222.487,0.0127832
222.592,0.0458064
222.697,0.00745685
222.802,0.052198
222.907,0.0447411
223.012,0.0575243
223.117,0.0468716
223.222,0.0500674
223.327,0.052198
223.432,0.0479369
223.537,0.0468716
223.642,0.0575243
223.747,0.04048
223.852,0.0415453
223.957,0.0543285
224.062,0.0426106
224.167,0.036219
224.272,0.0681769
224.377,0.0436758
224.482,0.0511327
224.587,0.0500674
224.692,0.0447411
224.797,0.0351537
224.902,0.0479369
225.007,0.0500674
225.112,0.0426106
225.217,0.0447411
225.322,0.0383495
225.427,0.036219
225.532,0.0458064
225.637,0.0575243
225.742,0.0415453
225.847,0.00639159
225.952,0.0458064
226.057,0.0575243
226.162,0.0479369
226.267,0.072438
226.372,0.0106526
226.477,0.0298274
226.582,0.0458064
226.687,0.0383495
226.792,0.0490022
226.897,0.0276969
227.002,0.0351537
227.107,0.0490022
227.212,0.0436758
227.317,0.0479369
227.422,0.0319579
227.527,0.0479369
227.632,0.0426106
227.737,0.052198
227.842,0.0447411
227.947,0.0490022
228.052,0.0490022
228.157,0.0468716
228.262,0.056459
228.367,0.0308927
228.472,0.0511327
228.577,0.0223706
228.682,0.02024
228.787,0.0490022
228.892,0.0266316
228.997,0.0468716
229.102,0.0394148
229.207,0.0426106
229.312,-0.0458064
229.417,0.383495
229.522,0.313188
229.627,0.124636
229.732,0.154463
229.837,0.0809601
229.942,0.234358
230.047,0.0969391
230.152,0.108657
230.257,0.386691
230.362,0.7851
230.467,0.812797
230.572,0.842624
230.677,0.949151
230.782,0.421845
230.887,0.407996
230.992,1.20375
231.097,1.55955
231.202,2.7111
231.307,2.37234
231.412,1.28471
231.517,0.0255663
231.622,-0.966195
231.727,-1.71721
231.832,-1.65329
231.937,-0.703075
232.042,-0.0958738
232.147,1.43385
232.252,0.798948
232.357,1.38271
232.462,0.781904
232.567,1.19736
232.672,0.52411
232.777,-0.62318
232.882,-0.546481
232.987,-1.75236
233.092,-1.73212
233.197,-1.04609
233.302,0.679639
233.407,1.5947
233.512,0.574178
233.617,-1.09829
233.722,-1.27406
233.827,-1.30708
233.932,-0.04048
234.037,1.48178
234.142,1.14303
234.247,1.28364
234.352,-0.162985
234.457,-0.106526
234.562,-0.657268
234.667,-1.0919
234.772,-1.32625
234.877,-0.295078
234.982,0.280165
235.087,-0.0660464
235.192,0.309992
235.297,1.2698
235.402,0.952346
235.507,-0.0671117
235.612,-0.667921
235.717,-0.369647
235.822,-0.660464
235.927,0.12144
236.032,1.25382
236.137,1.10574
236.242,0.741424
236.347,1.3955
236.452,0.715858
236.557,0.519849
236.662,0.381365
236.767,1.79391
236.872,-0.502805
236.977,-1.78858
237.082,-2.84532
237.187,-2.80058
237.292,-2.69725
237.397,-0.653007
237.502,0.730771
237.607,1.16007
237.712,2.29351
237.817,2.08046
237.922,0.450607
238.027,-0.292948
238.132,-1.34649
238.237,-2.26688
238.342,-2.35104
238.447,-2.23599
238.552,-1.82586
238.657,-1.04822
238.762,-0.0745685
238.867,0.420779
238.972,1.06526
239.077,1.52333
239.182,1.91321
239.287,1.6469
239.392,0.784035
239.497,1.08124
239.602,0.893757
239.707,0.804275
239.812,-0.178964
239.917,-1.95689
240.022,-2.67594
240.127,-2.47248
240.232,-1.82054
240.337,-1.16327
240.442,-0.269512
240.547,0.0340885
240.652,1.62346
240.757,3.7231
240.862,2.5055
240.967,0.723315
241.072,-0.797883
241.177,-2.38406
241.282,-0.923584
241.387,0.00958738
241.492,-0.219444
241.597,1.32945
241.702,0.989631
241.807,0.955542
241.912,0.0628506
242.017,-0.586961
242.122,-1.50415
242.227,-1.88339
242.332,-0.476173
242.437,-0.185356
242.542,0.0500674
242.647,0.0511327
242.752,1.45409
242.857,1.10787
242.962,0.998153
243.067,0.0809601
243.172,-0.102265
243.277,-0.140615
243.382,-0.568851
243.487,0.70627
243.592,0.891626
243.697,0.18003
243.802,0.153398
243.907,-0.377104
244.012,-0.269512
244.117,-0.682835
244.222,-0.733967
244.327,0.201335
244.432,-0.0394148
244.537,-0.092678
244.642,0.201335
244.747,0.672182
244.852,-0.688161
244.957,-0.710531
245.062,1.57553
245.167,1.04076
245.272,0.935302
245.377,-0.922519
245.482,-1.92919
245.587,-1.69484
245.692,0.874582
245.797,1.57233
245.902,1.47752
246.007,0.18003
246.112,-0.938498
246.217,-1.56807
246.322,-0.808536
246.427,-0.416518
246.532,1.27299
246.637,1.46154
246.742,0.762729
246.847,-0.122505
246.952,-0.600809
247.057,-1.11746
247.162,-0.892692
247.267,-0.26312
247.372,0.80534
247.477,1.87273
247.582,0.868191
247.687,-0.798948
247.792,0.106526
247.897,-0.438889
248.002,-0.732902
248.107,0.528371
248.212,0.349407
248.317,0.232228
248.422,-0.176834
248.527,0.487891
248.632,1.5457
248.737,0.627441
248.842,0.213053
248.947,-0.246076
249.052,-0.753142
249.157,-1.32093
249.262,-0.640224
249.367,0.504935
249.472,1.18884
249.577,-0.206661
249.682,-1.04396
249.787,-0.105461
249.892,0.399474
249.997,-0.122505
250.102,-0.308927
250.207,-0.0479369
250.312,-0.11931
250.417,0.28336
250.522,-0.328101
250.627,0.449542
250.732,1.07379
250.837,-0.0798948
250.942,-0.00958738
251.047,0.846885
251.152,0.24075
251.257,1.0152
251.362,0.0735032
251.467,-1.11533
251.572,-0.86606
251.677,-0.403735
251.782,-0.449542
251.887,-0.399474
251.992,-0.243946
252.097,0.496413
252.202,0.674312
252.307,0.136354
252.412,0.00852212
252.517,0.548611
252.622,0.0287621
252.727,-0.22264
252.832,-0.353668
252.937,0.149137
253.042,-0.0820254
253.147,-0.0383495
253.252,0.523045
253.357,0.427171
253.462,-0.0777643
253.567,-0.492152
253.672,-0.172573
253.777,-0.0138484
253.882,0.487891
253.987,0.407996
254.092,-0.133158
254.197,-0.0330232
254.302,-0.487891
254.407,-0.0181095
254.512,0.158724
254.617,0.223706
254.722,-0.284426
254.827,-0.568851
254.932,-0.46339
255.037,-0.0127832
255.142,0.388822
255.247,-0.396278
255.352,-0.282295
255.457,0.467651
255.562,0.532632
255.667,0.0777643
255.772,0.188552
255.877,0.333428
255.982,0.280165
256.087,0.0191748
256.192,0.322775
256.297,0.693487
256.402,0.0575243
256.507,-0.181095
256.612,-0.413323
256.717,-0.723315
256.822,-0.0383495
256.927,0.254598
257.032,-0.418649
257.137,-0.325971
257.242,-0.192813
257.347,0.233293
257.452,0.274838
257.557,0.269512
257.662,0.256729
257.767,-0.0372843
257.872,0.507066
257.977,0.129962
258.082,0.32384
258.187,0.279099
258.292,0.0426106
258.397,0.152333
258.502,-0.268447
258.607,0.22051
258.712,0.421845
258.817,0.072438
258.922,0.00639159
259.027,0.0213053
259.132,0.176834
259.237,-0.109722
259.342,-0.0543285
259.447,-0.0213053
259.552,-0.770186
259.657,-0.390952
259.762,-0.0671117
259.867,0.455933
259.972,0.619984
260.077,0.158724
260.182,-0.0298274
260.287,0.092678
260.392,0.0649811
260.497,0.137419
260.602,0.118244
260.707,0.0937433
260.812,0.162985
260.917,0.131028
261.022,0.0330232
261.127,-0.129962
261.232,0.218379
261.337,0.398409
261.442,0.0308927
261.547,-0.192813
261.652,0.056459
261.757,0.286556
261.862,-0.0894822
261.967,0.238619
262.072,-0.152333
262.177,-0.092678
262.282,0.192813
262.387,0.942759
262.492,1.1164
262.597,1.3923
262.702,2.62481
262.807,1.93772
262.912,-4.08742
263.017,-3.36624
263.122,-2.05809
263.227,-1.25169
263.332,-0.324906
263.437,0.678573
263.542,3.00831
263.647,2.79312
263.752,0.628506
263.857,-0.684965
263.962,-1.34649
264.067,-0.401605
264.172,0.54222
264.277,1.00987
264.382,1.21334
264.487,0.760599
264.592,-0.218379
264.697,-0.891626
264.802,0.624245
264.907,1.95796
265.012,-0.0703075
265.117,-2.46289
265.222,-2.18912
265.327,-1.25169
265.432,0.0681769
265.537,2.0272
265.642,1.69057
265.747,0.268447
265.852,-0.646616
265.957,-0.219444
266.062,-0.052198
266.167,0.280165
266.272,-0.306796
266.377,-0.60294
266.482,-0.50387
266.587,-0.188552
266.692,0.0798948
266.797,0.0181095
266.902,0.378169
267.007,1.51268
267.112,3.07222
267.217,0.122505
267.322,-2.86769
267.427,-2.432
267.532,-1.29962
267.637,-0.568851
267.742,-0.153398
267.847,-0.0937433
267.952,0.511327
268.057,2.60031
268.162,0.966195
268.267,0.0181095
268.372,-0.0607201
268.477,-0.217314
268.582,-0.613592
268.687,-0.5827
268.792,-0.427171
268.897,-0.0745685
269.002,0.34408
269.107,0.791492
269.212,-0.786165
269.317,-1.46048
269.422,-1.62027
269.527,-1.38058
269.632,-0.741424
269.737,-0.136354
269.842,-0.224771
269.947,-0.555003
270.052,-0.22051
270.157,0.712662
270.262,0.719054
270.367,0.677508
270.472,0.103331
270.577,-0.813862
270.682,-0.779774
270.787,-0.880974
270.892,-1.11746
270.997,-1.20375
271.102,-1.00241
271.207,-0.460194
271.312,-1.10681
271.417,-1.45302
271.522,-0.619984
271.627,-0.125701
271.732,-0.191748
271.837,-0.356864
271.942,-0.638093
272.047,-0.576308
272.152,0.0298274
272.257,0.297209
272.362,0.831972
272.467,3.06264
272.572,1.20908
272.677,-3.01044
272.782,-2.44904
272.887,-0.923584
272.992,-0.335558
273.097,-0.317449
273.202,-0.0394148
273.307,2.76223
273.412,4.65627
273.517,0.705205
273.622,-1.75982
273.727,-0.808536
273.832,-0.826645
273.937,-0.868191
274.042,-0.650877
274.147,-0.693487
274.252,-0.553937
274.357,-0.642354
274.462,-0.798948
274.567,-0.42291
274.672,0.556068
274.777,0.278034
274.882,-1.06207
274.987,-1.85569
275.092,-1.73212
275.197,-1.25382
275.302,-0.713727
275.407,-0.20027
275.512,-0.0841559
275.617,0.0276969
275.722,0.436758
275.827,0.836233
275.932,0.622114
276.037,0.309992
276.142,0.0543285
276.247,-0.265251
276.352,-0.66366
276.457,-0.819188
276.562,-0.267381
276.667,0.804275
276.772,2.89858
276.877,1.7236
276.982,-1.71188
277.087,-2.06981
277.192,-1.17073
277.297,-0.784035
277.402,-0.607201
277.507,-0.156594
277.612,0.630637
277.717,0.922519
277.822,1.27512
277.927,1.00454
278.032,0.217314
278.137,-0.420779
278.242,-0.614658
278.347,-0.761664
278.452,-0.755273
278.557,-0.64342
278.662,-0.708401
278.767,-0.677508
278.872,-0.675378
278.977,-0.527306
279.082,0.368582
279.187,2.34252
279.292,-0.036219
279.397,-2.02613
279.502,-2.3553
279.607,-2.01335
279.712,-0.889496
279.817,-0.207727
279.922,0.0937433
280.027,0.474043
280.132,0.754207
280.237,0.974717
280.342,0.740359
280.447,0.339819
280.552,0.191748
280.657,-0.0958738
280.762,-0.54435
280.867,-0.518784
280.972,-0.0798948
281.077,-0.297209
281.182,-0.253533
281.287,-0.296144
281.392,-0.472977
281.497,-0.923584
281.602,-1.50841
281.707,-1.08444
281.812,-0.215183
281.917,0.274838
282.022,0.156594
282.127,-0.254598
282.232,0.0639159
282.337,0.369647
282.442,0.40267
282.547,0.953412
282.652,2.64292
282.757,0.671117
282.862,-1.67779
282.967,-1.71295
283.072,-0.948085
283.177,-0.966195
283.282,-0.387756
283.387,0.56459
283.492,3.48341
283.597,2.04424
283.702,-0.355798
283.807,0.0553938
283.912,1.92706
284.017,1.59364
284.122,-0.891626
284.227,-2.66849
284.332,-1.79391
284.437,-0.878843
284.542,-0.373908
284.647,-0.18216
284.752,-0.0660464
284.857,-0.423975
284.962,1.79923
285.067,1.48391
285.172,0.438889
285.277,0.0873517
285.382,-0.471912
285.487,-0.833037
285.592,-0.962999
285.697,-0.730771
285.802,-0.276969
285.907,0.0191748
286.012,0.737163
286.117,1.60429
286.222,1.45728
286.327,-0.166181
286.432,-1.71081
286.537,-3.55266
286.642,-3.01789
286.747,-1.64051
286.852,0.453803
286.957,2.69618
287.062,6.42887
287.167,4.28769
287.272,0.052198
287.377,-1.81201
287.482,-2.95611
287.587,-3.02855
287.692,-1.55103
287.797,0.430367
287.902,3.08074
288.007,3.24586
288.112,3.01789
288.217,1.49883
289.934,-0.354733
290.039,4.41339
290.144,1.41361
290.249,0.320645
290.354,0.56246
290.459,0.596548
290.564,0.720119
290.669,0.529436
290.774,0.226901
290.879,0.339819
290.984,0.345146
291.089,0.131028
291.194,0.404801
291.299,0.343015
291.404,0.296144
291.509,0.401605
291.614,0.28123
291.719,0.442085
291.824,0.456998
291.929,0.392017
292.034,0.397344
292.139,0.4815
292.244,0.241815
292.349,0.642354
292.454,0.255663
292.559,0.405866
292.664,0.176834
292.769,0.444215
292.874,0.412257
292.979,0.278034
293.084,0.387756
293.189,0.451672
293.294,0.347276
293.399,0.343015
293.504,0.280165
293.609,0.393083
293.714,0.447411
293.819,0.36219
293.924,0.320645
294.029,0.267381
294.134,0.28336
294.239,0.401605
294.344,0.206661
294.449,0.24075
294.554,0.224771
294.659,0.167247
294.764,0.361125
294.869,0.280165
294.974,0.24075
295.079,0.100135
295.184,0.0138484
295.289,0.0990696
295.394,0.0969391
295.499,0.0372843
295.604,0.0447411
295.709,0.0511327
295.814,0.0500674
295.919,0.00639159
296.024,-0.134223
296.129,-0.0383495
296.234,-0.0777643
296.339,-0.116114
296.444,-0.118244
296.549,-0.0255663
296.654,-0.103331
296.759,-0.0788296
296.864,0.0383495
296.969,0.15979
297.074,0.152333
297.179,0.164051
297.284,0.131028
297.389,0.192813
297.494,0.290817
297.599,0.273773
297.704,0.209857
297.809,0.18003
297.914,0.404801
298.019,0.156594
298.124,0.347276
298.229,0.398409
298.334,0.311057
298.439,0.252468
298.544,0.415453
298.649,0.458064
298.754,0.357929
298.859,0.519849
298.964,0.523045
299.069,0.448476
299.174,0.345146
299.279,0.386691
299.384,0.387756
299.489,0.435693
299.594,0.469782
299.699,0.450607
299.804,0.413323
299.909,0.518784
300.014,0.468716
300.119,0.469782
300.224,0.666856
300.329,0.545415
300.434,0.550742
300.539,0.432497
300.644,0.54222
300.749,0.498544
300.854,0.423975
300.959,0.466586
301.064,0.604005
301.169,0.680704
301.274,0.527306
301.379,0.493217
301.484,0.627441
301.589,0.477238
301.694,0.601874
301.799,0.680704
301.904,0.593352
302.009,0.569916
302.114,0.590156
302.219,0.518784
302.324,0.639159
302.429,0.677508
302.534,0.642354
302.639,0.548611
302.744,0.654072
302.849,0.705205
302.954,0.674312
303.059,0.677508
303.164,0.672182
303.269,0.696683
303.374,0.633832
303.479,0.694552
303.584,0.495348
303.689,0.888431
303.794,0.723315
303.899,0.732902
304.004,0.671117
304.109,0.721184
304.214,0.731837
304.319,0.705205
304.424,0.702009
304.529,0.788296
304.634,0.709466
304.739,0.829841
304.844,0.829841
304.949,0.847951
305.054,0.814927
305.159,0.786165
305.264,0.791492
305.369,0.840494
305.474,0.58483
305.579,0.877778
305.684,0.691357
305.789,1.15901
305.894,0.633832
305.999,0.92678
306.104,0.927845
306.209,0.853277
306.314,0.815993
306.419,0.813862
306.524,0.733967
306.629,0.796818
306.734,0.84582
306.839,0.898018
306.944,0.756338
307.049,0.994957
307.154,0.765925
307.259,-nan
