#time, lat[]
27.9011,0
28.0061,0
28.1111,0
28.2161,0
28.3211,0
28.4261,0
28.5311,48.0666
28.6361,48.0666
28.7411,48.0666
28.8461,48.0666
28.9511,48.0666
29.0561,48.0666
29.1611,48.0666
29.2661,48.0666
29.3711,48.0666
29.4761,48.0666
29.5811,48.0666
29.6861,48.0666
29.7911,48.0666
29.8961,48.0666
30.0011,48.0666
30.1061,48.0666
30.2111,48.0666
30.3161,48.0666
30.4211,48.0666
30.5261,48.0666
30.6311,48.0666
30.7361,48.0666
30.8411,48.0666
30.9461,48.0666
31.0511,48.0666
31.1561,48.0666
31.2611,48.0666
31.3661,48.0666
31.4711,48.0666
31.5761,48.0666
31.6811,48.0666
31.7861,48.0666
31.8911,48.0666
31.9961,48.0666
32.1011,48.0666
32.2061,48.0666
32.3111,48.0666
32.4161,48.0666
32.5211,48.0666
32.6261,48.0666
32.7311,48.0666
32.8361,48.0666
32.9427,48.0666
33.0461,48.0666
33.1511,48.0666
33.2561,48.0666
33.3611,48.0666
33.4661,48.0666
33.5711,48.0666
33.6761,48.0666
33.7811,48.0666
33.8861,48.0666
33.9911,48.0666
34.0961,48.0666
34.2011,48.0666
34.3061,48.0666
34.4111,48.0666
34.5161,48.0666
34.6211,48.0666
34.7261,48.0666
34.8311,48.0666
34.9361,48.0666
35.0411,48.0666
35.1461,48.0666
35.2511,48.0666
35.3561,48.0666
35.4611,48.0666
35.5661,48.0666
35.6711,48.0666
35.7761,48.0666
35.8811,48.0666
35.9861,48.0666
36.0911,48.0666
36.1961,48.0666
36.3011,48.0666
36.4061,48.0666
36.5111,48.0666
36.6161,48.0666
36.7211,48.0666
36.8261,48.0666
36.9311,48.0666
37.0361,48.0666
37.1411,48.0666
37.2461,48.0666
37.3511,48.0666
37.4561,48.0666
37.5611,48.0666
37.6661,48.0666
37.7711,48.0666
37.8761,48.0666
37.9811,48.0666
38.0861,48.0666
38.1927,48.0666
38.2961,48.0666
38.4011,48.0666
38.5061,48.0666
38.6111,48.0666
38.7161,48.0666
38.8211,48.0666
38.9261,48.0666
39.0311,48.0666
39.1361,48.0666
39.2411,48.0666
39.3461,48.0666
39.4511,48.0666
39.5561,48.0666
39.6611,48.0666
39.7871,48.0666
39.8921,48.0666
39.9971,48.0666
40.1021,48.0666
40.2071,48.0666
40.3121,48.0666
40.4171,48.0666
40.5221,48.0666
40.6271,48.0666
40.7321,48.0666
40.8371,48.0666
40.9421,48.0666
41.0471,48.0666
41.1521,48.0666
41.2571,48.0666
41.3621,48.0666
41.4671,48.0666
41.5721,48.0666
41.6771,48.0666
41.7821,48.0666
41.8871,48.0666
41.9921,48.0666
42.0971,48.0666
42.2021,48.0666
42.3071,48.0666
42.4121,48.0666
42.5171,48.0666
42.6221,48.0666
42.7271,48.0666
42.8321,48.0666
42.9371,48.0666
43.0421,48.0666
43.1471,48.0666
43.2521,48.0666
43.3588,48.0666
43.4621,48.0666
43.5671,48.0666
43.6721,48.0666
43.7771,48.0666
43.8821,48.0666
43.9871,48.0666
44.0921,48.0666
44.1971,48.0666
44.3021,48.0666
44.4071,48.0666
44.5121,48.0666
44.6171,48.0666
44.7221,48.0666
44.8271,48.0666
44.9321,48.0666
45.0371,48.0666
45.1421,48.0666
45.2471,48.0666
45.3521,48.0666
45.4571,48.0666
45.5621,48.0666
45.6671,48.0666
45.7721,48.0666
45.8771,48.0666
45.9821,48.0666
46.0871,48.0666
46.1921,48.0666
46.2971,48.0666
46.4021,48.0666
46.5071,48.0666
46.6121,48.0666
46.7171,48.0666
46.8221,48.0666
46.9271,48.0666
47.0321,48.0666
47.1371,48.0666
47.2421,48.0666
47.3471,48.0666
47.4521,48.0666
47.5571,48.0666
47.6621,48.0666
47.7671,48.0666
47.8721,48.0666
47.9771,48.0666
48.0821,48.0666
48.1871,48.0666
48.2921,48.0666
48.3971,48.0666
48.5021,48.0666
48.6088,48.0666
48.7121,48.0666
48.8171,48.0666
48.9221,48.0666
49.0271,48.0666
49.1321,48.0666
49.2371,48.0666
49.3421,48.0666
49.4471,48.0666
49.5521,48.0666
49.6571,48.0666
49.7621,48.0666
49.8671,48.0666
49.9721,48.0666
50.0771,48.0666
50.1821,48.0666
50.2871,48.0666
50.3921,48.0666
50.4971,48.0666
50.6021,48.0666
50.7071,48.0666
50.8121,48.0666
50.9171,48.0666
51.0221,48.0666
51.1271,48.0666
51.2321,48.0666
51.3371,48.0666
51.4421,48.0666
51.5471,48.0666
51.6521,48.0666
51.7571,48.0666
51.8621,48.0666
51.9671,48.0666
52.0721,48.0666
52.1771,48.0666
52.2821,48.0666
52.3871,48.0666
52.4921,48.0666
52.5971,48.0666
52.7021,48.0666
52.8071,48.0666
52.9121,48.0666
53.0171,48.0666
53.1221,48.0666
53.2271,48.0666
53.3321,48.0666
53.4371,48.0666
53.5421,48.0666
53.6471,48.0666
53.7521,48.0666
53.8668,48.0666
53.9621,48.0666
54.0671,48.0666
54.1721,48.0666
54.2771,48.0666
54.3821,48.0666
54.4871,48.0666
54.5921,48.0666
54.6971,48.0666
54.8021,48.0666
54.9071,48.0666
55.0121,48.0666
55.1171,48.0666
55.2221,48.0666
55.3271,48.0666
55.4321,48.0666
55.5371,48.0666
55.6421,48.0666
55.7471,48.0666
55.8521,48.0666
55.9571,48.0666
56.0621,48.0666
56.1671,48.0666
56.2721,48.0666
56.3771,48.0666
56.4821,48.0666
56.5871,48.0666
56.6921,48.0666
56.7971,48.0666
56.9021,48.0666
57.0071,48.0666
57.1121,48.0666
57.2171,48.0666
57.3221,48.0666
57.4271,48.0666
57.5321,48.0666
57.6371,48.0666
57.7421,48.0666
57.8471,48.0666
57.9521,48.0666
58.0571,48.0666
58.1621,48.0666
58.2671,48.0666
58.3721,48.0666
58.4771,48.0666
58.5821,48.0666
58.6871,48.0666
58.7921,48.0666
58.8971,48.0666
59.0021,48.0666
59.1169,48.0666
59.2121,48.0666
59.3171,48.0666
59.4221,48.0666
59.5271,48.0666
59.6321,48.0666
59.7371,48.0666
59.8421,48.0666
59.9471,48.0666
60.0521,48.0666
60.1571,48.0666
60.2621,48.0666
60.3671,48.0666
60.4721,48.0666
60.5771,48.0666
60.6821,48.0666
60.7871,48.0666
60.8921,48.0666
60.9971,48.0666
61.1021,48.0666
61.2071,48.0666
61.3121,48.0666
61.4171,48.0666
61.5221,48.0666
61.6271,48.0666
61.7321,48.0666
61.8371,48.0666
61.9421,48.0666
62.0471,48.0666
62.1521,48.0666
62.2571,48.0666
62.3621,48.0666
62.4671,48.0666
62.5721,48.0666
62.6771,48.0666
62.7821,48.0666
62.8871,48.0666
62.9921,48.0666
63.0971,48.0666
63.2021,48.0666
63.3071,48.0666
63.4121,48.0666
63.5171,48.0666
63.6221,48.0666
63.7271,48.0666
63.8321,48.0666
63.9371,48.0666
64.0421,48.0666
64.1471,48.0666
64.2521,48.0666
64.3588,48.0666
64.4621,48.0666
64.5671,48.0666
64.6721,48.0666
64.7771,48.0666
64.8821,48.0666
64.9871,48.0666
65.0921,48.0666
65.1971,48.0666
65.3021,48.0666
65.4071,48.0666
65.5121,48.0666
65.6171,48.0666
65.7221,48.0666
65.8271,48.0666
65.9321,48.0666
66.0371,48.0666
66.1421,48.0666
66.2471,48.0666
66.3521,48.0666
66.4572,48.0666
66.5621,48.0666
66.6671,48.0666
66.7721,48.0666
66.8771,48.0666
66.9821,48.0666
67.0871,48.0666
67.1921,48.0666
67.2971,48.0666
67.4021,48.0666
67.5071,48.0666
67.6121,48.0666
67.7171,48.0666
67.8221,48.0666
67.9271,48.0666
68.0321,48.0666
68.1371,48.0666
68.2421,48.0666
68.3471,48.0666
68.4521,48.0666
68.5571,48.0666
68.6621,48.0666
68.7671,48.0666
68.8721,48.0666
68.9771,48.0666
69.0821,48.0666
69.1871,48.0666
69.2921,48.0666
69.3971,48.0666
69.5021,48.0666
69.6088,48.0666
69.7121,48.0666
69.8171,48.0666
69.9221,48.0666
70.0271,48.0666
70.1321,48.0666
70.2371,48.0666
70.3421,48.0666
70.4471,48.0666
70.5521,48.0666
70.6571,48.0666
70.7621,48.0666
70.8671,48.0666
70.9721,48.0666
71.0771,48.0666
71.1821,48.0666
71.2871,48.0666
71.3921,48.0666
71.4971,48.0666
71.6021,48.0666
71.7071,48.0666
71.8121,48.0666
71.9171,48.0666
72.0221,48.0666
72.1271,48.0666
72.2321,48.0666
72.3371,48.0666
72.4421,48.0666
72.5471,48.0666
72.6521,48.0666
72.7571,48.0666
72.8621,48.0666
72.9671,48.0666
73.0721,48.0666
73.1771,48.0666
73.2821,48.0666
73.3871,48.0666
73.4921,48.0666
73.5971,48.0666
73.7021,48.0666
73.8071,48.0666
73.9121,48.0666
74.0171,48.0666
74.1221,48.0666
74.2271,48.0666
74.3321,48.0666
74.4371,48.0666
74.5421,48.0666
74.6471,48.0666
74.7521,48.0666
74.859,48.0666
74.9621,48.0666
75.0671,48.0666
75.1721,48.0666
75.2771,48.0666
75.3821,48.0666
75.4871,48.0666
75.5921,48.0666
75.6971,48.0666
75.8021,48.0666
75.9071,48.0666
76.0121,48.0666
76.1171,48.0666
76.2221,48.0666
76.3271,48.0666
76.4321,48.0666
76.5371,48.0666
76.6421,48.0666
76.7471,48.0666
76.8521,48.0666
76.9571,48.0666
77.0621,48.0666
77.1671,48.0666
77.2721,48.0666
77.3771,48.0666
77.4821,48.0666
77.5871,48.0666
77.6921,48.0666
77.7971,48.0666
77.9021,48.0666
78.0071,48.0666
78.1121,48.0666
78.2171,48.0666
78.3221,48.0666
78.4271,48.0666
78.5321,48.0666
78.6371,48.0666
78.7421,48.0666
78.8471,48.0666
78.9521,48.0666
79.0571,48.0666
79.1621,48.0666
79.2671,48.0666
79.3721,48.0666
79.4771,48.0666
79.5821,48.0666
79.6871,48.0666
79.7921,48.0666
79.8971,48.0666
80.0021,48.0666
80.1088,48.0666
80.2121,48.0666
80.3171,48.0666
80.4221,48.0666
80.5271,48.0666
80.6321,48.0666
80.7371,48.0666
80.8421,48.0666
80.9471,48.0666
81.0521,48.0666
81.1571,48.0666
81.2621,48.0666
81.3671,48.0666
81.4721,48.0666
81.5771,48.0666
81.6821,48.0666
81.7871,48.0666
81.8921,48.0666
81.9971,48.0666
82.1021,48.0666
82.2071,48.0666
82.3121,48.0666
82.4171,48.0666
82.5221,48.0666
82.6271,48.0666
82.7321,48.0666
82.8371,48.0666
82.9421,48.0666
83.0471,48.0666
83.1521,48.0666
83.2571,48.0666
83.3621,48.0666
83.4671,48.0666
83.5721,48.0666
83.6771,48.0666
83.7821,48.0666
83.8871,48.0666
83.9921,48.0666
84.0971,48.0666
84.2021,48.0666
84.3071,48.0666
84.4121,48.0666
84.5171,48.0666
84.6221,48.0666
84.7271,48.0666
84.8321,48.0666
84.9371,48.0666
85.0421,48.0666
85.1471,48.0666
85.2521,48.0666
85.3588,48.0666
85.4621,48.0666
85.5671,48.0666
85.6721,48.0666
85.7771,48.0666
85.8821,48.0666
85.9871,48.0666
86.0921,48.0666
86.1971,48.0666
86.3021,48.0666
86.4071,48.0666
86.5121,48.0666
86.6171,48.0666
86.7221,48.0666
86.8271,48.0666
86.9321,48.0666
87.0371,48.0666
87.1421,48.0666
87.2471,48.0666
87.3521,48.0666
87.4571,48.0666
87.5621,48.0666
87.6671,48.0666
87.7721,48.0666
87.8771,48.0666
87.9821,48.0666
88.0871,48.0666
88.1921,48.0666
88.2971,48.0666
88.4021,48.0666
88.5071,48.0666
88.6121,48.0666
88.7171,48.0666
88.8221,48.0666
88.9271,48.0666
89.0321,48.0666
89.1371,48.0666
89.2421,48.0666
89.3471,48.0666
89.4521,48.0666
89.5571,48.0666
89.6621,48.0666
89.7671,48.0666
89.8721,48.0666
89.9771,48.0666
90.0821,48.0666
90.1871,48.0666
90.2921,48.0666
90.3971,48.0666
90.5021,48.0666
90.6088,48.0666
90.7121,48.0666
90.8171,48.0666
90.9221,48.0666
91.0271,48.0666
91.1321,48.0666
91.2371,48.0666
91.3421,48.0666
91.4471,48.0666
91.5521,48.0666
91.6571,48.0666
91.7621,48.0666
91.8671,48.0666
91.9721,48.0666
92.0771,48.0666
92.1821,48.0666
92.2871,48.0666
92.3921,48.0666
92.4971,48.0666
92.6021,48.0666
92.7071,48.0666
92.8121,48.0666
92.9171,48.0666
93.0221,48.0666
93.1271,48.0666
93.2321,48.0666
93.3371,48.0666
93.4421,48.0666
93.5471,48.0666
93.6521,48.0666
93.7571,48.0666
93.8621,48.0666
93.9671,48.0666
94.0721,48.0666
94.1771,48.0666
94.2821,48.0666
94.3871,48.0666
94.4921,48.0666
94.5971,48.0666
94.7021,48.0666
94.8071,48.0666
94.9121,48.0666
95.0171,48.0666
95.1221,48.0666
95.2271,48.0666
95.3321,48.0666
95.4371,48.0666
95.5421,48.0666
95.6471,48.0666
95.7521,48.0666
95.8588,48.0666
95.9621,48.0666
96.0671,48.0666
96.1721,48.0666
96.2771,48.0666
96.3821,48.0666
96.4871,48.0666
96.5921,48.0666
96.6971,48.0666
96.8021,48.0666
96.9071,48.0666
97.0121,48.0666
97.1171,48.0666
97.2221,48.0666
97.3271,48.0666
97.4321,48.0666
97.5371,48.0666
97.6421,48.0666
97.7471,48.0666
97.8521,48.0666
97.9571,48.0666
98.0621,48.0666
98.1671,48.0666
98.2721,48.0666
98.3771,48.0666
98.4821,48.0666
98.5871,48.0666
98.6921,48.0666
98.7971,48.0666
98.9021,48.0666
99.0071,48.0666
99.1121,48.0666
99.2171,48.0666
99.3221,48.0666
99.4271,48.0666
99.5321,48.0666
99.6371,48.0666
99.7421,48.0666
99.8471,48.0666
99.9521,48.0666
100.057,48.0666
100.162,48.0666
100.267,48.0666
100.372,48.0666
100.477,48.0666
100.582,48.0666
100.687,48.0666
100.792,48.0666
100.897,48.0666
101.002,48.0666
101.109,48.0666
101.212,48.0666
101.317,48.0666
101.422,48.0666
101.527,48.0666
101.632,48.0666
101.737,48.0666
101.842,48.0666
101.947,48.0666
102.052,48.0666
102.157,48.0666
102.262,48.0666
102.367,48.0666
102.472,48.0666
102.577,48.0666
102.682,48.0666
102.787,48.0666
102.892,48.0666
102.997,48.0666
103.102,48.0666
103.207,48.0666
103.312,48.0666
103.417,48.0666
103.522,48.0666
103.627,48.0666
103.732,48.0666
103.837,48.0666
103.942,48.0666
104.047,48.0666
104.152,48.0666
104.257,48.0666
104.362,48.0666
104.467,48.0666
104.572,48.0666
104.677,48.0666
104.782,48.0666
104.887,48.0666
104.992,48.0666
105.097,48.0666
105.202,48.0666
105.307,48.0666
105.412,48.0666
105.517,48.0666
105.622,48.0666
105.727,48.0666
105.832,48.0666
105.937,48.0666
106.042,48.0666
106.147,48.0666
106.252,48.0666
106.359,48.0666
106.462,48.0666
106.567,48.0666
106.672,48.0666
106.777,48.0666
106.882,48.0666
106.987,48.0666
107.092,48.0666
107.197,48.0666
107.302,48.0666
107.407,48.0666
107.512,48.0666
107.617,48.0666
107.722,48.0666
107.827,48.0666
107.932,48.0666
108.037,48.0666
108.142,48.0666
108.247,48.0666
108.352,48.0666
108.457,48.0666
108.562,48.0666
108.667,48.0666
108.772,48.0666
108.877,48.0666
108.982,48.0666
109.087,48.0666
109.192,48.0666
109.297,48.0666
109.402,48.0666
109.507,48.0666
109.612,48.0666
109.717,48.0666
109.822,48.0666
109.927,48.0666
110.032,48.0666
110.137,48.0666
110.242,48.0666
110.347,48.0666
110.452,48.0666
110.557,48.0666
110.662,48.0666
110.767,48.0666
110.872,48.0666
110.977,48.0666
111.082,48.0666
111.187,48.0666
111.292,48.0666
111.397,48.0666
111.502,48.0666
111.609,48.0666
111.712,48.0666
111.817,48.0666
111.922,48.0666
112.027,48.0666
112.132,48.0666
112.237,48.0666
112.342,48.0666
112.447,48.0666
112.552,48.0666
112.657,48.0666
112.762,48.0666
112.867,48.0666
112.972,48.0666
113.077,48.0666
113.182,48.0666
113.287,48.0666
113.392,48.0666
113.497,48.0666
113.602,48.0666
113.707,48.0666
113.812,48.0666
113.917,48.0666
114.022,48.0666
114.127,48.0666
114.232,48.0666
114.337,48.0666
114.442,48.0666
114.547,48.0666
114.652,48.0666
114.757,48.0666
114.862,48.0666
114.967,48.0666
115.072,48.0666
115.177,48.0666
115.282,48.0666
115.387,48.0666
115.492,48.0666
115.597,48.0666
115.702,48.0666
115.807,48.0666
115.912,48.0666
116.017,48.0666
116.122,48.0666
116.227,48.0666
116.332,48.0666
116.437,48.0666
116.542,48.0666
116.647,48.0666
116.752,48.0666
116.859,48.0666
116.962,48.0666
117.067,48.0666
117.172,48.0666
117.277,48.0666
117.382,48.0666
117.487,48.0666
117.592,48.0666
117.697,48.0666
117.802,48.0666
117.907,48.0666
118.012,48.0666
118.117,48.0666
118.222,48.0666
118.327,48.0666
118.432,48.0666
118.537,48.0666
118.642,48.0666
118.747,48.0666
118.852,48.0666
118.957,48.0666
119.062,48.0666
119.167,48.0666
119.272,48.0666
119.377,48.0666
119.482,48.0666
119.587,48.0666
119.692,48.0666
119.797,48.0666
119.902,48.0666
120.007,48.0666
120.112,48.0666
120.217,48.0666
120.322,48.0666
120.427,48.0666
120.532,48.0666
120.637,48.0666
120.742,48.0666
120.847,48.0666
120.952,48.0666
121.057,48.0666
121.162,48.0666
121.267,48.0666
121.372,48.0666
121.477,48.0666
121.582,48.0666
121.687,48.0666
121.792,48.0666
121.897,48.0666
122.002,48.0666
122.109,48.0666
122.212,48.0666
122.317,48.0666
122.422,48.0666
122.527,48.0666
122.632,48.0666
122.737,48.0666
122.842,48.0666
122.947,48.0666
123.052,48.0666
123.157,48.0666
123.262,48.0666
123.367,48.0666
123.472,48.0666
123.577,48.0666
123.682,48.0666
123.787,48.0666
123.892,48.0666
123.997,48.0666
124.102,48.0666
124.207,48.0666
124.312,48.0666
124.417,48.0666
124.522,48.0666
124.627,48.0666
124.732,48.0666
124.837,48.0666
124.942,48.0666
125.047,48.0666
125.152,48.0666
125.257,48.0666
125.362,48.0666
125.467,48.0666
125.572,48.0666
125.677,48.0666
125.782,48.0666
125.887,48.0666
125.992,48.0666
126.097,48.0666
126.202,48.0666
126.307,48.0666
126.412,48.0666
126.517,48.0666
126.622,48.0666
126.727,48.0666
126.832,48.0666
126.937,48.0666
127.042,48.0666
127.147,48.0666
127.252,48.0666
127.359,48.0666
127.462,48.0666
127.567,48.0666
127.672,48.0666
127.777,48.0666
127.882,48.0666
127.987,48.0666
128.092,48.0666
128.197,48.0666
128.302,48.0666
128.407,48.0666
128.512,48.0666
128.617,48.0666
128.722,48.0666
128.827,48.0666
128.932,48.0666
129.037,48.0666
129.142,48.0666
129.247,48.0666
129.352,48.0666
129.457,48.0666
129.562,48.0666
129.667,48.0666
129.772,48.0666
129.877,48.0666
129.982,48.0666
130.087,48.0666
130.192,48.0666
130.297,48.0666
130.402,48.0666
130.507,48.0666
130.612,48.0666
130.717,48.0666
130.822,48.0666
130.927,48.0666
131.032,48.0666
131.137,48.0666
131.242,48.0666
131.347,48.0666
131.452,48.0666
131.557,48.0666
131.662,48.0666
131.767,48.0666
131.872,48.0666
131.977,48.0666
132.082,48.0666
132.187,48.0666
132.292,48.0666
132.397,48.0666
132.502,48.0666
132.609,48.0666
132.712,48.0666
132.817,48.0666
132.922,48.0666
133.027,48.0666
133.132,48.0666
133.237,48.0666
133.342,48.0666
133.447,48.0666
133.552,48.0666
133.657,48.0666
133.762,48.0666
133.867,48.0666
133.972,48.0666
134.077,48.0666
134.182,48.0666
134.287,48.0666
134.392,48.0666
134.497,48.0666
134.602,48.0666
134.707,48.0666
134.812,48.0666
134.917,48.0666
135.022,48.0666
135.127,48.0666
135.232,48.0666
135.337,48.0666
135.442,48.0666
135.547,48.0666
135.652,48.0666
135.757,48.0666
135.862,48.0666
135.967,48.0666
136.072,48.0666
136.177,48.0666
136.282,48.0666
136.387,48.0666
136.492,48.0666
136.597,48.0666
136.702,48.0666
136.807,48.0666
136.912,48.0666
137.017,48.0666
137.122,48.0666
137.227,48.0666
137.332,48.0666
137.437,48.0666
137.542,48.0666
137.647,48.0666
137.752,48.0666
137.859,48.0666
137.962,48.0666
138.067,48.0666
138.172,48.0666
138.277,48.0666
138.382,48.0666
138.487,48.0666
138.592,48.0666
138.697,48.0666
138.802,48.0666
138.907,48.0666
139.012,48.0666
139.117,48.0666
139.222,48.0666
139.327,48.0666
139.432,48.0666
139.537,48.0666
139.642,48.0666
139.747,48.0666
139.852,48.0666
139.957,48.0666
140.062,48.0666
140.167,48.0666
140.272,48.0666
140.377,48.0666
140.482,48.0666
140.587,48.0666
140.692,48.0666
140.797,48.0666
140.902,48.0666
141.007,48.0666
141.112,48.0666
141.217,48.0666
141.322,48.0666
141.427,48.0666
141.532,48.0666
141.637,48.0666
141.742,48.0666
141.847,48.0666
141.952,48.0666
142.057,48.0666
142.162,48.0666
142.267,48.0666
142.372,48.0666
142.477,48.0666
142.582,48.0666
142.687,48.0666
142.792,48.0666
142.897,48.0666
143.002,48.0666
143.109,48.0666
143.212,48.0666
143.317,48.0666
143.422,48.0666
143.527,48.0666
143.632,48.0666
143.737,48.0666
143.842,48.0666
143.947,48.0666
144.052,48.0666
144.157,48.0666
144.262,48.0666
144.367,48.0666
144.472,48.0666
144.577,48.0666
144.682,48.0666
144.787,48.0666
144.892,48.0666
144.997,48.0666
145.102,48.0666
145.207,48.0666
145.312,48.0666
145.417,48.0666
145.522,48.0666
145.627,48.0666
145.732,48.0666
145.837,48.0666
145.942,48.0666
146.047,48.0666
146.152,48.0666
146.257,48.0666
146.362,48.0666
146.467,48.0666
146.572,48.0666
146.677,48.0666
146.782,48.0666
146.887,48.0666
146.992,48.0666
147.097,48.0666
147.202,48.0666
147.307,48.0666
147.412,48.0666
147.517,48.0666
147.622,48.0666
147.727,48.0666
147.832,48.0666
147.937,48.0666
148.042,48.0666
148.147,48.0666
148.252,48.0666
148.359,48.0666
148.462,48.0666
148.567,48.0666
148.672,48.0666
148.777,48.0666
148.882,48.0666
148.987,48.0666
149.092,48.0666
149.197,48.0666
149.302,48.0666
149.407,48.0666
149.512,48.0666
149.617,48.0666
149.722,48.0666
149.827,48.0666
149.932,48.0666
150.037,48.0666
150.142,48.0666
150.247,48.0666
150.352,48.0666
150.457,48.0666
150.562,48.0666
150.667,48.0666
150.772,48.0666
150.877,48.0666
150.982,48.0666
151.087,48.0666
151.192,48.0666
151.297,48.0666
151.402,48.0666
151.507,48.0666
151.612,48.0666
151.717,48.0666
151.822,48.0666
151.927,48.0666
152.032,48.0666
152.137,48.0666
152.242,48.0666
152.347,48.0666
152.452,48.0666
152.557,48.0666
152.662,48.0666
152.767,48.0666
152.872,48.0666
152.977,48.0666
153.082,48.0666
153.187,48.0666
153.292,48.0666
153.397,48.0666
153.502,48.0666
153.609,48.0666
153.712,48.0666
153.817,48.0666
153.922,48.0666
154.027,48.0666
154.132,48.0666
154.237,48.0666
154.342,48.0666
154.447,48.0666
154.552,48.0666
154.657,48.0666
154.762,48.0666
154.867,48.0666
154.972,48.0666
155.077,48.0666
155.182,48.0666
155.287,48.0666
155.392,48.0666
155.497,48.0666
155.602,48.0666
155.707,48.0666
155.812,48.0666
155.917,48.0666
156.022,48.0666
156.127,48.0666
156.232,48.0666
156.337,48.0666
156.442,48.0666
156.547,48.0666
156.652,48.0666
156.757,48.0666
156.862,48.0666
156.967,48.0666
157.072,48.0666
157.177,48.0666
157.282,48.0666
157.387,48.0666
157.492,48.0666
157.597,48.0666
157.702,48.0666
157.807,48.0666
157.912,48.0666
158.017,48.0666
158.122,48.0666
158.227,48.0666
158.332,48.0666
158.437,48.0666
158.542,48.0666
158.647,48.0666
158.752,48.0666
158.859,48.0666
158.962,48.0666
159.067,48.0666
159.172,48.0666
159.277,48.0666
159.382,48.0666
159.487,48.0666
159.592,48.0666
159.697,48.0666
159.802,48.0666
159.907,48.0666
160.012,48.0666
160.117,48.0666
160.222,48.0666
160.327,48.0666
160.432,48.0666
160.537,48.0666
160.642,48.0666
160.747,48.0666
160.852,48.0666
160.957,48.0666
161.062,48.0666
161.167,48.0666
161.272,48.0666
161.377,48.0666
161.482,48.0666
161.587,48.0666
161.692,48.0666
161.797,48.0666
161.902,48.0666
162.007,48.0666
162.112,48.0666
162.217,48.0666
162.322,48.0666
162.427,48.0666
162.532,48.0666
162.637,48.0666
162.742,48.0666
162.847,48.0666
162.952,48.0666
163.057,48.0666
163.162,48.0666
163.267,48.0666
163.372,48.0666
163.477,48.0666
163.582,48.0666
163.687,48.0666
163.792,48.0666
163.897,48.0666
164.002,48.0666
164.109,48.0666
164.212,48.0666
164.317,48.0666
164.422,48.0666
164.527,48.0666
164.632,48.0666
164.737,48.0666
164.842,48.0666
164.947,48.0666
165.052,48.0666
165.157,48.0666
165.262,48.0666
165.367,48.0666
165.472,48.0666
165.577,48.0666
165.682,48.0666
165.787,48.0666
165.892,48.0666
165.997,48.0666
166.102,48.0666
166.207,48.0666
166.312,48.0666
166.417,48.0666
166.522,48.0666
166.627,48.0666
166.732,48.0666
166.837,48.0666
166.942,48.0666
167.047,48.0666
167.152,48.0666
167.257,48.0666
167.362,48.0666
167.467,48.0666
167.572,48.0666
167.677,48.0666
167.782,48.0666
167.887,48.0666
167.992,48.0666
168.097,48.0666
168.202,48.0666
168.307,48.0666
168.412,48.0666
168.517,48.0666
168.622,48.0666
168.727,48.0666
168.832,48.0666
168.937,48.0666
169.042,48.0666
169.147,48.0666
169.252,48.0666
169.359,48.0666
169.462,48.0666
169.567,48.0666
169.672,48.0666
169.777,48.0666
169.882,48.0666
169.987,48.0666
170.092,48.0666
170.197,48.0666
170.302,48.0666
170.407,48.0666
170.512,48.0666
170.617,48.0666
170.722,48.0666
170.827,48.0666
170.932,48.0666
171.037,48.0666
171.142,48.0666
171.247,48.0666
171.352,48.0666
171.457,48.0666
171.562,48.0666
171.667,48.0666
171.772,48.0666
171.877,48.0666
171.982,48.0666
172.087,48.0666
172.192,48.0666
172.297,48.0666
172.402,48.0666
172.507,48.0666
172.612,48.0666
172.717,48.0666
172.822,48.0666
172.927,48.0666
173.032,48.0666
173.137,48.0666
173.242,48.0666
173.347,48.0666
173.452,48.0666
173.557,48.0666
173.662,48.0666
173.767,48.0666
173.872,48.0666
173.977,48.0666
174.082,48.0666
174.187,48.0666
174.292,48.0666
174.397,48.0666
174.502,48.0666
174.609,48.0666
174.712,48.0666
174.817,48.0666
174.922,48.0666
175.027,48.0666
175.132,48.0666
175.237,48.0666
175.342,48.0666
175.447,48.0666
175.552,48.0666
175.657,48.0666
175.762,48.0666
175.867,48.0666
175.972,48.0666
176.077,48.0666
176.182,48.0666
176.287,48.0666
176.392,48.0666
176.497,48.0666
176.602,48.0666
176.707,48.0666
176.812,48.0666
176.917,48.0666
177.022,48.0666
177.127,48.0666
177.232,48.0666
177.337,48.0666
177.442,48.0666
177.547,48.0666
177.652,48.0666
177.757,48.0666
177.862,48.0666
177.967,48.0666
178.072,48.0666
178.177,48.0666
178.282,48.0666
178.387,48.0666
178.492,48.0666
178.597,48.0666
178.702,48.0666
178.807,48.0666
178.912,48.0666
179.017,48.0666
179.122,48.0666
179.227,48.0666
179.332,48.0666
179.437,48.0666
179.542,48.0666
179.647,48.0666
179.752,48.0666
179.859,48.0666
179.962,48.0666
180.067,48.0666
180.172,48.0666
180.277,48.0666
180.382,48.0666
180.487,48.0666
180.592,48.0666
180.697,48.0666
180.802,48.0666
180.907,48.0666
181.012,48.0666
181.117,48.0666
181.222,48.0666
181.327,48.0666
181.432,48.0666
181.537,48.0666
181.642,48.0666
181.747,48.0666
181.852,48.0666
181.957,48.0666
182.062,48.0666
182.167,48.0666
182.272,48.0666
182.377,48.0666
182.482,48.0666
182.587,48.0666
182.692,48.0666
182.797,48.0666
182.902,48.0666
183.007,48.0666
183.112,48.0666
183.217,48.0666
183.322,48.0666
183.427,48.0666
183.532,48.0666
183.637,48.0666
183.742,48.0666
183.847,48.0666
183.952,48.0666
184.057,48.0666
184.162,48.0666
184.267,48.0666
184.372,48.0666
184.477,48.0666
184.582,48.0666
184.687,48.0666
184.792,48.0666
184.897,48.0666
185.002,48.0666
185.109,48.0666
185.212,48.0666
185.317,48.0666
185.422,48.0666
185.527,48.0666
185.632,48.0666
185.737,48.0666
185.842,48.0666
185.947,48.0666
186.052,48.0666
186.157,48.0666
186.262,48.0666
186.367,48.0666
186.472,48.0666
186.577,48.0666
186.682,48.0666
186.787,48.0666
186.892,48.0666
186.997,48.0666
187.102,48.0666
187.207,48.0666
187.312,48.0666
187.417,48.0666
187.522,48.0666
187.627,48.0666
187.732,48.0666
187.837,48.0666
187.942,48.0666
188.047,48.0666
188.152,48.0666
188.257,48.0666
188.362,48.0666
188.467,48.0666
188.572,48.0666
188.677,48.0666
188.782,48.0666
188.887,48.0666
188.992,48.0666
189.097,48.0666
189.202,48.0666
189.307,48.0666
189.412,48.0666
189.517,48.0666
189.622,48.0666
189.727,48.0666
189.832,48.0666
189.937,48.0666
190.042,48.0666
190.147,48.0666
190.252,48.0666
190.359,48.0666
190.462,48.0666
190.567,48.0666
190.672,48.0666
190.777,48.0666
190.882,48.0666
190.987,48.0666
191.092,48.0666
191.197,48.0666
191.302,48.0666
191.407,48.0666
191.512,48.0666
191.617,48.0666
191.722,48.0666
191.827,48.0666
191.932,48.0666
192.037,48.0666
192.142,48.0666
192.247,48.0666
192.352,48.0666
192.457,48.0666
192.562,48.0666
192.667,48.0666
192.772,48.0666
192.877,48.0666
192.982,48.0666
193.087,48.0666
193.192,48.0666
193.297,48.0666
193.402,48.0666
193.507,48.0666
193.612,48.0666
193.717,48.0666
193.822,48.0666
193.927,48.0666
194.032,48.0666
194.137,48.0666
194.242,48.0666
194.347,48.0666
194.452,48.0666
194.557,48.0666
194.662,48.0666
194.767,48.0666
194.872,48.0666
194.977,48.0666
195.082,48.0666
195.187,48.0666
195.292,48.0666
195.397,48.0666
195.502,48.0666
195.619,48.0666
195.712,48.0666
195.817,48.0666
195.922,48.0666
196.027,48.0666
196.132,48.0666
196.237,48.0666
196.342,48.0666
196.447,48.0666
196.552,48.0666
196.657,48.0666
196.762,48.0666
196.867,48.0666
196.972,48.0666
197.077,48.0666
197.182,48.0666
197.287,48.0666
197.392,48.0666
197.497,48.0666
197.602,48.0666
197.707,48.0666
197.812,48.0666
197.917,48.0666
198.022,48.0666
198.127,48.0666
198.232,48.0666
198.337,48.0666
198.442,48.0666
198.547,48.0666
198.652,48.0666
198.757,48.0666
198.862,48.0666
198.967,48.0666
199.072,48.0666
199.177,48.0666
199.282,48.0666
199.387,48.0666
199.492,48.0666
199.597,48.0666
199.702,48.0666
199.807,48.0666
199.912,48.0666
200.017,48.0666
200.122,48.0666
200.227,48.0666
200.332,48.0666
200.437,48.0666
200.542,48.0666
200.647,48.0666
200.752,48.0666
200.869,48.0666
200.962,48.0666
201.067,48.0666
201.172,48.0666
201.277,48.0666
201.382,48.0666
201.487,48.0666
201.592,48.0666
201.697,48.0666
201.802,48.0666
201.907,48.0666
202.012,48.0666
202.117,48.0666
202.222,48.0666
202.327,48.0666
202.432,48.0666
202.537,48.0666
202.642,48.0666
202.747,48.0666
202.852,48.0666
202.957,48.0666
203.062,48.0666
203.167,48.0666
203.272,48.0666
203.377,48.0666
203.482,48.0666
203.587,48.0666
203.692,48.0666
203.797,48.0666
203.902,48.0666
204.007,48.0666
204.112,48.0666
204.217,48.0666
204.322,48.0666
204.427,48.0666
204.532,48.0666
204.637,48.0666
204.742,48.0666
204.847,48.0666
204.952,48.0666
205.057,48.0666
205.162,48.0666
205.267,48.0666
205.372,48.0666
205.477,48.0666
205.582,48.0666
205.687,48.0666
205.792,48.0666
205.897,48.0666
206.002,48.0666
206.109,48.0666
206.212,48.0666
206.317,48.0666
206.422,48.0666
206.527,48.0666
206.632,48.0666
206.737,48.0666
206.842,48.0666
206.947,48.0666
207.052,48.0666
207.157,48.0666
207.262,48.0666
207.367,48.0666
207.472,48.0666
207.577,48.0666
207.682,48.0666
207.787,48.0666
207.892,48.0666
207.997,48.0666
208.102,48.0666
208.207,48.0666
208.312,48.0666
208.417,48.0666
208.522,48.0666
208.627,48.0666
208.732,48.0666
208.837,48.0666
208.942,48.0666
209.047,48.0666
209.152,48.0666
209.257,48.0666
209.362,48.0666
209.467,48.0666
209.572,48.0666
209.677,48.0666
209.782,48.0666
209.887,48.0666
209.992,48.0666
210.097,48.0666
210.202,48.0666
210.307,48.0666
210.412,48.0666
210.517,48.0666
210.622,48.0666
210.727,48.0666
210.832,48.0666
210.937,48.0666
211.042,48.0666
211.147,48.0666
211.252,48.0666
211.359,48.0666
211.462,48.0666
211.567,48.0666
211.672,48.0666
211.777,48.0666
211.882,48.0666
211.987,48.0666
212.092,48.0666
212.197,48.0666
212.302,48.0666
212.407,48.0666
212.512,48.0666
212.617,48.0666
212.722,48.0666
212.827,48.0666
212.932,48.0666
213.037,48.0666
213.142,48.0666
213.247,48.0666
213.352,48.0666
213.457,48.0666
213.562,48.0666
213.667,48.0666
213.772,48.0666
213.877,48.0666
213.982,48.0666
214.087,48.0666
214.192,48.0666
214.297,48.0666
214.402,48.0666
214.507,48.0666
214.612,48.0666
214.717,48.0666
214.822,48.0666
214.927,48.0666
215.032,48.0666
215.137,48.0666
215.242,48.0666
215.347,48.0666
215.452,48.0666
215.557,48.0666
215.662,48.0666
215.767,48.0666
215.872,48.0666
215.977,48.0666
216.082,48.0666
216.187,48.0666
216.292,48.0666
216.397,48.0666
216.502,48.0666
216.609,48.0666
216.712,48.0666
216.817,48.0666
216.922,48.0666
217.027,48.0666
217.132,48.0666
217.237,48.0666
217.342,48.0666
217.447,48.0666
217.552,48.0666
217.657,48.0666
217.762,48.0666
217.867,48.0666
217.972,48.0666
218.077,48.0666
218.182,48.0666
218.287,48.0666
218.392,48.0666
218.497,48.0666
218.602,48.0666
218.707,48.0666
218.812,48.0666
218.917,48.0666
219.022,48.0666
219.127,48.0666
219.232,48.0666
219.337,48.0666
219.442,48.0666
219.547,48.0666
219.652,48.0666
219.757,48.0666
219.862,48.0666
219.967,48.0666
220.072,48.0666
220.177,48.0666
220.282,48.0666
220.387,48.0666
220.492,48.0666
220.597,48.0666
220.702,48.0666
220.807,48.0666
220.912,48.0666
221.017,48.0666
221.122,48.0666
221.227,48.0666
221.332,48.0666
221.437,48.0666
221.542,48.0666
221.647,48.0666
221.752,48.0666
221.859,48.0666
221.962,48.0666
222.067,48.0666
222.172,48.0666
222.277,48.0666
222.382,48.0666
222.487,48.0666
222.592,48.0666
222.697,48.0666
222.802,48.0666
222.907,48.0666
223.012,48.0666
223.117,48.0666
223.222,48.0666
223.327,48.0666
223.432,48.0666
223.537,48.0666
223.642,48.0666
223.747,48.0666
223.852,48.0666
223.957,48.0666
224.062,48.0666
224.167,48.0666
224.272,48.0666
224.377,48.0666
224.482,48.0666
224.587,48.0666
224.692,48.0666
224.797,48.0666
224.902,48.0666
225.007,48.0666
225.112,48.0666
225.217,48.0666
225.322,48.0666
225.427,48.0666
225.532,48.0666
225.637,48.0666
225.742,48.0666
225.847,48.0666
225.952,48.0666
226.057,48.0666
226.162,48.0666
226.267,48.0666
226.372,48.0666
226.477,48.0666
226.582,48.0666
226.687,48.0666
226.792,48.0666
226.897,48.0666
227.002,48.0666
227.109,48.0666
227.212,48.0666
227.317,48.0666
227.422,48.0666
227.527,48.0666
227.632,48.0666
227.737,48.0666
227.842,48.0666
227.947,48.0666
228.052,48.0666
228.157,48.0666
228.262,48.0666
228.367,48.0666
228.472,48.0666
228.577,48.0666
228.682,48.0666
228.787,48.0666
228.892,48.0666
228.997,48.0666
229.102,48.0666
229.207,48.0666
229.312,48.0666
229.417,48.0666
229.522,48.0666
229.627,48.0666
229.732,48.0666
229.837,48.0666
229.942,48.0666
230.047,48.0666
230.152,48.0666
230.257,48.0666
230.362,48.0666
230.467,48.0666
230.572,48.0666
230.677,48.0666
230.782,48.0666
230.887,48.0666
230.992,48.0666
231.097,48.0666
231.202,48.0666
231.307,48.0666
231.412,48.0666
231.517,48.0666
231.622,48.0666
231.727,48.0666
231.832,48.0666
231.937,48.0666
232.042,48.0666
232.147,48.0666
232.252,48.0666
232.359,48.0666
232.462,48.0666
232.567,48.0666
232.672,48.0666
232.777,48.0666
232.882,48.0666
232.987,48.0666
233.092,48.0666
233.197,48.0666
233.302,48.0666
233.407,48.0666
233.512,48.0666
233.617,48.0666
233.722,48.0666
233.827,48.0666
233.932,48.0666
234.037,48.0666
234.142,48.0666
234.247,48.0666
234.352,48.0666
234.457,48.0666
234.562,48.0666
234.667,48.0666
234.772,48.0666
234.877,48.0666
234.982,48.0666
235.087,48.0666
235.192,48.0666
235.297,48.0666
235.402,48.0666
235.507,48.0666
235.612,48.0666
235.717,48.0666
235.822,48.0666
235.927,48.0666
236.032,48.0666
236.137,48.0666
236.242,48.0666
236.347,48.0666
236.452,48.0666
236.557,48.0666
236.662,48.0666
236.767,48.0666
236.872,48.0666
236.977,48.0666
237.082,48.0666
237.187,48.0666
237.292,48.0666
237.397,48.0666
237.502,48.0666
237.609,48.0666
237.712,48.0666
237.817,48.0666
237.922,48.0666
238.027,48.0666
238.132,48.0666
238.237,48.0666
238.342,48.0666
238.447,48.0666
238.552,48.0666
238.657,48.0666
238.762,48.0666
238.867,48.0666
238.972,48.0666
239.077,48.0666
239.182,48.0666
239.287,48.0666
239.392,48.0666
239.497,48.0666
239.602,48.0666
239.707,48.0666
239.812,48.0666
239.917,48.0666
240.022,48.0666
240.127,48.0666
240.232,48.0666
240.337,48.0666
240.442,48.0666
240.547,48.0666
240.652,48.0666
240.757,48.0666
240.862,48.0666
240.967,48.0666
241.072,48.0666
241.177,48.0666
241.282,48.0666
241.387,48.0666
241.492,48.0666
241.597,48.0666
241.702,48.0666
241.807,48.0666
241.912,48.0666
242.017,48.0666
242.122,48.0666
242.227,48.0666
242.332,48.0666
242.437,48.0666
242.542,48.0666
242.647,48.0666
242.752,48.0666
242.859,48.0666
242.962,48.0666
243.067,48.0666
243.172,48.0666
243.277,48.0666
243.382,48.0666
243.487,48.0666
243.592,48.0666
243.697,48.0666
243.802,48.0666
243.907,48.0666
244.012,48.0666
244.117,48.0666
244.222,48.0666
244.327,48.0666
244.432,48.0666
244.537,48.0666
244.642,48.0666
244.747,48.0666
244.852,48.0666
244.957,48.0666
245.062,48.0666
245.167,48.0666
245.272,48.0666
245.377,48.0666
245.482,48.0666
245.587,48.0666
245.692,48.0666
245.797,48.0666
245.902,48.0666
246.007,48.0666
246.112,48.0666
246.217,48.0666
246.322,48.0666
246.427,48.0666
246.532,48.0666
246.637,48.0666
246.742,48.0666
246.847,48.0666
246.952,48.0666
247.057,48.0666
247.162,48.0666
247.267,48.0666
247.372,48.0666
247.477,48.0666
247.582,48.0666
247.687,48.0666
247.792,48.0666
247.897,48.0666
248.002,48.0666
248.109,48.0666
248.212,48.0666
248.317,48.0666
248.422,48.0666
248.527,48.0666
248.632,48.0666
248.737,48.0666
248.842,48.0666
248.947,48.0666
249.052,48.0666
249.157,48.0666
249.262,48.0666
249.367,48.0666
249.472,48.0666
249.577,48.0666
249.682,48.0666
249.787,48.0666
249.892,48.0666
249.997,48.0666
250.102,48.0666
250.207,48.0666
250.312,48.0666
250.417,48.0666
250.522,48.0666
250.627,48.0666
250.732,48.0666
250.837,48.0666
250.942,48.0666
251.047,48.0666
251.152,48.0666
251.257,48.0666
251.362,48.0666
251.467,48.0666
251.572,48.0666
251.677,48.0666
251.782,48.0666
251.887,48.0666
251.992,48.0666
252.097,48.0666
252.202,48.0666
252.307,48.0666
252.412,48.0666
252.517,48.0666
252.622,48.0666
252.727,48.0666
252.832,48.0666
252.937,48.0666
253.042,48.0666
253.147,48.0666
253.252,48.0666
253.359,48.0666
253.462,48.0666
253.567,48.0666
253.672,48.0666
253.777,48.0666
253.882,48.0666
253.987,48.0666
254.092,48.0666
254.197,48.0666
254.302,48.0666
254.407,48.0666
254.512,48.0666
254.617,48.0666
254.722,48.0666
254.827,48.0666
254.932,48.0666
255.037,48.0666
255.142,48.0666
255.247,48.0666
255.352,48.0666
255.457,48.0666
255.562,48.0666
255.667,48.0666
255.772,48.0666
255.877,48.0666
255.982,48.0666
256.087,48.0666
256.192,48.0666
256.297,48.0666
256.402,48.0666
256.507,48.0666
256.612,48.0666
256.717,48.0666
256.822,48.0666
256.927,48.0666
257.032,48.0666
257.137,48.0666
257.242,48.0666
257.347,48.0666
257.452,48.0666
257.557,48.0666
257.662,48.0666
257.767,48.0666
257.872,48.0666
257.977,48.0666
258.082,48.0666
258.187,48.0666
258.292,48.0666
258.397,48.0666
258.502,48.0666
258.609,48.0666
258.712,48.0666
258.817,48.0666
258.922,48.0666
259.027,48.0666
259.132,48.0666
259.237,48.0666
259.342,48.0666
259.447,48.0666
259.552,48.0666
259.657,48.0666
259.762,48.0666
259.867,48.0666
259.972,48.0666
260.077,48.0666
260.182,48.0666
260.287,48.0666
260.392,48.0666
260.497,48.0666
260.602,48.0666
260.707,48.0666
260.812,48.0666
260.917,48.0666
261.022,48.0666
261.127,48.0666
261.232,48.0666
261.337,48.0666
261.442,48.0666
261.547,48.0666
261.652,48.0666
261.757,48.0666
261.862,48.0666
261.967,48.0666
262.072,48.0666
262.177,48.0666
262.282,48.0666
262.387,48.0666
262.492,48.0666
262.597,48.0666
262.702,48.0666
262.807,48.0666
262.912,48.0666
263.017,48.0666
263.122,48.0666
263.227,48.0666
263.332,48.0666
263.437,48.0666
263.542,48.0666
263.647,48.0666
263.752,48.0666
263.859,48.0666
263.962,48.0666
264.067,48.0666
264.172,48.0666
264.277,48.0666
264.382,48.0666
264.487,48.0666
264.592,48.0666
264.697,48.0666
264.802,48.0666
264.907,48.0666
265.012,48.0666
265.117,48.0666
265.222,48.0666
265.327,48.0666
265.432,48.0666
265.537,48.0666
265.642,48.0666
265.747,48.0666
265.852,48.0666
265.957,48.0666
266.062,48.0666
266.167,48.0666
266.272,48.0666
266.377,48.0666
266.482,48.0666
266.587,48.0666
266.692,48.0666
266.797,48.0666
266.902,48.0666
267.007,48.0666
267.112,48.0666
267.217,48.0666
267.322,48.0666
267.427,48.0666
267.532,48.0666
267.637,48.0666
267.742,48.0666
267.847,48.0666
267.952,48.0666
268.057,48.0666
268.162,48.0666
268.267,48.0666
268.372,48.0666
268.477,48.0666
268.582,48.0666
268.687,48.0666
268.792,48.0666
268.897,48.0666
269.002,48.0666
269.109,48.0666
269.212,48.0666
269.317,48.0666
269.422,48.0666
269.527,48.0666
269.632,48.0666
269.737,48.0666
269.842,48.0666
269.947,48.0666
270.052,48.0666
270.157,48.0666
270.262,48.0666
270.367,48.0666
270.472,48.0666
270.577,48.0666
270.682,48.0666
270.787,48.0666
270.892,48.0666
270.997,48.0666
271.102,48.0666
271.207,48.0666
271.312,48.0666
271.417,48.0666
271.522,48.0666
271.627,48.0666
271.732,48.0666
271.837,48.0666
271.942,48.0666
272.047,48.0666
272.152,48.0666
272.257,48.0666
272.362,48.0666
272.467,48.0666
272.572,48.0666
272.677,48.0666
272.782,48.0666
272.887,48.0666
272.992,48.0666
273.097,48.0666
273.202,48.0666
273.307,48.0666
273.412,48.0666
273.517,48.0666
273.622,48.0666
273.727,48.0666
273.832,48.0666
273.937,48.0666
274.042,48.0666
274.147,48.0666
274.252,48.0666
274.359,48.0666
274.462,48.0666
274.567,48.0666
274.672,48.0666
274.777,48.0666
274.882,48.0666
274.987,48.0666
275.092,48.0666
275.197,48.0666
275.302,48.0666
275.407,48.0666
275.512,48.0666
275.617,48.0666
275.722,48.0666
275.827,48.0666
275.932,48.0666
276.037,48.0666
276.142,48.0666
276.247,48.0666
276.352,48.0666
276.457,48.0666
276.562,48.0666
276.667,48.0666
276.772,48.0666
276.877,48.0666
276.982,48.0666
277.087,48.0666
277.192,48.0666
277.297,48.0666
277.402,48.0666
277.507,48.0666
277.612,48.0666
277.717,48.0666
277.822,48.0666
277.927,48.0666
278.032,48.0666
278.137,48.0666
278.242,48.0666
278.347,48.0666
278.452,48.0666
278.557,48.0666
278.662,48.0666
278.767,48.0666
278.872,48.0666
278.977,48.0666
279.082,48.0666
279.187,48.0666
279.292,48.0666
279.397,48.0666
279.502,48.0666
279.609,48.0666
279.712,48.0666
279.817,48.0666
279.922,48.0666
280.027,48.0666
280.132,48.0666
280.237,48.0666
280.342,48.0666
280.447,48.0666
280.552,48.0666
280.657,48.0666
280.762,48.0666
280.867,48.0666
280.972,48.0666
281.077,48.0666
281.182,48.0666
281.287,48.0666
281.392,48.0666
281.497,48.0666
281.602,48.0666
281.707,48.0666
281.812,48.0666
281.917,48.0666
282.022,48.0666
282.127,48.0666
282.232,48.0666
282.337,48.0666
282.442,48.0666
282.547,48.0666
282.652,48.0666
282.757,48.0666
282.862,48.0666
282.967,48.0666
283.072,48.0666
283.177,48.0666
283.282,48.0666
283.387,48.0666
283.492,48.0666
283.597,48.0666
283.702,48.0666
283.807,48.0666
283.912,48.0666
284.017,48.0666
284.122,48.0666
284.227,48.0666
284.332,48.0666
284.437,48.0666
284.542,48.0666
284.647,48.0666
284.752,48.0666
284.859,48.0666
284.962,48.0666
285.067,48.0666
285.172,48.0666
285.277,48.0666
285.382,48.0666
285.487,48.0666
285.592,48.0666
285.697,48.0666
285.802,48.0666
285.907,48.0666
286.012,48.0666
286.117,48.0666
286.222,48.0666
286.327,48.0666
286.432,48.0666
286.537,48.0666
286.642,48.0666
286.747,48.0666
286.852,48.0666
286.957,48.0666
287.062,48.0666
287.167,48.0666
287.272,48.0666
287.377,48.0666
287.482,48.0666
287.587,48.0666
287.692,48.0666
287.797,48.0666
287.902,48.0666
288.007,48.0666
288.112,48.0666
288.217,48.0666
289.934,48.0666
290.039,48.0666
290.144,48.0666
290.249,48.0666
290.354,48.0666
290.459,48.0666
290.564,48.0665
290.669,48.0665
290.774,48.0665
290.879,48.0665
290.984,48.0665
291.089,48.0665
291.194,48.0665
291.299,48.0665
291.404,48.0665
291.509,48.0664
291.614,48.0664
291.719,48.0664
291.824,48.0664
291.929,48.0664
292.034,48.0664
292.139,48.0664
292.244,48.0664
292.349,48.0664
292.454,48.0664
292.559,48.0662
292.664,48.0662
292.769,48.0662
292.874,48.0662
292.979,48.0662
293.084,48.0662
293.189,48.0662
293.294,48.0662
293.399,48.0662
293.504,48.0662
293.609,48.0661
293.714,48.0661
293.819,48.0661
293.924,48.0661
294.029,48.0661
294.134,48.0661
294.239,48.0661
294.344,48.0661
294.449,48.0661
294.554,48.0659
294.659,48.0659
294.764,48.0659
294.869,48.0659
294.974,48.0659
295.079,48.0659
295.184,48.0659
295.289,48.0659
295.394,48.0659
295.499,48.0659
295.604,48.0658
295.709,48.0658
295.814,48.0658
295.919,48.0658
296.024,48.0658
296.129,48.0658
296.234,48.0658
296.339,48.0658
296.444,48.0658
296.549,48.0657
296.654,48.0657
296.759,48.0657
296.864,48.0657
296.969,48.0657
297.074,48.0657
297.179,48.0657
297.284,48.0657
297.389,48.0657
297.494,48.0657
297.599,48.0657
297.704,48.0657
297.809,48.0657
297.914,48.0657
298.021,48.0657
298.124,48.0657
298.229,48.0657
298.334,48.0657
298.439,48.0657
298.544,48.0657
298.649,48.0657
298.754,48.0657
298.859,48.0657
298.964,48.0657
299.069,48.0657
299.174,48.0657
299.279,48.0657
299.384,48.0657
299.489,48.0657
299.594,48.0657
299.699,48.0657
299.804,48.0657
299.909,48.0657
300.014,48.0657
300.119,48.0657
300.224,48.0657
300.329,48.0657
300.434,48.0657
300.539,48.0658
300.644,48.0658
300.749,48.0658
300.854,48.0658
300.959,48.0658
301.064,48.0658
301.169,48.0658
301.274,48.0658
301.379,48.0658
301.484,48.0658
301.589,48.066
301.694,48.066
301.799,48.066
301.904,48.066
302.009,48.066
302.114,48.066
302.219,48.066
302.324,48.066
302.429,48.066
302.534,48.0661
302.639,48.0661
302.744,48.0661
302.849,48.0661
302.954,48.0661
303.059,48.0661
303.164,48.0661
303.269,48.0661
303.374,48.0661
303.479,48.0661
303.584,48.0661
303.689,48.0661
303.794,48.0661
303.899,48.0661
304.004,48.0661
304.109,48.0661
304.214,48.0661
304.319,48.0661
304.424,48.0661
304.529,48.0659
304.634,48.0659
304.739,48.0659
304.844,48.0659
304.949,48.0659
305.054,48.0659
305.159,48.0659
305.264,48.0659
305.369,48.0659
305.474,48.0659
305.579,48.0658
305.684,48.0658
305.789,48.0658
305.894,48.0658
305.999,48.0658
306.104,48.0658
306.209,48.0658
306.314,48.0658
306.419,48.0658
306.524,48.0657
306.629,48.0657
306.734,48.0657
306.839,48.0657
306.944,48.0657
307.049,48.0657
307.154,48.0657
