#time, ms[]
27.9011,0
28.0061,0
28.1111,0
28.2161,0
28.3211,0
28.4261,0
28.5311,0
28.6361,0
28.7411,0
28.8461,0
28.9511,0
29.0561,0
29.1611,0
29.2661,0
29.3711,0
29.4761,0
29.5811,0
29.6861,0
29.7911,0
29.8961,0
30.0011,0
30.1061,0
30.2111,0
30.3161,0
30.4211,0
30.5261,0
30.6311,0
30.7361,0
30.8411,0
30.9461,0
31.0511,0
31.1561,0
31.2611,0
31.3661,0
31.4711,0
31.5761,0
31.6811,0
31.7861,0
31.8911,0
31.9961,0
32.1011,0
32.2061,0
32.3111,0
32.4161,0
32.5211,0
32.6261,0
32.7311,0
32.8361,0
32.9427,0
33.0461,0
33.1511,0
33.2561,0
33.3611,0
33.4661,0
33.5711,0
33.6761,0
33.7811,0
33.8861,0
33.9911,0
34.0961,0
34.2011,0
34.3061,0
34.4111,0
34.5161,0
34.6211,0
34.7261,0
34.8311,0
34.9361,0
35.0411,0
35.1461,0
35.2511,0
35.3561,0
35.4611,0
35.5661,0
35.6711,0
35.7761,0
35.8811,0
35.9861,0
36.0911,0
36.1961,0
36.3011,0
36.4061,0
36.5111,0
36.6161,0
36.7211,0
36.8261,0
36.9311,0
37.0361,0
37.1411,0
37.2461,0
37.3511,0
37.4561,0
37.5611,0
37.6661,0
37.7711,0
37.8761,0
37.9811,0
38.0861,0
38.1927,0
38.2961,0
38.4011,0
38.5061,0
38.6111,0
38.7161,0
38.8211,0
38.9261,0
39.0311,0
39.1361,0
39.2411,0
39.3461,0
39.4511,0
39.5561,0
39.6611,0
39.7871,0
39.8921,0
39.9971,0
40.1021,0
40.2071,0
40.3121,0
40.4171,0
40.5221,0
40.6271,0
40.7321,0
40.8371,0
40.9421,0
41.0471,0
41.1521,0
41.2571,0
41.3621,0
41.4671,0
41.5721,0
41.6771,0
41.7821,0
41.8871,0
41.9921,0
42.0971,0
42.2021,0
42.3071,0
42.4121,0
42.5171,0
42.6221,0
42.7271,0
42.8321,0
42.9371,0
43.0421,0
43.1471,0
43.2521,0
43.3588,0
43.4621,0
43.5671,0
43.6721,0
43.7771,0
43.8821,0
43.9871,0
44.0921,0
44.1971,0
44.3021,0
44.4071,0
44.5121,0
44.6171,0
44.7221,0
44.8271,0
44.9321,0
45.0371,0
45.1421,0
45.2471,0
45.3521,0
45.4571,0
45.5621,0
45.6671,0
45.7721,0
45.8771,0
45.9821,0
46.0871,0
46.1921,0
46.2971,0
46.4021,0
46.5071,0
46.6121,0
46.7171,0
46.8221,0
46.9271,0
47.0321,0
47.1371,0
47.2421,0
47.3471,0
47.4521,0
47.5571,0
47.6621,0
47.7671,0
47.8721,0
47.9771,0
48.0821,0
48.1871,0
48.2921,0
48.3971,0
48.5021,0
48.6088,0
48.7121,0
48.8171,0
48.9221,0
49.0271,0
49.1321,0
49.2371,0
49.3421,0
49.4471,0
49.5521,0
49.6571,0
49.7621,0
49.8671,0
49.9721,0
50.0771,0
50.1821,0
50.2871,0
50.3921,0
50.4971,0
50.6021,0
50.7071,0
50.8121,0
50.9171,0
51.0221,0
51.1271,0
51.2321,0
51.3371,0
51.4421,0
51.5471,0
51.6521,0
51.7571,0
51.8621,0
51.9671,0
52.0721,0
52.1771,0
52.2821,0
52.3871,0
52.4921,0
52.5971,0
52.7021,0
52.8071,0
52.9121,0
53.0171,0
53.1221,0
53.2271,0
53.3321,0
53.4371,0
53.5421,0
53.6471,0
53.7521,0
53.8668,0
53.9621,0
54.0671,0
54.1721,0
54.2771,0
54.3821,0
54.4871,0
54.5921,0
54.6971,0
54.8021,0
54.9071,0
55.0121,0
55.1171,0
55.2221,0
55.3271,0
55.4321,0
55.5371,0
55.6421,0
55.7471,0
55.8521,0
55.9571,0
56.0621,0
56.1671,0
56.2721,0
56.3771,0
56.4821,0
56.5871,0
56.6921,0
56.7971,0
56.9021,0
57.0071,0
57.1121,0
57.2171,0
57.3221,0
57.4271,0
57.5321,0
57.6371,0
57.7421,0
57.8471,0
57.9521,0
58.0571,0
58.1621,0
58.2671,0
58.3721,0
58.4771,0
58.5821,0
58.6871,0
58.7921,0
58.8971,0
59.0021,0
59.1169,0
59.2121,0
59.3171,0
59.4221,0
59.5271,0
59.6321,0
59.7371,0
59.8421,0
59.9471,0
60.0521,0
60.1571,0
60.2621,0
60.3671,0
60.4721,0
60.5771,0
60.6821,0
60.7871,0
60.8921,0
60.9971,0
61.1021,0
61.2071,0
61.3121,0
61.4171,0
61.5221,0
61.6271,0
61.7321,0
61.8371,0
61.9421,0
62.0471,0
62.1521,0
62.2571,0
62.3621,0
62.4671,0
62.5721,0
62.6771,0
62.7821,0
62.8871,0
62.9921,0
63.0971,0
63.2021,0
63.3071,0
63.4121,0
63.5171,0
63.6221,0
63.7271,0
63.8321,0
63.9371,0
64.0421,0
64.1471,0
64.2521,0
64.3588,0
64.4621,0
64.5671,0
64.6721,0
64.7771,0
64.8821,0
64.9871,0
65.0921,0
65.1971,0
65.3021,0
65.4071,0
65.5121,0
65.6171,0
65.7221,0
65.8271,0
65.9321,0
66.0371,0
66.1421,0
66.2471,0
66.3521,0
66.4572,0
66.5621,0
66.6671,0
66.7721,0
66.8771,0
66.9821,0
67.0871,0
67.1921,0
67.2971,0
67.4021,0
67.5071,0
67.6121,0
67.7171,0
67.8221,0
67.9271,0
68.0321,0
68.1371,0
68.2421,0
68.3471,0
68.4521,0
68.5571,0
68.6621,0
68.7671,0
68.8721,0
68.9771,0
69.0821,0
69.1871,0
69.2921,0
69.3971,0
69.5021,0
69.6088,0
69.7121,0
69.8171,0
69.9221,0
70.0271,0
70.1321,0
70.2371,0
70.3421,0
70.4471,0
70.5521,0
70.6571,0
70.7621,0
70.8671,0
70.9721,0
71.0771,0
71.1821,0
71.2871,0
71.3921,0
71.4971,0
71.6021,0
71.7071,0
71.8121,0
71.9171,0
72.0221,0
72.1271,0
72.2321,0
72.3371,0
72.4421,0
72.5471,0
72.6521,0
72.7571,0
72.8621,0
72.9671,0
73.0721,0
73.1771,0
73.2821,0
73.3871,0
73.4921,0
73.5971,0
73.7021,0
73.8071,0
73.9121,0
74.0171,0
74.1221,0
74.2271,0
74.3321,0
74.4371,0
74.5421,0
74.6471,0
74.7521,0
74.859,0
74.9621,0
75.0671,0
75.1721,0
75.2771,0
75.3821,0
75.4871,0
75.5921,0
75.6971,0
75.8021,0
75.9071,0
76.0121,0
76.1171,0
76.2221,0
76.3271,0
76.4321,0
76.5371,0
76.6421,0
76.7471,0
76.8521,0
76.9571,0
77.0621,0
77.1671,0
77.2721,0
77.3771,0
77.4821,0
77.5871,0
77.6921,0
77.7971,0
77.9021,0
78.0071,0
78.1121,0
78.2171,0
78.3221,0
78.4271,0
78.5321,0
78.6371,0
78.7421,0
78.8471,0
78.9521,0
79.0571,0
79.1621,0
79.2671,0
79.3721,0
79.4771,0
79.5821,0
79.6871,0
79.7921,0
79.8971,0
80.0021,0
80.1088,0
80.2121,0
80.3171,0
80.4221,0
80.5271,0
80.6321,0
80.7371,0
80.8421,0
80.9471,0
81.0521,0
81.1571,0
81.2621,0
81.3671,0
81.4721,0
81.5771,0
81.6821,0
81.7871,0
81.8921,0
81.9971,0
82.1021,0
82.2071,0
82.3121,0
82.4171,0
82.5221,0
82.6271,0
82.7321,0
82.8371,0
82.9421,0
83.0471,0
83.1521,0
83.2571,0
83.3621,0
83.4671,0
83.5721,0
83.6771,0
83.7821,0
83.8871,0
83.9921,0
84.0971,0
84.2021,0
84.3071,0
84.4121,0
84.5171,0
84.6221,0
84.7271,0
84.8321,0
84.9371,0
85.0421,0
85.1471,0
85.2521,0
85.3588,0
85.4621,0
85.5671,0
85.6721,0
85.7771,0
85.8821,0
85.9871,0
86.0921,0
86.1971,0
86.3021,0
86.4071,0
86.5121,0
86.6171,0
86.7221,0
86.8271,0
86.9321,0
87.0371,0
87.1421,0
87.2471,0
87.3521,0
87.4571,0
87.5621,0
87.6671,0
87.7721,0
87.8771,0
87.9821,0
88.0871,0
88.1921,0
88.2971,0
88.4021,0
88.5071,0
88.6121,0
88.7171,0
88.8221,0
88.9271,0
89.0321,0
89.1371,0
89.2421,0
89.3471,0
89.4521,0
89.5571,0
89.6621,0
89.7671,0
89.8721,0
89.9771,0
90.0821,0
90.1871,0
90.2921,0
90.3971,0
90.5021,0
90.6088,0
90.7121,0
90.8171,0
90.9221,0
91.0271,0
91.1321,0
91.2371,0
91.3421,0
91.4471,0
91.5521,0
91.6571,0
91.7621,0
91.8671,0
91.9721,0
92.0771,0
92.1821,0
92.2871,0
92.3921,0
92.4971,0
92.6021,0
92.7071,0
92.8121,0
92.9171,0
93.0221,0
93.1271,0
93.2321,0
93.3371,0
93.4421,0
93.5471,0
93.6521,0
93.7571,0
93.8621,0
93.9671,0
94.0721,0
94.1771,0
94.2821,0
94.3871,0
94.4921,0
94.5971,0
94.7021,0
94.8071,0
94.9121,0
95.0171,0
95.1221,0
95.2271,0
95.3321,0
95.4371,0
95.5421,0
95.6471,0
95.7521,0
95.8588,0
95.9621,0
96.0671,0
96.1721,0
96.2771,0
96.3821,0
96.4871,0
96.5921,0
96.6971,0
96.8021,0
96.9071,0
97.0121,0
97.1171,0
97.2221,0
97.3271,0
97.4321,0
97.5371,0
97.6421,0
97.7471,0
97.8521,0
97.9571,0
98.0621,0
98.1671,0
98.2721,0
98.3771,0
98.4821,0
98.5871,0
98.6921,0
98.7971,0
98.9021,0
99.0071,0
99.1121,0
99.2171,0
99.3221,0
99.4271,0
99.5321,0
99.6371,0
99.7421,0
99.8471,0
99.9521,0
100.057,0
100.162,0
100.267,0
100.372,0
100.477,0
100.582,0
100.687,0
100.792,0
100.897,0
101.002,0
101.109,0
101.212,0
101.317,0
101.422,0
101.527,0
101.632,0
101.737,0
101.842,0
101.947,0
102.052,0
102.157,0
102.262,0
102.367,0
102.472,0
102.577,0
102.682,0
102.787,0
102.892,0
102.997,0
103.102,0
103.207,0
103.312,0
103.417,0
103.522,0
103.627,0
103.732,0
103.837,0
103.942,0
104.047,0
104.152,0
104.257,0
104.362,0
104.467,0
104.572,0
104.677,0
104.782,0
104.887,0
104.992,0
105.097,0
105.202,0
105.307,0
105.412,0
105.517,0
105.622,0
105.727,0
105.832,0
105.937,0
106.042,0
106.147,0
106.252,0
106.359,0
106.462,0
106.567,0
106.672,0
106.777,0
106.882,0
106.987,0
107.092,0
107.197,0
107.302,0
107.407,0
107.512,0
107.617,0
107.722,0
107.827,0
107.932,0
108.037,0
108.142,0
108.247,0
108.352,0
108.457,0
108.562,0
108.667,0
108.772,0
108.877,0
108.982,0
109.087,0
109.192,0
109.297,0
109.402,0
109.507,0
109.612,0
109.717,0
109.822,0
109.927,0
110.032,0
110.137,0
110.242,0
110.347,0
110.452,0
110.557,0
110.662,0
110.767,0
110.872,0
110.977,0
111.082,0
111.187,0
111.292,0
111.397,0
111.502,0
111.609,0
111.712,0
111.817,0
111.922,0
112.027,0
112.132,0
112.237,0
112.342,0
112.447,0
112.552,0
112.657,0
112.762,0
112.867,0
112.972,0
113.077,0
113.182,0
113.287,0
113.392,0
113.497,0
113.602,0
113.707,0
113.812,0
113.917,0
114.022,0
114.127,0
114.232,0
114.337,0
114.442,0
114.547,0
114.652,0
114.757,0
114.862,0
114.967,0
115.072,0
115.177,0
115.282,0
115.387,0
115.492,0
115.597,0
115.702,0
115.807,0
115.912,0
116.017,0
116.122,0
116.227,0
116.332,0
116.437,0
116.542,0
116.647,0
116.752,0
116.859,0
116.962,0
117.067,0
117.172,0
117.277,0
117.382,0
117.487,0
117.592,0
117.697,0
117.802,0
117.907,0
118.012,0
118.117,0
118.222,0
118.327,0
118.432,0
118.537,0
118.642,0
118.747,0
118.852,0
118.957,0
119.062,0
119.167,0
119.272,0
119.377,0
119.482,0
119.587,0
119.692,0
119.797,0
119.902,0
120.007,0
120.112,0
120.217,0
120.322,0
120.427,0
120.532,0
120.637,0
120.742,0
120.847,0
120.952,0
121.057,0
121.162,0
121.267,0
121.372,0
121.477,0
121.582,0
121.687,0
121.792,0
121.897,0
122.002,0
122.109,0
122.212,0
122.317,0
122.422,0
122.527,0
122.632,0
122.737,0
122.842,0
122.947,0
123.052,0
123.157,0
123.262,0
123.367,0
123.472,0
123.577,0
123.682,0
123.787,0
123.892,0
123.997,0
124.102,0
124.207,0
124.312,0
124.417,0
124.522,0
124.627,0
124.732,0
124.837,0
124.942,0
125.047,0
125.152,0
125.257,0
125.362,0
125.467,0
125.572,0
125.677,0
125.782,0
125.887,0
125.992,0
126.097,0
126.202,0
126.307,0
126.412,0
126.517,0
126.622,0
126.727,0
126.832,0
126.937,0
127.042,0
127.147,0
127.252,0
127.359,0
127.462,0
127.567,0
127.672,0
127.777,0
127.882,0
127.987,0
128.092,0
128.197,0
128.302,0
128.407,0
128.512,0
128.617,0
128.722,0
128.827,0
128.932,0
129.037,0
129.142,0
129.247,0
129.352,0
129.457,0
129.562,0
129.667,0
129.772,0
129.877,0
129.982,0
130.087,0
130.192,0
130.297,0
130.402,0
130.507,0
130.612,0
130.717,0
130.822,0
130.927,0
131.032,0
131.137,0
131.242,0
131.347,0
131.452,0
131.557,0
131.662,0
131.767,0
131.872,0
131.977,0
132.082,0
132.187,0
132.292,0
132.397,0
132.502,0
132.609,0
132.712,0
132.817,0
132.922,0
133.027,0
133.132,0
133.237,0
133.342,0
133.447,0
133.552,0
133.657,0
133.762,0
133.867,0
133.972,0
134.077,0
134.182,0
134.287,0
134.392,0
134.497,0
134.602,0
134.707,0
134.812,0
134.917,0
135.022,0
135.127,0
135.232,0
135.337,0
135.442,0
135.547,0
135.652,0
135.757,0
135.862,0
135.967,0
136.072,0
136.177,0
136.282,0
136.387,0
136.492,0
136.597,0
136.702,0
136.807,0
136.912,0
137.017,0
137.122,0
137.227,0
137.332,0
137.437,0
137.542,0
137.647,0
137.752,0
137.859,0
137.962,0
138.067,0
138.172,0
138.277,0
138.382,0
138.487,0
138.592,0
138.697,0
138.802,0
138.907,0
139.012,0
139.117,0
139.222,0
139.327,0
139.432,0
139.537,0
139.642,0
139.747,0
139.852,0
139.957,0
140.062,0
140.167,0
140.272,0
140.377,0
140.482,0
140.587,0
140.692,0
140.797,0
140.902,0
141.007,0
141.112,0
141.217,0
141.322,0
141.427,0
141.532,0
141.637,0
141.742,0
141.847,0
141.952,0
142.057,0
142.162,0
142.267,0
142.372,0
142.477,0
142.582,0
142.687,0
142.792,0
142.897,0
143.002,0
143.109,0
143.212,0
143.317,0
143.422,0
143.527,0
143.632,0
143.737,0
143.842,0
143.947,0
144.052,0
144.157,0
144.262,0
144.367,0
144.472,0
144.577,0
144.682,0
144.787,0
144.892,0
144.997,0
145.102,0
145.207,0
145.312,0
145.417,0
145.522,0
145.627,0
145.732,0
145.837,0
145.942,0
146.047,0
146.152,0
146.257,0
146.362,0
146.467,0
146.572,0
146.677,0
146.782,0
146.887,0
146.992,0
147.097,0
147.202,0
147.307,0
147.412,0
147.517,0
147.622,0
147.727,0
147.832,0
147.937,0
148.042,0
148.147,0
148.252,0
148.359,0
148.462,0
148.567,0
148.672,0
148.777,0
148.882,0
148.987,0
149.092,0
149.197,0
149.302,0
149.407,0
149.512,0
149.617,0
149.722,0
149.827,0
149.932,0
150.037,0
150.142,0
150.247,0
150.352,0
150.457,0
150.562,0
150.667,0
150.772,0
150.877,0
150.982,0
151.087,0
151.192,0
151.297,0
151.402,0
151.507,0
151.612,0
151.717,0
151.822,0
151.927,0
152.032,0
152.137,0
152.242,0
152.347,0
152.452,0
152.557,0
152.662,0
152.767,0
152.872,0
152.977,0
153.082,0
153.187,0
153.292,0
153.397,0
153.502,0
153.609,0
153.712,0
153.817,0
153.922,0
154.027,0
154.132,0
154.237,0
154.342,0
154.447,0
154.552,0
154.657,0
154.762,0
154.867,0
154.972,0
155.077,0
155.182,0
155.287,0
155.392,0
155.497,0
155.602,0
155.707,0
155.812,0
155.917,0
156.022,0
156.127,0
156.232,0
156.337,0
156.442,0
156.547,0
156.652,0
156.757,0
156.862,0
156.967,0
157.072,0
157.177,0
157.282,0
157.387,0
157.492,0
157.597,0
157.702,0
157.807,0
157.912,0
158.017,0
158.122,0
158.227,0
158.332,0
158.437,0
158.542,0
158.647,0
158.752,0
158.859,0
158.962,0
159.067,0
159.172,0
159.277,0
159.382,0
159.487,0
159.592,0
159.697,0
159.802,0
159.907,0
160.012,0
160.117,0
160.222,0
160.327,0
160.432,0
160.537,0
160.642,0
160.747,0
160.852,0
160.957,0
161.062,0
161.167,0
161.272,0
161.377,0
161.482,0
161.587,0
161.692,0
161.797,0
161.902,0
162.007,0
162.112,0
162.217,0
162.322,0
162.427,0
162.532,0
162.637,0
162.742,0
162.847,0
162.952,0
163.057,0
163.162,0
163.267,0
163.372,0
163.477,0
163.582,0
163.687,0
163.792,0
163.897,0
164.002,0
164.109,0
164.212,0
164.317,0
164.422,0
164.527,0
164.632,0
164.737,0
164.842,0
164.947,0
165.052,0
165.157,0
165.262,0
165.367,0
165.472,0
165.577,0
165.682,0
165.787,0
165.892,0
165.997,0
166.102,0
166.207,0
166.312,0
166.417,0
166.522,0
166.627,0
166.732,0
166.837,0
166.942,0
167.047,0
167.152,0
167.257,0
167.362,0
167.467,0
167.572,0
167.677,0
167.782,0
167.887,0
167.992,0
168.097,0
168.202,0
168.307,0
168.412,0
168.517,0
168.622,0
168.727,0
168.832,0
168.937,0
169.042,0
169.147,0
169.252,0
169.359,0
169.462,0
169.567,0
169.672,0
169.777,0
169.882,0
169.987,0
170.092,0
170.197,0
170.302,0
170.407,0
170.512,0
170.617,0
170.722,0
170.827,0
170.932,0
171.037,0
171.142,0
171.247,0
171.352,0
171.457,0
171.562,0
171.667,0
171.772,0
171.877,0
171.982,0
172.087,0
172.192,0
172.297,0
172.402,0
172.507,0
172.612,0
172.717,0
172.822,0
172.927,0
173.032,0
173.137,0
173.242,0
173.347,0
173.452,0
173.557,0
173.662,0
173.767,0
173.872,0
173.977,0
174.082,0
174.187,0
174.292,0
174.397,0
174.502,0
174.609,0
174.712,0
174.817,0
174.922,0
175.027,0
175.132,0
175.237,0
175.342,0
175.447,0
175.552,0
175.657,0
175.762,0
175.867,0
175.972,0
176.077,0
176.182,0
176.287,0
176.392,0
176.497,0
176.602,0
176.707,0
176.812,0
176.917,0
177.022,0
177.127,0
177.232,0
177.337,0
177.442,0
177.547,0
177.652,0
177.757,0
177.862,0
177.967,0
178.072,0
178.177,0
178.282,0
178.387,0
178.492,0
178.597,0
178.702,0
178.807,0
178.912,0
179.017,0
179.122,0
179.227,0
179.332,0
179.437,0
179.542,0
179.647,0
179.752,0
179.859,0
179.962,0
180.067,0
180.172,0
180.277,0
180.382,0
180.487,0
180.592,0
180.697,0
180.802,0
180.907,0
181.012,0
181.117,0
181.222,0
181.327,0
181.432,0
181.537,0
181.642,0
181.747,0
181.852,0
181.957,0
182.062,0
182.167,0
182.272,0
182.377,0
182.482,0
182.587,0
182.692,0
182.797,0
182.902,0
183.007,0
183.112,0
183.217,0
183.322,0
183.427,0
183.532,0
183.637,0
183.742,0
183.847,0
183.952,0
184.057,0
184.162,0
184.267,0
184.372,0
184.477,0
184.582,0
184.687,0
184.792,0
184.897,0
185.002,0
185.109,0
185.212,0
185.317,0
185.422,0
185.527,0
185.632,0
185.737,0
185.842,0
185.947,0
186.052,0
186.157,0
186.262,0
186.367,0
186.472,0
186.577,0
186.682,0
186.787,0
186.892,0
186.997,0
187.102,0
187.207,0
187.312,0
187.417,0
187.522,0
187.627,0
187.732,0
187.837,0
187.942,0
188.047,0
188.152,0
188.257,0
188.362,0
188.467,0
188.572,0
188.677,0
188.782,0
188.887,0
188.992,0
189.097,0
189.202,0
189.307,0
189.412,0
189.517,0
189.622,0
189.727,0
189.832,0
189.937,0
190.042,0
190.147,0
190.252,0
190.359,0
190.462,0
190.567,0
190.672,0
190.777,0
190.882,0
190.987,0
191.092,0
191.197,0
191.302,0
191.407,0
191.512,0
191.617,0
191.722,0
191.827,0
191.932,0
192.037,0
192.142,0
192.247,0
192.352,0
192.457,0
192.562,0
192.667,0
192.772,0
192.877,0
192.982,0
193.087,0
193.192,0
193.297,0
193.402,0
193.507,0
193.612,0
193.717,0
193.822,0
193.927,0
194.032,0
194.137,0
194.242,0
194.347,0
194.452,0
194.557,0
194.662,0
194.767,0
194.872,0
194.977,0
195.082,0
195.187,0
195.292,0
195.397,0
195.502,0
195.619,0
195.712,0
195.817,0
195.922,0
196.027,0
196.132,0
196.237,0
196.342,0
196.447,0
196.552,0
196.657,0
196.762,0
196.867,0
196.972,0
197.077,0
197.182,0
197.287,0
197.392,0
197.497,0
197.602,0
197.707,0
197.812,0
197.917,0
198.022,0
198.127,0
198.232,0
198.337,0
198.442,0
198.547,0
198.652,0
198.757,0
198.862,0
198.967,0
199.072,0
199.177,0
199.282,0
199.387,0
199.492,0
199.597,0
199.702,0
199.807,0
199.912,0
200.017,0
200.122,0
200.227,0
200.332,0
200.437,0
200.542,0
200.647,0
200.752,0
200.869,0
200.962,0
201.067,0
201.172,0
201.277,0
201.382,0
201.487,0
201.592,0
201.697,0
201.802,0
201.907,0
202.012,0
202.117,0
202.222,0
202.327,0
202.432,0
202.537,0
202.642,0
202.747,0
202.852,0
202.957,0
203.062,0
203.167,0
203.272,0
203.377,0
203.482,0
203.587,0
203.692,0
203.797,0
203.902,0
204.007,0
204.112,0
204.217,0
204.322,0
204.427,0
204.532,0
204.637,0
204.742,0
204.847,0
204.952,0
205.057,0
205.162,0
205.267,0
205.372,0
205.477,0
205.582,0
205.687,0
205.792,0
205.897,0
206.002,0
206.109,0
206.212,0
206.317,0
206.422,0
206.527,0
206.632,0
206.737,0
206.842,0
206.947,0
207.052,0
207.157,0
207.262,0
207.367,0
207.472,0
207.577,0
207.682,0
207.787,0
207.892,0
207.997,0
208.102,0
208.207,0
208.312,0
208.417,0
208.522,0
208.627,0
208.732,0
208.837,0
208.942,0
209.047,0
209.152,0
209.257,0
209.362,0
209.467,0
209.572,0
209.677,0
209.782,0
209.887,0
209.992,0
210.097,0
210.202,0
210.307,0
210.412,0
210.517,0
210.622,0
210.727,0
210.832,0
210.937,0
211.042,0
211.147,0
211.252,0
211.359,0
211.462,0
211.567,0
211.672,0
211.777,0
211.882,0
211.987,0
212.092,0
212.197,0
212.302,0
212.407,0
212.512,0
212.617,0
212.722,0
212.827,0
212.932,0
213.037,0
213.142,0
213.247,0
213.352,0
213.457,0
213.562,0
213.667,0
213.772,0
213.877,0
213.982,0
214.087,0
214.192,0
214.297,0
214.402,0
214.507,0
214.612,0
214.717,0
214.822,0
214.927,0
215.032,0
215.137,0
215.242,0
215.347,0
215.452,0
215.557,0
215.662,0
215.767,0
215.872,0
215.977,0
216.082,0
216.187,0
216.292,0
216.397,0
216.502,0
216.609,0
216.712,0
216.817,0
216.922,0
217.027,0
217.132,0
217.237,0
217.342,0
217.447,0
217.552,0
217.657,0
217.762,0
217.867,0
217.972,0
218.077,0
218.182,0
218.287,0
218.392,0
218.497,0
218.602,0
218.707,0
218.812,0
218.917,0
219.022,0
219.127,0
219.232,0
219.337,0
219.442,0
219.547,0
219.652,0
219.757,0
219.862,0
219.967,0
220.072,0
220.177,0
220.282,0
220.387,0
220.492,0
220.597,0
220.702,0
220.807,0
220.912,0
221.017,0
221.122,0
221.227,0
221.332,0
221.437,0
221.542,0
221.647,0
221.752,0
221.859,0
221.962,0
222.067,0
222.172,0
222.277,0
222.382,0
222.487,0
222.592,0
222.697,0
222.802,0
222.907,0
223.012,0
223.117,0
223.222,0
223.327,0
223.432,0
223.537,0
223.642,0
223.747,0
223.852,0
223.957,0
224.062,0
224.167,0
224.272,0
224.377,0
224.482,0
224.587,0
224.692,0
224.797,0
224.902,0
225.007,0
225.112,0
225.217,0
225.322,0
225.427,0
225.532,0
225.637,0
225.742,0
225.847,0
225.952,0
226.057,0
226.162,0
226.267,0
226.372,0
226.477,0
226.582,0
226.687,0
226.792,0
226.897,0
227.002,0
227.109,0
227.212,0
227.317,0
227.422,0
227.527,0
227.632,0
227.737,0
227.842,0
227.947,0
228.052,0
228.157,0
228.262,0
228.367,0
228.472,0
228.577,0
228.682,0
228.787,0
228.892,0
228.997,0
229.102,0
229.207,0
229.312,0
229.417,0
229.522,0
229.627,0
229.732,0
229.837,0
229.942,0
230.047,0
230.152,0
230.257,0
230.362,0
230.467,0
230.572,0
230.677,0
230.782,0
230.887,0
230.992,0
231.097,0
231.202,0
231.307,0
231.412,0
231.517,0
231.622,0
231.727,0
231.832,0
231.937,0
232.042,0
232.147,0
232.252,0
232.359,0
232.462,0
232.567,0
232.672,0
232.777,0
232.882,0
232.987,0
233.092,0
233.197,0
233.302,0
233.407,0
233.512,0
233.617,0
233.722,0
233.827,0
233.932,0
234.037,0
234.142,0
234.247,0
234.352,0
234.457,0
234.562,0
234.667,0
234.772,0
234.877,0
234.982,0
235.087,0
235.192,0
235.297,0
235.402,0
235.507,0
235.612,0
235.717,0
235.822,0
235.927,0
236.032,0
236.137,0
236.242,0
236.347,0
236.452,0
236.557,0
236.662,0
236.767,0
236.872,0
236.977,0
237.082,0
237.187,0
237.292,0
237.397,0
237.502,0
237.609,0
237.712,0
237.817,0
237.922,0
238.027,0
238.132,0
238.237,0
238.342,0
238.447,0
238.552,0
238.657,0
238.762,0
238.867,0
238.972,0
239.077,0
239.182,0
239.287,0
239.392,0
239.497,0
239.602,0
239.707,0
239.812,0
239.917,0
240.022,0
240.127,0
240.232,0
240.337,0
240.442,0
240.547,0
240.652,0
240.757,0
240.862,0
240.967,0
241.072,0
241.177,0
241.282,0
241.387,0
241.492,0
241.597,0
241.702,0
241.807,0
241.912,0
242.017,0
242.122,0
242.227,0
242.332,0
242.437,0
242.542,0
242.647,0
242.752,0
242.859,0
242.962,0
243.067,0
243.172,0
243.277,0
243.382,0
243.487,0
243.592,0
243.697,0
243.802,0
243.907,0
244.012,0
244.117,0
244.222,0
244.327,0
244.432,0
244.537,0
244.642,0
244.747,0
244.852,0
244.957,0
245.062,0
245.167,0
245.272,0
245.377,0
245.482,0
245.587,0
245.692,0
245.797,0
245.902,0
246.007,0
246.112,0
246.217,0
246.322,0
246.427,0
246.532,0
246.637,0
246.742,0
246.847,0
246.952,0
247.057,0
247.162,0
247.267,0
247.372,0
247.477,0
247.582,0
247.687,0
247.792,0
247.897,0
248.002,0
248.109,0
248.212,0
248.317,0
248.422,0
248.527,0
248.632,0
248.737,0
248.842,0
248.947,0
249.052,0
249.157,0
249.262,0
249.367,0
249.472,0
249.577,0
249.682,0
249.787,0
249.892,0
249.997,0
250.102,0
250.207,0
250.312,0
250.417,0
250.522,0
250.627,0
250.732,0
250.837,0
250.942,0
251.047,0
251.152,0
251.257,0
251.362,0
251.467,0
251.572,0
251.677,0
251.782,0
251.887,0
251.992,0
252.097,0
252.202,0
252.307,0
252.412,0
252.517,0
252.622,0
252.727,0
252.832,0
252.937,0
253.042,0
253.147,0
253.252,0
253.359,0
253.462,0
253.567,0
253.672,0
253.777,0
253.882,0
253.987,0
254.092,0
254.197,0
254.302,0
254.407,0
254.512,0
254.617,0
254.722,0
254.827,0
254.932,0
255.037,0
255.142,0
255.247,0
255.352,0
255.457,0
255.562,0
255.667,0
255.772,0
255.877,0
255.982,0
256.087,0
256.192,0
256.297,0
256.402,0
256.507,0
256.612,0
256.717,0
256.822,0
256.927,0
257.032,0
257.137,0
257.242,0
257.347,0
257.452,0
257.557,0
257.662,0
257.767,0
257.872,0
257.977,0
258.082,0
258.187,0
258.292,0
258.397,0
258.502,0
258.609,0
258.712,0
258.817,0
258.922,0
259.027,0
259.132,0
259.237,0
259.342,0
259.447,0
259.552,0
259.657,0
259.762,0
259.867,0
259.972,0
260.077,0
260.182,0
260.287,0
260.392,0
260.497,0
260.602,0
260.707,0
260.812,0
260.917,0
261.022,0
261.127,0
261.232,0
261.337,0
261.442,0
261.547,0
261.652,0
261.757,0
261.862,0
261.967,0
262.072,0
262.177,0
262.282,0
262.387,0
262.492,0
262.597,0
262.702,0
262.807,0
262.912,0
263.017,0
263.122,0
263.227,0
263.332,0
263.437,0
263.542,0
263.647,0
263.752,0
263.859,0
263.962,0
264.067,0
264.172,0
264.277,0
264.382,0
264.487,0
264.592,0
264.697,0
264.802,0
264.907,0
265.012,0
265.117,0
265.222,0
265.327,0
265.432,0
265.537,0
265.642,0
265.747,0
265.852,0
265.957,0
266.062,0
266.167,0
266.272,0
266.377,0
266.482,0
266.587,0
266.692,0
266.797,0
266.902,0
267.007,0
267.112,0
267.217,0
267.322,0
267.427,0
267.532,0
267.637,0
267.742,0
267.847,0
267.952,0
268.057,0
268.162,0
268.267,0
268.372,0
268.477,0
268.582,0
268.687,0
268.792,0
268.897,0
269.002,0
269.109,0
269.212,0
269.317,0
269.422,0
269.527,0
269.632,0
269.737,0
269.842,0
269.947,0
270.052,0
270.157,0
270.262,0
270.367,0
270.472,0
270.577,0
270.682,0
270.787,0
270.892,0
270.997,0
271.102,0
271.207,0
271.312,0
271.417,0
271.522,0
271.627,0
271.732,0
271.837,0
271.942,0
272.047,0
272.152,0
272.257,0
272.362,0
272.467,0
272.572,0
272.677,0
272.782,0
272.887,0
272.992,0
273.097,0
273.202,0
273.307,0
273.412,0
273.517,0
273.622,0
273.727,0
273.832,0
273.937,0
274.042,0
274.147,0
274.252,0
274.359,0
274.462,0
274.567,0
274.672,0
274.777,0
274.882,0
274.987,0
275.092,0
275.197,0
275.302,0
275.407,0
275.512,0
275.617,0
275.722,0
275.827,0
275.932,0
276.037,0
276.142,0
276.247,0
276.352,0
276.457,0
276.562,0
276.667,0
276.772,0
276.877,0
276.982,0
277.087,0
277.192,0
277.297,0
277.402,0
277.507,0
277.612,0
277.717,0
277.822,0
277.927,0
278.032,0
278.137,0
278.242,0
278.347,0
278.452,0
278.557,0
278.662,0
278.767,0
278.872,0
278.977,0
279.082,0
279.187,0
279.292,0
279.397,0
279.502,0
279.609,0
279.712,0
279.817,0
279.922,0
280.027,0
280.132,0
280.237,0
280.342,0
280.447,0
280.552,0
280.657,0
280.762,0
280.867,0
280.972,0
281.077,0
281.182,0
281.287,0
281.392,0
281.497,0
281.602,0
281.707,0
281.812,0
281.917,0
282.022,0
282.127,0
282.232,0
282.337,0
282.442,0
282.547,0
282.652,0
282.757,0
282.862,0
282.967,0
283.072,0
283.177,0
283.282,0
283.387,0
283.492,0
283.597,0
283.702,0
283.807,0
283.912,0
284.017,0
284.122,0
284.227,0
284.332,0
284.437,0
284.542,0
284.647,0
284.752,0
284.859,0
284.962,0
285.067,0
285.172,0
285.277,0
285.382,0
285.487,0
285.592,0
285.697,0
285.802,0
285.907,0
286.012,0
286.117,0
286.222,0
286.327,0
286.432,0
286.537,0
286.642,0
286.747,0
286.852,0
286.957,0
287.062,0
287.167,0
287.272,0
287.377,0
287.482,0
287.587,0
287.692,0
287.797,0
287.902,0
288.007,0
288.112,0
288.217,0
289.934,0
290.039,0
290.144,0
290.249,0
290.354,0
290.459,0
290.564,0
290.669,0
290.774,0
290.879,0
290.984,0
291.089,0
291.194,0
291.299,0
291.404,0
291.509,0
291.614,0
291.719,0
291.824,0
291.929,0
292.034,0
292.139,0
292.244,0
292.349,0
292.454,0
292.559,0
292.664,0
292.769,0
292.874,0
292.979,0
293.084,0
293.189,0
293.294,0
293.399,0
293.504,0
293.609,0
293.714,0
293.819,0
293.924,0
294.029,0
294.134,0
294.239,0
294.344,0
294.449,0
294.554,0
294.659,0
294.764,0
294.869,0
294.974,0
295.079,0
295.184,0
295.289,0
295.394,0
295.499,0
295.604,0
295.709,0
295.814,0
295.919,0
296.024,0
296.129,0
296.234,0
296.339,0
296.444,0
296.549,0
296.654,0
296.759,0
296.864,0
296.969,0
297.074,0
297.179,0
297.284,0
297.389,0
297.494,0
297.599,0
297.704,0
297.809,0
297.914,0
298.021,0
298.124,0
298.229,0
298.334,0
298.439,0
298.544,0
298.649,0
298.754,0
298.859,0
298.964,0
299.069,0
299.174,0
299.279,0
299.384,0
299.489,0
299.594,0
299.699,0
299.804,0
299.909,0
300.014,0
300.119,0
300.224,0
300.329,0
300.434,0
300.539,0
300.644,0
300.749,0
300.854,0
300.959,0
301.064,0
301.169,0
301.274,0
301.379,0
301.484,0
301.589,0
301.694,0
301.799,0
301.904,0
302.009,0
302.114,0
302.219,0
302.324,0
302.429,0
302.534,0
302.639,0
302.744,0
302.849,0
302.954,0
303.059,0
303.164,0
303.269,0
303.374,0
303.479,0
303.584,0
303.689,0
303.794,0
303.899,0
304.004,0
304.109,0
304.214,0
304.319,0
304.424,0
304.529,0
304.634,0
304.739,0
304.844,0
304.949,0
305.054,0
305.159,0
305.264,0
305.369,0
305.474,0
305.579,0
305.684,0
305.789,0
305.894,0
305.999,0
306.104,0
306.209,0
306.314,0
306.419,0
306.524,0
306.629,0
306.734,0
306.839,0
306.944,0
307.049,0
307.154,0
