#time, roll[]
27.9011,0.0587976
28.0061,0.0503004
28.1111,0.0428462
28.2161,0.0375612
28.3211,0.0324683
28.4261,0.0275402
28.5311,0.0239279
28.6361,0.0206683
28.7411,0.0173922
28.8461,0.0143247
28.9511,0.0111203
29.0561,0.00838709
29.1611,0.00591898
29.2661,0.00353098
29.3711,0.00103712
29.4761,-0.00122094
29.5811,-0.00304174
29.6861,-0.00515914
29.7911,-0.00634623
29.8961,-0.00912499
30.0011,-0.0110795
30.1061,-0.0129638
30.2111,-0.0145013
30.3161,-0.0162253
30.4211,-0.0180495
30.5261,-0.0195482
30.6311,-0.0208228
30.7361,-0.0214269
30.8411,-0.0219028
30.9461,-0.0228252
31.0511,-0.0235465
31.1561,-0.0238259
31.2611,-0.0241473
31.3661,-0.0248184
31.4711,-0.0259278
31.5761,-0.0267429
31.6811,-0.0275681
31.7861,-0.0214047
31.8911,-0.021034
31.9961,-0.0221689
32.1011,-0.0230875
32.2061,-0.0234461
32.3111,-0.0259504
32.4161,-0.0264049
32.5211,-0.0249691
32.6261,-0.025351
32.7311,-0.025219
32.8361,-0.0276411
32.9411,-0.0298791
33.0461,-0.033673
33.1511,-0.0335917
33.2561,-0.0339949
33.3611,-0.0343306
33.4661,-0.0345457
33.5711,-0.0347121
33.6761,-0.0344849
33.7811,-0.0349324
33.8861,-0.0344663
33.9911,-0.0352676
34.0961,-0.0353992
34.2011,-0.0349214
34.3061,-0.0356748
34.4111,-0.0359952
34.5161,-0.0359173
34.6211,-0.0358143
34.7261,-0.035836
34.8311,-0.0352254
34.9361,-0.0352416
35.0411,-0.0360601
35.1461,-0.0350435
35.2511,-0.0343966
35.3561,-0.0349429
35.4611,-0.0351179
35.5661,-0.0354695
35.6711,-0.0352867
35.7761,-0.0353444
35.8811,-0.0349057
35.9861,-0.0348091
36.0911,-0.0320661
36.1961,-0.0326712
36.3011,-0.0328851
36.4061,-0.0334609
36.5111,-0.034071
36.6161,-0.03333
36.7211,-0.0315483
36.8261,-0.0294936
36.9311,-0.0276151
37.0361,-0.0265329
37.1411,-0.0275567
37.2461,-0.0327232
37.3511,-0.0326993
37.4561,-0.032618
37.5611,-0.032522
37.6661,-0.0323346
37.7711,-0.0326893
37.8761,-0.0328207
37.9811,-0.0323069
38.0861,-0.0264783
38.1911,-0.0187659
38.2961,-0.0194764
38.4011,-0.0194936
38.5061,-0.019799
38.6111,-0.0203886
38.7161,-0.0201905
38.8211,-0.0193908
38.9261,-0.0197244
39.0311,-0.0206227
39.1361,-0.0207233
39.2411,-0.0204687
39.3461,-0.0212641
39.4511,-0.0219753
39.5561,-0.0222514
39.6611,-0.023128
39.7871,-0.0247009
39.8921,-0.0260868
39.9971,-0.0264184
40.1021,-0.0270414
40.2071,-0.0272825
40.3121,-0.0272074
40.4171,-0.0269361
40.5221,-0.0237951
40.6271,-0.0243051
40.7321,-0.0256925
40.8371,-0.0252066
40.9421,-0.0254385
41.0471,-0.0256405
41.1521,-0.0262609
41.2571,-0.0285954
41.3621,-0.0301156
41.4671,-0.0312409
41.5721,-0.0313532
41.6771,-0.0314472
41.7821,-0.0314879
41.8871,-0.0296314
41.9921,-0.0266511
42.0971,-0.0263593
42.2021,-0.0253303
42.3071,-0.0252054
42.4121,-0.0256047
42.5171,-0.0256133
42.6221,-0.0262816
42.7271,-0.0262678
42.8321,-0.0262702
42.9371,-0.0262139
43.0421,-0.0263035
43.1471,-0.0268714
43.2521,-0.0263796
43.3571,-0.0269508
43.4621,-0.0264621
43.5671,-0.0257936
43.6721,-0.029552
43.7771,-0.0291483
43.8821,-0.0288343
43.9871,-0.0290673
44.0921,-0.0291123
44.1971,-0.0299079
44.3021,-0.0299149
44.4071,-0.0289202
44.5121,-0.0290995
44.6171,-0.0295188
44.7221,-0.0293055
44.8271,-0.0296316
44.9321,-0.028445
45.0371,-0.0267425
45.1421,-0.0262363
45.2471,-0.0255864
45.3521,-0.0260117
45.4571,-0.0261548
45.5621,-0.0259907
45.6671,-0.0255148
45.7721,-0.0261071
45.8771,-0.0257072
45.9821,-0.0256276
46.0871,-0.0249162
46.1921,-0.0245159
46.2971,-0.0248551
46.4021,-0.0239131
46.5071,-0.0235999
46.6121,-0.0227439
46.7171,-0.0239677
46.8221,-0.0226407
46.9271,-0.0229473
47.0321,-0.0231655
47.1371,-0.0248189
47.2421,-0.0243216
47.3471,-0.0236423
47.4521,-0.0231431
47.5571,-0.0224962
47.6621,-0.0223846
47.7671,-0.0226967
47.8721,-0.0222087
47.9771,-0.0217249
48.0821,-0.0212007
48.1871,-0.0215251
48.2921,-0.0221245
48.3971,-0.0232031
48.5021,-0.0233126
48.6071,-0.0233855
48.7121,-0.0231595
48.8171,-0.0231075
48.9221,-0.0229845
49.0271,-0.0232317
49.1321,-0.023813
49.2371,-0.0228746
49.3421,-0.0225711
49.4471,-0.021291
49.5521,-0.0213089
49.6571,-0.0206683
49.7621,-0.0198936
49.8671,-0.0199432
49.9721,-0.0194504
50.0771,-0.0212867
50.1821,-0.0226822
50.2871,-0.0244112
50.3921,-0.0251281
50.4971,-0.0251923
50.6021,-0.0247188
50.7071,-0.0255551
50.8121,-0.0274575
50.9171,-0.0254605
51.0221,-0.0252891
51.1271,-0.0259986
51.2321,-0.0220566
51.3371,-0.0218253
51.4421,-0.0215578
51.5471,-0.0218885
51.6521,-0.0216343
51.7571,-0.0227628
51.8621,-0.0231612
51.9671,-0.0207505
52.0721,-0.0214145
52.1771,-0.0208442
52.2821,-0.0209463
52.3871,-0.0200179
52.4921,-0.0207591
52.5971,-0.0193038
52.7021,-0.020505
52.8071,-0.0211425
52.9121,-0.0202441
53.0171,-0.0192645
53.1221,-0.0190575
53.2271,-0.0200782
53.3321,-0.0229499
53.4371,-0.0223956
53.5421,-0.0242932
53.6471,-0.0218303
53.7521,-0.0227308
53.8571,-0.0255201
53.9621,-0.0183718
54.0671,-0.00738811
54.1721,0.0113792
54.2771,0.02337
54.3821,0.0299404
54.4871,0.028729
54.5921,0.0210662
54.6971,0.0137458
54.8021,0.0109909
54.9071,0.00479078
55.0121,0.00528669
55.1171,0.000485897
55.2221,0.00792575
55.3271,0.00710726
55.4321,0.00747633
55.5371,0.00516224
55.6421,-0.00131416
55.7471,-0.00334358
55.8521,-0.00379658
55.9571,-0.00470281
56.0621,-0.00555634
56.1671,-0.00636411
56.2721,-0.00558829
56.3771,-0.00466251
56.4821,-0.00471163
56.5871,-0.00312352
56.6921,-0.0043056
56.7971,-0.00574279
56.9021,-0.00562596
57.0071,-0.00476742
57.1121,-0.00382829
57.2171,-0.00204539
57.3221,-0.00104594
57.4271,-1.52588e-05
57.5321,-9.9659e-05
57.6371,-0.000124693
57.7421,-7.10487e-05
57.8471,0.00010848
57.9521,-0.000450611
58.0571,-0.00147581
58.1621,-0.00240421
58.2671,-0.000658989
58.3721,-0.000402212
58.4771,-0.00164843
58.5821,-0.00030756
58.6871,-0.00195026
58.7921,-0.00370574
58.8971,-0.00618958
59.0021,-0.00900769
59.1071,-0.0120742
59.2121,-0.0111341
59.3171,-0.0115385
59.4221,-0.0114293
59.5271,-0.00889015
59.6321,-0.00832963
59.7371,-0.00617814
59.8421,0.00067687
59.9471,-0.00790477
60.0521,-0.00562072
60.1571,-0.0114827
60.2621,-0.0115457
60.3671,-0.0116529
60.4721,-0.0109069
60.5771,-0.00982261
60.6821,-0.00987077
60.7871,-0.00895548
60.8921,-0.00927949
60.9971,-0.00857425
61.1021,-0.0124981
61.2071,-0.0138323
61.3121,-0.0151787
61.4171,-0.0131097
61.5221,-0.0128489
61.6271,-0.0127368
61.7321,-0.0119152
61.8371,-0.0108323
61.9421,-0.00940943
62.0471,-0.00797606
62.1521,-0.00592279
62.2571,-0.00457573
62.3621,-0.00608182
62.4671,-0.00385737
62.5721,-0.0101364
62.6771,-0.0125995
62.7821,-0.0133736
62.8871,-0.0139041
62.9921,-0.0141563
63.0971,-0.0141311
63.2021,-0.0143807
63.3071,-0.0142972
63.4121,-0.0136435
63.5171,-0.0144403
63.6221,-0.0143712
63.7271,-0.0136895
63.8321,-0.0131288
63.9371,-0.013617
64.0421,-0.0136251
64.1471,-0.0140603
64.2521,-0.0142925
64.3571,-0.0140884
64.4621,-0.0138545
64.5671,-0.0135868
64.6721,-0.013392
64.7771,-0.0122242
64.8821,-0.0112867
64.9871,-0.0103948
65.0921,-0.00903821
65.1971,-0.00786304
65.3021,-0.00731659
65.4071,-0.00652075
65.5121,-0.00610209
65.6171,-0.00539064
65.7221,-0.00482678
65.8271,-0.00435448
65.9321,-0.00516677
66.0371,-0.00531054
66.1421,-0.00528407
66.2471,-0.00615382
66.3521,-0.00899148
66.4572,-0.00949645
66.5621,-0.00892091
66.6671,-0.00948691
66.7721,-0.00873923
66.8771,-0.00926876
66.9821,-0.00883579
67.0871,-0.00972414
67.1921,0.00905895
67.2971,0.00580931
67.4021,0.00603533
67.5071,0.0052135
67.6121,0.00149894
67.7171,0.00244188
67.8221,0.00143409
67.9271,0.00271177
68.0321,0.00254107
68.1371,0.00223374
68.2421,0.00443149
68.3471,0.00996256
68.4521,0.0100315
68.5571,0.0145342
68.6621,0.0193732
68.7671,0.0173383
68.8721,0.0160673
68.9771,0.0157063
69.0821,0.0146387
69.1871,0.0138249
69.2921,0.0126903
69.3971,0.00996017
69.5021,0.0116277
69.6071,0.0111675
69.7121,0.0113554
69.8171,0.00800824
69.9221,0.00743604
70.0271,0.003474
70.1321,0.002738
70.2371,-0.000274181
70.3421,0.00648952
70.4471,0.00413394
70.5521,0.00561881
70.6571,0.00668311
70.7621,0.00464106
70.8671,0.00346851
70.9721,0.000207901
71.0771,-0.00544953
71.1821,-0.00413632
71.2871,-0.0021019
71.3921,0.0037725
71.4971,-6.27041e-05
71.6021,-0.00106335
71.7071,-0.0037961
71.8121,-3.57628e-05
71.9171,0.00308681
72.0221,0.00231981
72.1271,0.00634813
72.2321,0.00978994
72.3371,0.0114975
72.4421,0.00975347
72.5471,0.00115108
72.6521,0.00356483
72.7571,0.00341511
72.8621,0.00489092
72.9671,0.00392985
73.0721,0.00133801
73.1771,0.0122249
73.2821,0.0313509
73.3871,0.0341265
73.4921,0.0110078
73.5971,0.00741434
73.7021,0.0242264
73.8071,0.026207
73.9121,0.0252981
74.0171,0.0489342
74.1221,0.0457056
74.2271,0.0497108
74.3321,0.0533662
74.4371,0.0544314
74.5421,0.057147
74.6471,0.0609856
74.7521,0.0678749
74.8571,0.0648525
74.9621,0.0738075
75.0671,0.0555475
75.1721,0.0577877
75.2771,0.0614228
75.3821,0.0592844
75.4871,0.0524604
75.5921,0.0500584
75.6971,0.0466528
75.8021,0.0495017
75.9071,0.050828
76.0121,0.0492153
76.1171,0.0345066
76.2221,0.0298476
76.3271,0.0288711
76.4321,0.0224876
76.5371,0.0220618
76.6421,0.0238664
76.7471,0.0227377
76.8521,0.0256143
76.9571,0.0254991
77.0621,0.0278494
77.1671,0.0158548
77.2721,0.00671959
77.3771,0.0138659
77.4821,0.0188122
77.5871,0.0209165
77.6921,0.0205526
77.7971,0.0234749
77.9021,0.0265129
78.0071,0.02918
78.1121,0.0465286
78.2171,0.0580792
78.3221,0.0656998
78.4271,0.0739536
78.5321,0.0639143
78.6371,0.067394
78.7421,0.0729759
78.8471,0.0722139
78.9521,0.0804896
79.0571,0.0795636
79.1621,0.0868578
79.2671,0.100019
79.3721,0.109256
79.4771,0.120528
79.5821,0.129362
79.6871,0.113627
79.7921,0.113298
79.8971,0.118745
80.0021,0.0952625
80.1071,0.0658793
80.2121,0.0759907
80.3171,0.0688212
80.4221,0.0684607
80.5271,0.0661714
80.6321,0.0606868
80.7371,0.0549572
80.8421,0.0592229
80.9471,0.0577371
81.0521,0.0588665
81.1571,0.0661161
81.2621,0.0695107
81.3671,0.0688875
81.4721,0.0592217
81.5771,0.0714967
81.6821,0.0810919
81.7871,0.0946076
81.8921,0.0901833
81.9971,0.0932467
82.1021,0.0962791
82.2071,0.0928628
82.3121,0.0939217
82.4171,0.090205
82.5221,0.0782418
82.6271,0.0710685
82.7321,0.0673759
82.8371,0.0542669
82.9421,0.0644395
83.0471,0.0720942
83.1521,0.0678718
83.2571,0.0738628
83.3621,0.0766916
83.4671,0.0769386
83.5721,0.0778058
83.6771,0.0776303
83.7821,0.0737364
83.8871,0.0772262
83.9921,0.0753996
84.0971,0.0761921
84.2021,0.0761228
84.3071,0.0768318
84.4121,0.0756066
84.5171,0.0761418
84.6221,0.0758247
84.7271,0.0710518
84.8321,0.0735061
84.9371,0.0729668
85.0421,0.0570908
85.1471,0.056879
85.2521,0.0544887
85.3571,0.0669522
85.4621,0.0697613
85.5671,0.0702882
85.6721,0.0643091
85.7771,0.0427873
85.8821,0.0426195
85.9871,0.05967
86.0921,0.0672371
86.1971,0.0547554
86.3021,0.0561948
86.4071,0.0596666
86.5121,0.0694602
86.6171,0.0713682
86.7221,0.0713255
86.8271,0.0739567
86.9321,0.0776901
87.0371,0.0772188
87.1421,0.0742562
87.2471,0.0647721
87.3521,0.0649648
87.4571,0.0592568
87.5621,0.0462132
87.6671,0.0395584
87.7721,0.0382054
87.8771,0.0377991
87.9821,0.0374889
88.0871,0.0371041
88.1921,0.0369046
88.2971,0.0366333
88.4021,0.0364568
88.5071,0.0362675
88.6121,0.0359468
88.7171,0.0357857
88.8221,0.0356259
88.9271,0.0354443
89.0321,0.0352051
89.1371,0.035048
89.2421,0.0349357
89.3471,0.0347896
89.4521,0.0346639
89.5571,0.0346112
89.6621,0.0343974
89.7671,0.0343337
89.8721,0.0341244
89.9771,0.0340621
90.0821,0.0340595
90.1871,0.0339706
90.2921,0.0338757
90.3971,0.0337958
90.5021,0.0336759
90.6071,0.0336459
90.7121,0.0335851
90.8171,0.0334795
90.9221,0.0334141
91.0271,0.0333791
91.1321,0.0333648
91.2371,0.0332975
91.3421,0.0333173
91.4471,0.0332239
91.5521,0.0330768
91.6571,0.033056
91.7621,0.0330987
91.8671,0.0330746
91.9721,0.0329998
92.0771,0.0329738
92.1821,0.0329638
92.2871,0.0330319
92.3921,0.0331521
92.4971,0.0332103
92.6021,0.0331664
92.7071,0.0331607
92.8121,0.0332496
92.9171,0.0332716
93.0221,0.033087
93.1271,0.0332191
93.2321,0.0331697
93.3371,0.0331368
93.4421,0.03297
93.5471,0.0330532
93.6521,0.0330157
93.7571,0.0330291
93.8621,0.0330145
93.9671,0.0329103
94.0721,0.032856
94.1771,0.0328054
94.2821,0.0327108
94.3871,0.0326185
94.4921,0.0325856
94.5971,0.0325878
94.7021,0.0325601
94.8071,0.0325515
94.9121,0.0325336
95.0171,0.0325072
95.1221,0.0324485
95.2271,0.0324874
95.3321,0.0325375
95.4371,0.0305085
95.5421,0.0285962
95.6471,0.029891
95.7521,0.0296478
95.8571,0.0276062
95.9621,0.0256896
96.0671,0.0275056
96.1721,0.0271363
96.2771,0.0273175
96.3821,0.0256801
96.4871,0.0252447
96.5921,0.025146
96.6971,0.0248945
96.8021,0.0242667
96.9071,0.0240934
97.0121,0.0230498
97.1171,0.024503
97.2221,0.0266747
97.3271,0.027101
97.4321,0.0272825
97.5371,0.0264425
97.6421,0.0307848
97.7471,0.0517993
97.8521,0.0685179
97.9571,0.0813727
98.0621,0.0817153
98.1671,0.0778482
98.2721,0.0814648
98.3771,0.0846567
98.4821,0.0835116
98.5871,0.0860929
98.6921,0.0846875
98.7971,0.0875826
98.9021,0.0877936
99.0071,0.0897644
99.1121,0.090255
99.2171,0.090349
99.3221,0.0892949
99.4271,0.105817
99.5321,0.100206
99.6371,0.10401
99.7421,0.099304
99.8471,0.10728
99.9521,0.103219
100.057,0.0995872
100.162,0.0960574
100.267,0.096673
100.372,0.0957105
100.477,0.093612
100.582,0.0932884
100.687,0.092438
100.792,0.0887833
100.897,0.086231
101.002,0.0861807
101.107,0.0856795
101.212,0.0851498
101.317,0.0845141
101.422,0.0837488
101.527,0.0834973
101.632,0.0832002
101.737,0.083111
101.842,0.0827706
101.947,0.0826056
102.052,0.0826139
102.157,0.0824163
102.262,0.0823293
102.367,0.0811872
102.472,0.0769951
102.577,0.0712242
102.682,0.0696597
102.787,0.0675867
102.892,0.0693455
102.997,0.0708222
103.102,0.0768983
103.207,0.0770271
103.312,0.0763159
103.417,0.0727983
103.522,0.0690749
103.627,0.0748351
103.732,0.0758386
103.837,0.0766153
103.942,0.0790551
104.047,0.0830131
104.152,0.0814548
104.257,0.081207
104.362,0.0840664
104.467,0.08477
104.572,0.081327
104.677,0.0809486
104.782,0.0738475
104.887,0.0699661
104.992,0.0709152
105.097,0.0764906
105.202,0.0779572
105.307,0.0755756
105.412,0.0740929
105.517,0.07127
105.622,0.0556345
105.727,0.0400944
105.832,0.0406156
105.937,0.0523918
106.042,0.0735016
106.147,0.0808594
106.252,0.0793569
106.357,0.0839076
106.462,0.0850651
106.567,0.0773115
106.672,0.0928171
106.777,0.0835986
106.882,0.0912151
106.987,0.0951061
107.092,0.0954401
107.197,0.0988078
107.302,0.0954902
107.407,0.0948296
107.512,0.0928092
107.617,0.0909228
107.722,0.0943518
107.827,0.0897381
107.932,0.0868707
108.037,0.0837235
108.142,0.0843847
108.247,0.0798709
108.352,0.0802565
108.457,0.08267
108.562,0.0837133
108.667,0.0838668
108.772,0.0821004
108.877,0.082655
108.982,0.0792406
109.087,0.080821
109.192,0.083565
109.297,0.0794361
109.402,0.0820971
109.507,0.0735095
109.612,0.0729802
109.717,0.0796764
109.822,0.0742021
109.927,0.070646
110.032,0.0692947
110.137,0.0683186
110.242,0.0687194
110.347,0.0768132
110.452,0.0794337
110.557,0.0776811
110.662,0.0846517
110.767,0.0839834
110.872,0.0823541
110.977,0.0918372
111.082,0.0909204
111.187,0.0893192
111.292,0.0879972
111.397,0.0916798
111.502,0.0912309
111.607,0.0928514
111.712,0.0867579
111.817,0.0860145
111.922,0.0846481
112.027,0.0891864
112.132,0.0844147
112.237,0.0835979
112.342,0.0818801
112.447,0.0884705
112.552,0.0866749
112.657,0.0862229
112.762,0.0811412
112.867,0.0787663
112.972,0.0850532
113.077,0.0783501
113.182,0.0858269
113.287,0.0877137
113.392,0.0816715
113.497,0.0812299
113.602,0.0789289
113.707,0.0711644
113.812,0.0590513
113.917,0.0621688
114.022,0.0619001
114.127,0.0616839
114.232,0.0615647
114.337,0.0615506
114.442,0.0615366
114.547,0.0616281
114.652,0.0616128
114.757,0.0622225
114.862,0.0610077
114.967,0.0583289
115.072,0.0558877
115.177,0.0550871
115.282,0.0557063
115.387,0.0555449
115.492,0.0533257
115.597,0.0574377
115.702,0.0648444
115.807,0.0643294
115.912,0.0668504
116.017,0.0675006
116.122,0.0679982
116.227,0.0691447
116.332,0.0678241
116.437,0.0687068
116.542,0.0696673
116.647,0.0697029
116.752,0.0682337
116.857,0.0684826
116.962,0.0693164
117.067,0.0687761
117.172,0.0690386
117.277,0.0674763
117.382,0.065841
117.487,0.0650921
117.592,0.0651352
117.697,0.0650589
117.802,0.0650589
117.907,0.0650625
118.012,0.0652018
118.117,0.0652144
118.222,0.0651355
118.327,0.065047
118.432,0.0649736
118.537,0.0650332
118.642,0.0650923
118.747,0.0650997
118.852,0.0650616
118.957,0.0650129
119.062,0.0649312
119.167,0.0648906
119.272,0.064961
119.377,0.0650055
119.482,0.0650787
119.587,0.0650585
119.692,0.0650172
119.797,0.0650985
119.902,0.0652192
120.007,0.0653389
120.112,0.0653698
120.217,0.0654225
120.322,0.0653937
120.427,0.0654814
120.532,0.0655367
120.637,0.0656152
120.742,0.0654156
120.847,0.0652239
120.952,0.0652039
121.057,0.065129
121.162,0.0650601
121.267,0.0649841
121.372,0.0644526
121.477,0.0652466
121.582,0.0646596
121.687,0.064501
121.792,0.0638878
121.897,0.0630414
122.002,0.0652237
122.107,0.0636964
122.212,0.0639257
122.317,0.062793
122.422,0.0628362
122.527,0.0613418
122.632,0.0617669
122.737,0.0613139
122.842,0.0613196
122.947,0.0615108
123.052,0.0620527
123.157,0.0608637
123.262,0.0599313
123.367,0.0618455
123.472,0.0609119
123.577,0.0617168
123.682,0.0611832
123.787,0.0614893
123.892,0.0632935
123.997,0.0633674
124.102,0.0635891
124.207,0.0637462
124.312,0.064064
124.417,0.0643525
124.522,0.0624306
124.627,0.0629249
124.732,0.0634582
124.837,0.0689845
124.942,0.0813243
125.047,0.0877883
125.152,0.101037
125.257,0.0968907
125.362,0.0926237
125.467,0.0905275
125.572,0.103061
125.677,0.105015
125.782,0.108617
125.887,0.113089
125.992,0.112396
126.097,0.098805
126.202,0.105187
126.307,0.111177
126.412,0.104549
126.517,0.106935
126.622,0.155161
126.727,0.156916
126.832,0.156034
126.937,0.123406
127.042,0.120373
127.147,0.140039
127.252,0.145601
127.357,0.14052
127.462,0.127048
127.567,0.150353
127.672,0.154864
127.777,0.15027
127.882,0.129218
127.987,0.14775
128.092,0.154055
128.197,0.156545
128.302,0.14249
128.407,0.144487
128.512,0.161332
128.617,0.138013
128.722,0.12243
128.827,0.138263
128.932,0.126637
129.037,0.114834
129.142,0.125793
129.247,0.105531
129.352,0.0933871
129.457,0.0830476
129.562,0.0796573
129.667,0.0761828
129.772,0.0603588
129.877,0.0630028
129.982,0.0627072
130.087,0.062346
130.192,0.0622499
130.297,0.0622358
130.402,0.0620158
130.507,0.0618289
130.612,0.0617781
130.717,0.0616105
130.822,0.0615096
130.927,0.0613415
131.032,0.0612261
131.137,0.0611227
131.242,0.0610459
131.347,0.0609798
131.452,0.0607948
131.557,0.0607905
131.662,0.0607862
131.767,0.060787
131.872,0.0608466
131.977,0.0608912
132.082,0.0609255
132.187,0.0609505
132.292,0.0609086
132.397,0.0608969
132.502,0.0609694
132.607,0.0610721
132.712,0.0611026
132.817,0.0609279
132.922,0.0609252
133.027,0.0609543
133.132,0.0608115
133.237,0.0608706
133.342,0.0608447
133.447,0.0607378
133.552,0.060847
133.657,0.0608664
133.762,0.0608039
133.867,0.0607822
133.972,0.0608873
134.077,0.0608773
134.182,0.0608063
134.287,0.0608113
134.392,0.0608482
134.497,0.0608268
134.602,0.0608828
134.707,0.06094
134.812,0.0609059
134.917,0.0608261
135.022,0.060914
135.127,0.0609465
135.232,0.0608978
135.337,0.0609097
135.442,0.0608361
135.547,0.0609286
135.652,0.0608542
135.757,0.0609126
135.862,0.0608487
135.967,0.0608599
136.072,0.0608904
136.177,0.0608928
136.282,0.0608263
136.387,0.0608594
136.492,0.0608788
136.597,0.0609469
136.702,0.0609972
136.807,0.0610199
136.912,0.0610499
137.017,0.0609148
137.122,0.0609102
137.227,0.0609515
137.332,0.0610108
137.437,0.0609691
137.542,0.0609896
137.647,0.0610387
137.752,0.0611274
137.857,0.0610976
137.962,0.0609975
138.067,0.0609303
138.172,0.0609291
138.277,0.0609446
138.382,0.0609436
138.487,0.0609767
138.592,0.0609043
138.697,0.0609543
138.802,0.060957
138.907,0.0609171
139.012,0.0609317
139.117,0.0609989
139.222,0.0610371
139.327,0.0610042
139.432,0.0608652
139.537,0.0607619
139.642,0.0608003
139.747,0.0608385
139.852,0.0607851
139.957,0.060811
140.062,0.0608089
140.167,0.0608993
140.272,0.0609229
140.377,0.0608633
140.482,0.0608175
140.587,0.0609078
140.692,0.0609276
140.797,0.0610116
140.902,0.0609615
141.007,0.0610507
141.112,0.0610025
141.217,0.0609255
141.322,0.0609884
141.427,0.0610192
141.532,0.0609598
141.637,0.0611002
141.742,0.06108
141.847,0.0611792
141.952,0.0612555
142.057,0.0611839
142.162,0.0611587
142.267,0.0611658
142.372,0.0611222
142.477,0.0610483
142.582,0.0611308
142.687,0.0612419
142.792,0.0610754
142.897,0.0610895
143.002,0.061183
143.107,0.0612478
143.212,0.0611696
143.317,0.0611444
143.422,0.0611548
143.527,0.0611591
143.632,0.0610883
143.737,0.0609794
143.842,0.0609751
143.947,0.0609682
144.052,0.0609283
144.157,0.0610166
144.262,0.0609829
144.367,0.0610437
144.472,0.0610869
144.577,0.0611711
144.682,0.0610342
144.787,0.061048
144.892,0.0610991
144.997,0.0611541
145.102,0.0610375
145.207,0.0611069
145.312,0.061007
145.417,0.0609205
145.522,0.0608668
145.627,0.0608673
145.732,0.060843
145.837,0.060941
145.942,0.0610268
146.047,0.0609593
146.152,0.0609109
146.257,0.0608957
146.362,0.0608549
146.467,0.0607166
146.572,0.0607407
146.677,0.0607677
146.782,0.0607331
146.887,0.0608535
146.992,0.0608938
147.097,0.0608275
147.202,0.0609698
147.307,0.0608554
147.412,0.0607555
147.517,0.0606778
147.622,0.0607388
147.727,0.0607769
147.832,0.0608931
147.937,0.0608962
148.042,0.0608962
148.147,0.060951
148.252,0.0609846
148.357,0.0610638
148.462,0.0610783
148.567,0.061105
148.672,0.0611567
148.777,0.0611429
148.882,0.0611913
148.987,0.0610898
149.092,0.0612533
149.197,0.0613816
149.302,0.0613506
149.407,0.0613253
149.512,0.0613055
149.617,0.0612423
149.722,0.0612514
149.827,0.0612361
149.932,0.0612862
150.037,0.0612168
150.142,0.0613174
150.247,0.061317
150.352,0.0612736
150.457,0.0612767
150.562,0.061321
150.667,0.0612369
150.772,0.0612884
150.877,0.0612371
150.982,0.0611629
151.087,0.0611508
151.192,0.0611124
151.297,0.0611129
151.402,0.0610633
151.507,0.0610106
151.612,0.0610309
151.717,0.0609884
151.822,0.0610044
151.927,0.0610335
152.032,0.0610406
152.137,0.0609992
152.242,0.0611386
152.347,0.0610735
152.452,0.0609162
152.557,0.0609477
152.662,0.0609479
152.767,0.0609581
152.872,0.0610428
152.977,0.0611258
153.082,0.0609839
153.187,0.0608749
153.292,0.0609138
153.397,0.0609486
153.502,0.0608833
153.607,0.0609422
153.712,0.0609469
153.817,0.0608919
153.922,0.0609415
154.027,0.0608833
154.132,0.0609844
154.237,0.0608835
154.342,0.0608537
154.447,0.0609028
154.552,0.0609508
154.657,0.0610034
154.762,0.0608988
154.867,0.0608611
154.972,0.060818
155.077,0.0608993
155.182,0.0609453
155.287,0.0609939
155.392,0.0609999
155.497,0.0609906
155.602,0.0610707
155.707,0.061038
155.812,0.0610404
155.917,0.0610478
156.022,0.0609937
156.127,0.0610361
156.232,0.0609813
156.337,0.0610008
156.442,0.0610533
156.547,0.0609758
156.652,0.060967
156.757,0.0609934
156.862,0.0610671
156.967,0.0611386
157.072,0.0612395
157.177,0.0612319
157.282,0.0612824
157.387,0.0612631
157.492,0.0611329
157.597,0.0611112
157.702,0.0609443
157.807,0.0609746
157.912,0.0610435
158.017,0.061022
158.122,0.0611095
158.227,0.0609701
158.332,0.0609536
158.437,0.0609386
158.542,0.0609183
158.647,0.0609419
158.752,0.0609846
158.857,0.0610042
158.962,0.0609796
159.067,0.0610435
159.172,0.0609834
159.277,0.0609665
159.382,0.0609174
159.487,0.0609956
159.592,0.0610704
159.697,0.0611515
159.802,0.0611093
159.907,0.0610621
160.012,0.0610349
160.117,0.0610371
160.222,0.0610201
160.327,0.0609987
160.432,0.0610366
160.537,0.0609689
160.642,0.0609701
160.747,0.0608819
160.852,0.0607541
160.957,0.0607109
161.062,0.0608287
161.167,0.0608933
161.272,0.0608306
161.377,0.0607936
161.482,0.0607409
161.587,0.0607994
161.692,0.0608137
161.797,0.0609345
161.902,0.0610197
162.007,0.0609546
162.112,0.0609217
162.217,0.0610194
162.322,0.0609868
162.427,0.0610671
162.532,0.0611055
162.637,0.0610759
162.742,0.0611057
162.847,0.0610552
162.952,0.0610433
163.057,0.0610626
163.162,0.0609953
163.267,0.0608923
163.372,0.0609703
163.477,0.0609636
163.582,0.0609813
163.687,0.0609622
163.792,0.0610161
163.897,0.0610271
164.002,0.0611081
164.107,0.0611153
164.212,0.061168
164.317,0.061152
164.422,0.0611651
164.527,0.0611076
164.632,0.0612612
164.737,0.0613003
164.842,0.0612562
164.947,0.0611708
165.052,0.0610831
165.157,0.0610287
165.262,0.0609796
165.367,0.0609915
165.472,0.0610154
165.577,0.0610311
165.682,0.0609322
165.787,0.0608888
165.892,0.0609045
165.997,0.0609941
166.102,0.0610833
166.207,0.0611145
166.312,0.0610354
166.417,0.0610464
166.522,0.0609834
166.627,0.061008
166.732,0.0609946
166.837,0.0610077
166.942,0.0610344
167.047,0.0610828
167.152,0.0611877
167.257,0.0611882
167.362,0.0612214
167.467,0.0612237
167.572,0.0611889
167.677,0.061079
167.782,0.0610731
167.887,0.0611544
167.992,0.0611966
168.097,0.0611238
168.202,0.0612707
168.307,0.061106
168.412,0.0611293
168.517,0.0611339
168.622,0.0610905
168.727,0.0611193
168.832,0.0611877
168.937,0.0611639
169.042,0.0610411
169.147,0.0610037
169.252,0.0610471
169.357,0.0609894
169.462,0.0609317
169.567,0.0609536
169.672,0.0609441
169.777,0.0609336
169.882,0.0608609
169.987,0.0608993
170.092,0.0609205
170.197,0.0609548
170.302,0.0610418
170.407,0.061059
170.512,0.0610754
170.617,0.0611219
170.722,0.0612745
170.827,0.0613425
170.932,0.0613182
171.037,0.0614116
171.142,0.061409
171.247,0.0612826
171.352,0.0613999
171.457,0.0615313
171.562,0.0614467
171.667,0.061446
171.772,0.0613916
171.877,0.0612993
171.982,0.0613878
172.087,0.0613384
172.192,0.0612531
172.297,0.0612807
172.402,0.0612519
172.507,0.0612588
172.612,0.0613039
172.717,0.0612524
172.822,0.0611734
172.927,0.0611317
173.032,0.061116
173.137,0.0610838
173.242,0.0610032
173.347,0.0609756
173.452,0.060946
173.557,0.0610235
173.662,0.0610592
173.767,0.0610268
173.872,0.0610206
173.977,0.0610752
174.082,0.0610192
174.187,0.0610218
174.292,0.0610943
174.397,0.061121
174.502,0.0610979
174.607,0.0611689
174.712,0.0611112
174.817,0.0610051
174.922,0.0610452
175.027,0.0610387
175.132,0.0610058
175.237,0.06095
175.342,0.0608847
175.447,0.0609646
175.552,0.0610008
175.657,0.0609975
175.762,0.0610275
175.867,0.0609791
175.972,0.060981
176.077,0.0610144
176.182,0.0610681
176.287,0.0611777
176.392,0.0611858
176.497,0.0611832
176.602,0.0611906
176.707,0.0612454
176.812,0.0612941
176.917,0.0612626
177.022,0.061276
177.127,0.0612981
177.232,0.0440521
177.337,-0.00162983
177.442,0.0155509
177.547,0.0202024
177.652,0.0248265
177.757,0.0287549
177.862,0.0323026
177.967,0.0354595
178.072,0.0384183
178.177,0.041069
178.282,0.0434854
178.387,0.0456529
178.492,0.0476394
178.597,0.0492506
178.702,0.0508385
178.807,0.0521739
178.912,0.0534441
179.017,0.0544682
179.122,0.0553837
179.227,0.0562575
179.332,0.0570891
179.437,0.0578361
179.542,0.0585499
179.647,0.0591125
179.752,0.0595288
179.857,0.06004
179.962,0.0604892
180.067,0.0609388
180.172,0.0612624
180.277,0.0616057
180.382,0.0617199
180.487,0.0618339
180.592,0.0620987
180.697,0.0622511
180.802,0.0623782
180.907,0.0624347
181.012,0.0624363
181.117,0.0624692
181.222,0.0624371
181.327,0.0624774
181.432,0.0624738
181.537,0.0624244
181.642,0.0623953
181.747,0.0622494
181.852,0.0621986
181.957,0.0621564
182.062,0.0621135
182.167,0.0620744
182.272,0.0619085
182.377,0.0618091
182.482,0.0617449
182.587,0.0617363
182.692,0.0617125
182.797,0.0616746
182.902,0.0615184
183.007,0.0613623
183.112,0.0613725
183.217,0.0613089
183.322,0.0611856
183.427,0.0611892
183.532,0.0612273
183.637,0.0612411
183.742,0.0611281
183.847,0.0610707
183.952,0.0609951
184.057,0.0610552
184.162,0.061053
184.267,0.0609353
184.372,0.0608795
184.477,0.0607629
184.582,0.0607867
184.687,0.0607111
184.792,0.0605321
184.897,0.0605311
185.002,0.0605826
185.107,0.0604775
185.212,0.0604827
185.317,0.0605383
185.422,0.0605228
185.527,0.0603769
185.632,0.0603454
185.737,0.060286
185.842,0.0602136
185.947,0.0601325
186.052,0.0601213
186.157,0.0601559
186.262,0.0601361
186.367,0.06004
186.472,0.0599182
186.577,0.0599043
186.682,0.0597768
186.787,0.0597796
186.892,0.0597973
186.997,0.0598056
187.102,0.0597026
187.207,0.0596056
187.312,0.0596442
187.417,0.0597057
187.522,0.0595794
187.627,0.0596192
187.732,0.0595968
187.837,0.0594361
187.942,0.0593908
188.047,0.0594554
188.152,0.0594521
188.257,0.0594239
188.362,0.0594387
188.467,0.0594394
188.572,0.0593178
188.677,0.0592475
188.782,0.0593655
188.887,0.0592873
188.992,0.0592518
189.097,0.0592434
189.202,0.0592515
189.307,0.0593765
189.412,0.0593922
189.517,0.0593841
189.622,0.0593243
189.727,0.0593297
189.832,0.0594704
189.937,0.0594652
190.042,0.0594254
190.147,0.0594192
190.252,0.0593879
190.357,0.0594404
190.462,0.0594554
190.567,0.0595167
190.672,0.0595798
190.777,0.059535
190.882,0.0594563
190.987,0.0594473
191.092,0.0594149
191.197,0.0594182
191.302,0.0593324
191.407,0.059334
191.512,0.0593503
191.617,0.0593507
191.722,0.0592592
191.827,0.0593538
191.932,0.0592983
192.037,0.0593269
192.142,0.0593591
192.247,0.0593576
192.352,0.0592926
192.457,0.0592639
192.562,0.0592806
192.667,0.0592692
192.772,0.0593486
192.877,0.0593905
192.982,0.0594234
193.087,0.0594063
193.192,0.0594306
193.297,0.0595565
193.402,0.0596206
193.507,0.0597193
193.612,0.0597756
193.717,0.0596869
193.822,0.0596182
193.927,0.0596831
194.032,0.0597038
194.137,0.0596383
194.242,0.0596128
194.347,0.0596476
194.452,0.0595984
194.557,0.0595317
194.662,0.0595403
194.767,0.0595026
194.872,0.0594797
194.977,0.0595129
195.082,0.0595758
195.187,0.0596607
195.292,0.059623
195.397,0.0595455
195.502,0.0595605
195.607,0.0596383
195.712,0.0595832
195.817,0.0595989
195.922,0.0595362
196.027,0.0595798
196.132,0.059701
196.237,0.0595734
196.342,0.0596604
196.447,0.0597236
196.552,0.0597899
196.657,0.0597193
196.762,0.0596979
196.867,0.0596902
196.972,0.0597458
197.077,0.0596724
197.182,0.059736
197.287,0.0596812
197.392,0.0597124
197.497,0.0597224
197.602,0.0596433
197.707,0.0596879
197.812,0.059768
197.917,0.0597906
198.022,0.0598218
198.127,0.0596747
198.232,0.0597222
198.337,0.0597363
198.442,0.0597448
198.547,0.0597394
198.652,0.059716
198.757,0.0596807
198.862,0.0595648
198.967,0.0595024
199.072,0.0594831
199.177,0.0594969
199.282,0.0593786
199.387,0.0594008
199.492,0.0594139
199.597,0.0594416
199.702,0.0593908
199.807,0.0593827
199.912,0.0595138
200.017,0.0594475
200.122,0.0595081
200.227,0.0594244
200.332,0.0593803
200.437,0.0593667
200.542,0.0592885
200.647,0.0593348
200.752,0.0593987
200.857,0.0595284
200.962,0.0595429
201.067,0.0595953
201.172,0.0596449
201.277,0.0597339
201.382,0.0597336
201.487,0.0596001
201.592,0.0596044
201.697,0.0594628
201.802,0.0595043
201.907,0.0595324
202.012,0.0595958
202.117,0.0596411
202.222,0.0596344
202.327,0.0596442
202.432,0.0595663
202.537,0.0596149
202.642,0.0595241
202.747,0.0594568
202.852,0.0594053
202.957,0.0592766
203.062,0.0593708
203.167,0.059485
203.272,0.0595498
203.377,0.0595839
203.482,0.059684
203.587,0.0596616
203.692,0.0595689
203.797,0.0596423
203.902,0.0596693
204.007,0.0596907
204.112,0.0597014
204.217,0.0596139
204.322,0.0596747
204.427,0.0595598
204.532,0.0594549
204.637,0.0594423
204.742,0.0594902
204.847,0.0594161
204.952,0.0594792
205.057,0.0594227
205.162,0.0594881
205.267,0.0595858
205.372,0.0596316
205.477,0.0596933
205.582,0.05968
205.687,0.0596275
205.792,0.0595984
205.897,0.0595431
206.002,0.0595691
206.107,0.0595489
206.212,0.0595794
206.317,0.059515
206.422,0.0594556
206.527,0.0595479
206.632,0.0594733
206.737,0.0595505
206.842,0.0595975
206.947,0.0595324
207.052,0.0594931
207.157,0.0595315
207.262,0.0595636
207.367,0.0595021
207.472,0.0595541
207.577,0.059592
207.682,0.0596721
207.787,0.0598376
207.892,0.0597396
207.997,0.0597694
208.102,0.0598223
208.207,0.0598557
208.312,0.059864
208.417,0.0597689
208.522,0.0596843
208.627,0.0597608
208.732,0.0597522
208.837,0.0597808
208.942,0.0597353
209.047,0.0596678
209.152,0.0596583
209.257,0.0597117
209.362,0.0598202
209.467,0.0597517
209.572,0.0597034
209.677,0.059761
209.782,0.059725
209.887,0.0596881
209.992,0.0596354
210.097,0.059685
210.202,0.0596697
210.307,0.0596867
210.412,0.0596526
210.517,0.0596368
210.622,0.0596948
210.727,0.0596628
210.832,0.0597243
210.937,0.0596709
211.042,0.0596459
211.147,0.0596371
211.252,0.0598257
211.357,0.0598395
211.462,0.0598643
211.567,0.0597608
211.672,0.0596464
211.777,0.0597107
211.882,0.059612
211.987,0.0596194
212.092,0.0595334
212.197,0.0595834
212.302,0.0598156
212.407,0.059865
212.512,0.0598931
212.617,0.0598114
212.722,0.0598609
212.827,0.059782
212.932,0.0598183
213.037,0.0598636
213.142,0.0598931
213.247,0.0599215
213.352,0.0598433
213.457,0.0598578
213.562,0.0598028
213.667,0.0597739
213.772,0.0597379
213.877,0.059689
213.982,0.0597613
214.087,0.059829
214.192,0.0598648
214.297,0.0598054
214.402,0.0598264
214.507,0.0598814
214.612,0.05987
214.717,0.059778
214.822,0.0597866
214.927,0.0597875
215.032,0.0598254
215.137,0.059881
215.242,0.0599358
215.347,0.0599461
215.452,0.0599716
215.557,0.0598898
215.662,0.0597231
215.767,0.0597243
215.872,0.0595691
215.977,0.059557
216.082,0.0596058
216.187,0.0596766
216.292,0.0596952
216.397,0.0597939
216.502,0.05983
216.607,0.0598028
216.712,0.0598848
216.817,0.0598876
216.922,0.0599124
217.027,0.0599363
217.132,0.0599382
217.237,0.0599146
217.342,0.0601163
217.447,0.0599954
217.552,0.0599535
217.657,0.0600021
217.762,0.0599649
217.867,0.0600038
217.972,0.0599985
218.077,0.059974
218.182,0.0599992
218.287,0.0599644
218.392,0.060025
218.497,0.0599349
218.602,0.0599492
218.707,0.0600696
218.812,0.0601504
218.917,0.0600746
219.022,0.060039
219.127,0.0600011
219.232,0.0599964
219.337,0.0600209
219.442,0.0600679
219.547,0.0599997
219.652,0.0599844
219.757,0.0599792
219.862,0.0600383
219.967,0.0600367
220.072,0.0600622
220.177,0.0600934
220.282,0.0600994
220.387,0.0600319
220.492,0.059979
220.597,0.0598998
220.702,0.0598447
220.807,0.05983
220.912,0.0597734
221.017,0.0598204
221.122,0.0597394
221.227,0.0596993
221.332,0.0597034
221.437,0.0596678
221.542,0.0598161
221.647,0.0598171
221.752,0.059824
221.857,0.0598111
221.962,0.0597558
222.067,0.0598316
222.172,0.0598056
222.277,0.0597386
222.382,0.0597908
222.487,0.059911
222.592,0.0599689
222.697,0.0597475
222.802,0.0600274
222.907,0.0602891
223.012,0.0600958
223.117,0.0603893
223.222,0.060359
223.327,0.060426
223.432,0.0603187
223.537,0.0604222
223.642,0.0605075
223.747,0.0604634
223.852,0.0604167
223.957,0.0603054
224.062,0.0604193
224.167,0.0602067
224.272,0.0601447
224.377,0.06007
224.482,0.0601003
224.587,0.0601282
224.692,0.0602138
224.797,0.0603204
224.902,0.0602524
225.007,0.0602369
225.112,0.0602281
225.217,0.0601997
225.322,0.0602477
225.427,0.0600877
225.532,0.0600331
225.637,0.0601788
225.742,0.0602024
225.847,0.0600052
225.952,0.0604053
226.057,0.0601964
226.162,0.0602419
226.267,0.0601122
226.372,0.060143
226.477,0.0601265
226.582,0.0598969
226.687,0.0599058
226.792,0.0599468
226.897,0.0599866
227.002,0.0600331
227.107,0.0599442
227.212,0.0599041
227.317,0.0599675
227.422,0.0600355
227.527,0.0600076
227.632,0.0600805
227.737,0.0601776
227.842,0.0600743
227.947,0.0600131
228.052,0.060003
228.157,0.0600615
228.262,0.0600982
228.367,0.0599778
228.472,0.0601172
228.577,0.0600677
228.682,0.0602241
228.787,0.0602596
228.892,0.0600965
228.997,0.0592933
229.102,0.0598752
229.207,0.0598657
229.312,0.0603507
229.417,0.0512927
229.522,0.0393155
229.627,0.0230472
229.732,0.0304618
229.837,0.000137806
229.942,-0.00705671
230.047,-0.00571132
230.152,-0.0292537
230.257,-0.044678
230.362,-0.0474679
230.467,-0.0285192
230.572,-0.0135458
230.677,-0.0635633
230.782,-0.0943842
230.887,-0.138857
230.992,-0.265634
231.097,-0.319109
231.202,-0.408254
231.307,-0.52008
231.412,-0.660942
231.517,-0.816203
231.622,-0.990593
231.727,-1.15861
231.832,-1.26358
231.937,-1.28786
232.042,-1.24764
232.147,-1.05217
232.252,-1.00161
232.357,-0.978985
232.462,-0.977695
232.567,-0.939656
232.672,-1.0242
232.777,-1.06192
232.882,-1.17383
232.987,-1.38522
233.092,-1.5852
233.197,-1.72284
233.302,-1.70911
233.407,-1.521
233.512,-1.22142
233.617,-1.03279
233.722,-0.878946
233.827,-0.738403
233.932,-0.630213
234.037,-0.542312
234.142,-0.535221
234.247,-0.525718
234.352,-0.657206
234.457,-0.75605
234.562,-0.808088
234.667,-0.811613
234.772,-0.915125
234.877,-0.955954
234.982,-0.987716
235.087,-0.961988
235.192,-0.883149
235.297,-0.721363
235.402,-0.542231
235.507,-0.416542
235.612,-0.282683
235.717,-0.156303
235.822,-0.0639479
235.927,-0.00516295
236.032,0.0202999
236.137,-0.000400543
236.242,-0.0660539
236.347,-0.119789
236.452,-0.213778
236.557,-0.378576
236.662,-0.506068
236.767,-0.558241
236.872,-0.815266
236.977,-1.09281
237.082,-1.39393
237.187,-1.64499
237.292,-1.87973
237.397,-2.11015
237.502,-2.39263
237.607,-2.40059
237.712,-2.11845
237.817,-3.00751
237.922,-2.96053
238.027,3.0534
238.132,3.08387
238.237,2.67932
238.342,2.51041
238.447,2.26179
238.552,2.02503
238.657,1.80072
238.762,1.61241
238.867,1.46531
238.972,1.38378
239.077,1.38368
239.182,1.46717
239.287,1.49432
239.392,1.4164
239.497,1.17219
239.602,0.858893
239.707,0.444157
239.812,-0.0731373
239.917,-0.501651
240.022,-0.76352
240.127,-0.948544
240.232,-1.09686
240.337,-1.19215
240.442,-1.24264
240.547,-1.28601
240.652,-1.29835
240.757,-1.23762
240.862,-1.20944
240.967,-1.29297
241.072,-1.41629
241.177,-1.55927
241.282,-1.33988
241.387,-1.15471
241.492,-0.913749
241.597,-0.763957
241.702,-0.797494
241.807,-0.877387
241.912,-0.98614
242.017,-1.10919
242.122,-1.21641
242.227,-1.30049
242.332,-1.35819
242.437,-1.3869
242.542,-1.42345
242.647,-1.41972
242.752,-1.33164
242.857,-1.23105
242.962,-1.15522
243.067,-1.04864
243.172,-0.938156
243.277,-0.737547
243.382,-0.563907
243.487,-0.507425
243.592,-0.53361
243.697,-0.609295
243.802,-0.7032
243.907,-0.794971
244.012,-0.857914
244.117,-0.846637
244.222,-0.804036
244.327,-0.750608
244.432,-0.719492
244.537,-0.717744
244.642,-0.777657
244.747,-0.790143
244.852,-0.805072
244.957,-0.778391
245.062,-0.632621
245.167,-0.487203
245.272,-0.369988
245.377,-0.326503
245.482,-0.257492
245.587,-0.19922
245.692,-0.241405
245.797,-0.321318
245.902,-0.355557
246.007,-0.422851
246.112,-0.521553
246.217,-0.528685
246.322,-0.465961
246.427,-0.412575
246.532,-0.31986
246.637,-0.256922
246.742,-0.238155
246.847,-0.315311
246.952,-0.376915
247.057,-0.468706
247.162,-0.512185
247.267,-0.552486
247.372,-0.55372
247.477,-0.51617
247.582,-0.524836
247.687,-0.656072
247.792,-0.722972
247.897,-0.763951
248.002,-0.678566
248.107,-0.448093
248.212,-0.219064
248.317,-0.0205297
248.422,0.0742044
248.527,0.0776811
248.632,-0.0307031
248.737,-0.170435
248.842,-0.271138
248.947,-0.354568
249.052,-0.458234
249.157,-0.591137
249.262,-0.700571
249.367,-0.793552
249.472,-0.785143
249.577,-0.741275
249.682,-0.73322
249.787,-0.691108
249.892,-0.654527
249.997,-0.597044
250.102,-0.560626
250.207,-0.489624
250.312,-0.386237
250.417,-0.28456
250.522,-0.222277
250.627,-0.167001
250.732,-0.139266
250.837,-0.172907
250.942,-0.234889
251.047,-0.260458
251.152,-0.300706
251.257,-0.355062
251.362,-0.451263
251.467,-0.578315
251.572,-0.616359
251.677,-0.594791
251.782,-0.573303
251.887,-0.568247
251.992,-0.565297
252.097,-0.541181
252.202,-0.541152
252.307,-0.553558
252.412,-0.566637
252.517,-0.551702
252.622,-0.569509
252.727,-0.55197
252.832,-0.56177
252.937,-0.543115
253.042,-0.53384
253.147,-0.51479
253.252,-0.486173
253.357,-0.467146
253.462,-0.46427
253.567,-0.49279
253.672,-0.51944
253.777,-0.523848
253.882,-0.501396
253.987,-0.460322
254.092,-0.438754
254.197,-0.457891
254.302,-0.493557
254.407,-0.474745
254.512,-0.444213
254.617,-0.53929
254.722,-0.626005
254.827,-0.657673
254.932,-0.725804
255.037,-0.74423
255.142,-0.795037
255.247,-0.848196
255.352,-0.795543
255.457,-0.736388
255.562,-0.632806
255.667,-0.543606
255.772,-0.441459
255.877,-0.377308
255.982,-0.334803
256.087,-0.326054
256.192,-0.353166
256.297,-0.372119
256.402,-0.470972
256.507,-0.513887
256.612,-0.578115
256.717,-0.61604
256.822,-0.631222
256.927,-0.612019
257.032,-0.639611
257.137,-0.599094
257.242,-0.539232
257.347,-0.483989
257.452,-0.434603
257.557,-0.398743
257.662,-0.355763
257.767,-0.343084
257.872,-0.311496
257.977,-0.297983
258.082,-0.352997
258.187,-0.341136
258.292,-0.37221
258.397,-0.353512
258.502,-0.351382
258.607,-0.323695
258.712,-0.292105
258.817,-0.297622
258.922,-0.305633
259.027,-0.35602
259.132,-0.44432
259.237,-0.481297
259.342,-0.540483
259.447,-0.547899
259.552,-0.672321
259.657,-0.682381
259.762,-0.688239
259.867,-0.6567
259.972,-0.615846
260.077,-0.617376
260.182,-0.583064
260.287,-0.54804
260.392,-0.545677
260.497,-0.494513
260.602,-0.460258
260.707,-0.427651
260.812,-0.448856
260.917,-0.520829
261.022,-0.565914
261.127,-0.630329
261.232,-0.651691
261.337,-0.669083
261.442,-0.724588
261.547,-0.703275
261.652,-0.752365
261.757,-0.776151
261.862,-0.799519
261.967,-0.844401
262.072,-0.888412
262.177,-0.932374
262.282,-0.944181
262.387,-0.889428
262.492,-0.854466
262.597,-0.789983
262.702,-0.751431
262.807,-0.78802
262.912,-0.993022
263.017,-1.08907
263.122,-1.13646
263.227,-1.15609
263.332,-1.09509
263.437,-0.994475
263.542,-0.820843
263.647,-0.716738
263.752,-0.882263
263.857,-1.0681
263.962,-1.13022
264.067,-1.14292
264.172,-1.09835
264.277,-1.01391
264.382,-0.912626
264.487,-0.753053
264.592,-0.705907
264.697,-0.863036
264.802,-0.912349
264.907,-0.916423
265.012,-1.04321
265.117,-1.14636
265.222,-1.19418
265.327,-1.16121
265.432,-1.01306
265.537,-0.777852
265.642,-0.566728
265.747,-0.539045
265.852,-0.647432
265.957,-0.715601
266.062,-0.737362
266.167,-0.799546
266.272,-0.894625
266.377,-0.97112
266.482,-1.02065
266.587,-1.02871
266.692,-1.00833
266.797,-1.03667
266.902,-1.02714
267.007,-0.980827
267.112,-0.912051
267.217,-1.05119
267.322,-1.19111
267.427,-1.19707
267.532,-1.20626
267.637,-1.2187
267.742,-1.098
267.847,-0.921286
267.952,-0.7619
268.057,-0.571868
268.162,-0.475494
268.267,-0.52112
268.372,-0.622226
268.477,-0.72839
268.582,-0.836677
268.687,-0.966587
268.792,-1.08734
268.897,-1.18881
269.002,-1.30254
269.107,-1.34806
269.212,-1.41033
269.317,-1.47073
269.422,-1.53509
269.527,-1.57844
269.632,-1.52951
269.737,-1.24638
269.842,-0.844675
269.947,-0.477681
270.052,-0.247112
270.157,-0.11961
270.262,-0.138316
270.367,-0.152193
270.472,-0.190053
270.577,-0.32599
270.682,-0.585364
270.787,-0.951036
270.892,-1.26383
270.997,-1.51494
271.102,-1.71917
271.207,-1.85571
271.312,-1.96467
271.417,-2.01389
271.522,-1.99708
271.627,-1.86202
271.732,-1.4738
271.837,-0.995155
271.942,-0.561461
272.047,-0.274469
272.152,-0.104535
272.257,-0.167663
272.362,-0.235919
272.467,-0.246398
272.572,-0.342267
272.677,-0.552373
272.782,-0.742782
272.887,-0.869942
272.992,-0.957964
273.097,-1.03668
273.202,-1.06816
273.307,-0.9468
273.412,-0.726787
273.517,-0.772206
273.622,-0.741468
273.727,-0.937013
273.832,-0.934819
273.937,-0.970006
274.042,-1.0725
274.147,-1.22084
274.252,-1.29783
274.357,-1.47106
274.462,-1.6565
274.567,-1.77535
274.672,-1.78496
274.777,-1.84164
274.882,-1.91952
274.987,-1.97652
275.092,-1.9895
275.197,-1.96716
275.302,-1.76775
275.407,-1.43426
275.512,-1.11222
275.617,-0.836952
275.722,-0.61477
275.827,-0.450132
275.932,-0.361215
276.037,-0.329458
276.142,-0.329114
276.247,-0.431057
276.352,-0.587628
276.457,-0.691559
276.562,-0.800139
276.667,-0.881352
276.772,-0.950179
276.877,-0.979999
276.982,-1.04648
277.087,-1.03181
277.192,-0.892592
277.297,-0.664773
277.402,-0.508835
277.507,-0.417018
277.612,-0.390931
277.717,-0.4347
277.822,-0.476123
277.927,-0.562846
278.032,-0.529377
278.137,-0.663252
278.242,-0.747956
278.347,-0.880403
278.452,-1.0247
278.557,-1.11726
278.662,-1.16896
278.767,-1.27826
278.872,-1.42501
278.977,-1.5277
279.082,-1.6028
279.187,-1.57194
279.292,-1.6041
279.397,-1.64548
279.502,-1.66514
279.607,-1.6726
279.712,-1.55586
279.817,-1.32759
279.922,-1.09136
280.027,-0.863833
280.132,-0.678872
280.237,-0.530754
280.342,-0.461238
280.447,-0.447016
280.552,-0.490647
280.657,-0.567447
280.762,-0.717844
280.867,-0.875263
280.972,-1.05794
281.077,-1.27705
281.182,-1.45901
281.287,-1.61024
281.392,-1.72568
281.497,-1.81981
281.602,-1.87016
281.707,-1.84715
281.812,-1.66359
281.917,-1.33134
282.022,-0.964984
282.127,-0.642076
282.232,-0.433738
282.337,-0.303086
282.442,-0.265069
282.547,-0.306688
282.652,-0.316831
282.757,-0.456742
282.862,-0.647663
282.967,-0.859697
283.072,-0.983863
283.177,-1.08613
283.282,-1.10728
283.387,-0.99772
283.492,-0.688893
283.597,-0.481784
283.702,-0.541062
283.807,-0.65309
283.912,-0.694177
284.017,-0.707749
284.122,-0.483437
284.227,-0.726474
284.332,-0.89695
284.437,-0.991437
284.542,-1.09612
284.647,-1.18069
284.752,-1.15907
284.857,-1.18388
284.962,-1.14477
285.067,-1.00594
285.172,-0.939482
285.277,-0.875693
285.382,-0.787143
285.487,-0.729041
285.592,-0.722894
285.697,-0.696498
285.802,-0.696929
285.907,-0.70595
286.012,-0.71459
286.117,-0.74861
286.222,-0.772904
286.327,-0.882643
286.432,-0.942288
286.537,-1.0482
286.642,-0.96427
286.747,-0.865375
286.852,-0.741174
286.957,-0.650519
287.062,-0.575889
287.167,-0.610813
287.272,-0.386682
287.377,-0.282388
287.482,-0.240967
287.587,-0.183764
287.692,-0.145677
287.797,-0.120138
287.902,-0.119622
288.007,-0.209321
288.112,-0.272583
288.217,-0.467356
289.934,-0.155001
290.039,0.180591
290.144,0.181499
290.249,0.337569
290.354,0.486547
290.459,0.50788
290.564,0.415934
290.669,0.3168
290.774,0.22603
290.879,0.204224
290.984,0.247993
291.089,0.284147
291.194,0.287156
291.299,0.273451
291.404,0.245739
291.509,0.217235
291.614,0.224644
291.719,0.257842
291.824,0.27659
291.929,0.273814
292.034,0.282261
292.139,0.261409
292.244,0.22837
292.349,0.242804
292.454,0.234165
292.559,0.220503
292.664,0.25957
292.769,0.267999
292.874,0.22254
292.979,0.200993
293.084,0.197513
293.189,0.220341
293.294,0.224909
293.399,0.235899
293.504,0.234139
293.609,0.220514
293.714,0.209379
293.819,0.194129
293.924,0.186867
294.029,0.199291
294.134,0.213485
294.239,0.205496
294.344,0.187961
294.449,0.162877
294.554,0.164567
294.659,0.177773
294.764,0.210727
294.869,0.222005
294.974,0.190393
295.079,0.15384
295.184,0.128866
295.289,0.112537
295.394,0.115843
295.499,0.139618
295.604,0.152836
295.709,0.154551
295.814,0.144277
295.919,0.127446
296.024,0.106746
296.129,0.0843184
296.234,0.0917103
296.339,0.134229
296.444,0.150218
296.549,0.140238
296.654,0.120726
296.759,0.106714
296.864,0.10078
296.969,0.119057
297.074,0.141803
297.179,0.147242
297.284,0.13009
297.389,0.116952
297.494,0.123384
297.599,0.174706
297.704,0.216566
297.809,0.225655
297.914,0.199775
298.019,0.141132
298.124,0.113552
298.229,0.116032
298.334,0.126074
298.439,0.154389
298.544,0.18975
298.649,0.209709
298.754,0.214664
298.859,0.205674
298.964,0.17811
299.069,0.156735
299.174,0.151412
299.279,0.161893
299.384,0.168692
299.489,0.17608
299.594,0.16094
299.699,0.125885
299.804,0.126673
299.909,0.147836
300.014,0.168291
300.119,0.186872
300.224,0.170851
300.329,0.140038
300.434,0.101576
300.539,0.130594
300.644,0.1583
300.749,0.173376
300.854,0.179705
300.959,0.18447
301.064,0.162423
301.169,0.140034
301.274,0.126964
301.379,0.137299
301.484,0.156651
301.589,0.181433
301.694,0.176672
301.799,0.150557
301.904,0.130654
302.009,0.139371
302.114,0.151057
302.219,0.164443
302.324,0.173252
302.429,0.167416
302.534,0.153098
302.639,0.125325
302.744,0.128567
302.849,0.146553
302.954,0.151269
303.059,0.173881
303.164,0.161708
303.269,0.156457
303.374,0.140584
303.479,0.111217
303.584,0.119964
303.689,0.146693
303.794,0.147303
303.899,0.146111
304.004,0.153986
304.109,0.149192
304.214,0.130113
304.319,0.113674
304.424,0.125221
304.529,0.142097
304.634,0.141522
304.739,0.143665
304.844,0.148731
304.949,0.148925
305.054,0.145603
305.159,0.14756
305.264,0.143459
305.369,0.135099
305.474,0.139328
305.579,0.122583
305.684,0.122846
305.789,0.144519
305.894,0.15501
305.999,0.128181
306.104,0.118698
306.209,0.107818
306.314,0.114998
306.419,0.131704
306.524,0.129353
306.629,0.129938
306.734,0.148894
306.839,0.171833
306.944,0.154475
307.049,0.130716
307.154,0.143143
307.259,-nan
