#time, yaw[]
27.9011,5.78495
28.0061,5.77156
28.1111,5.74997
28.2161,5.74301
28.3211,5.72956
28.4261,5.71996
28.5311,5.71081
28.6361,5.7069
28.7411,5.69505
28.8461,5.69017
28.9511,5.68188
29.0561,5.67685
29.1611,5.67046
29.2661,5.66112
29.3711,5.6621
29.4761,5.65492
29.5811,5.64574
29.6861,5.63745
29.7911,5.63969
29.8961,5.63266
30.0011,5.62821
30.1061,5.62523
30.2111,5.62258
30.3161,5.61623
30.4211,5.61494
30.5261,5.60811
30.6311,5.61005
30.7361,5.61028
30.8411,5.60934
30.9461,5.60276
31.0511,5.60091
31.1561,5.59987
31.2611,5.60386
31.3661,5.59782
31.4711,5.59631
31.5761,5.59919
31.6811,5.59528
31.7861,5.59222
31.8911,5.59392
31.9961,5.5922
32.1011,5.5934
32.2061,5.62765
32.3111,5.6907
32.4161,5.67601
32.5211,5.62063
32.6261,5.6152
32.7311,5.61274
32.8361,5.61709
32.9411,5.61644
33.0461,5.6177
33.1511,5.61173
33.2561,5.60973
33.3611,5.61137
33.4661,5.61032
33.5711,5.61096
33.6761,5.61219
33.7811,5.61028
33.8861,5.60941
33.9911,5.61847
34.0961,5.61229
34.2011,5.61347
34.3061,5.6113
34.4111,5.61374
34.5161,5.61572
34.6211,5.61829
34.7261,5.61618
34.8311,5.61121
34.9361,5.61227
35.0411,5.62151
35.1461,5.47702
35.2511,5.39703
35.3561,5.50657
35.4611,5.54146
35.5661,5.54214
35.6711,5.54018
35.7761,5.54248
35.8811,5.54579
35.9861,5.52442
36.0911,5.52422
36.1961,5.54018
36.3011,5.56208
36.4061,5.55863
36.5111,5.55472
36.6161,5.55913
36.7211,5.55415
36.8261,5.55183
36.9311,5.55116
37.0361,5.5538
37.1411,5.55166
37.2461,5.56462
37.3511,5.56318
37.4561,5.55957
37.5611,5.5714
37.6661,5.5697
37.7711,5.5658
37.8761,5.57154
37.9811,5.56901
38.0861,5.47641
38.1911,5.56141
38.2961,5.55795
38.4011,5.55932
38.5061,5.55487
38.6111,5.56128
38.7161,5.55897
38.8211,5.56214
38.9261,5.55707
39.0311,5.56434
39.1361,5.56686
39.2411,5.56538
39.3461,5.56409
39.4511,5.56438
39.5561,5.56448
39.6611,5.56673
39.7871,5.56295
39.8921,5.5604
39.9971,5.55996
40.1021,5.56121
40.2071,5.56145
40.3121,5.56078
40.4171,5.56177
40.5221,5.56336
40.6271,5.56757
40.7321,5.56127
40.8371,5.55973
40.9421,5.56145
41.0471,5.55724
41.1521,5.55574
41.2571,5.58888
41.3621,5.58848
41.4671,5.582
41.5721,5.57913
41.6771,5.58135
41.7821,5.58121
41.8871,5.57985
41.9921,5.57802
42.0971,5.57998
42.2021,5.57707
42.3071,5.57773
42.4121,5.58025
42.5171,5.57848
42.6221,5.58152
42.7271,5.57489
42.8321,5.57732
42.9371,5.57719
43.0421,5.57931
43.1471,5.57544
43.2521,5.57686
43.3571,5.57616
43.4621,5.57977
43.5671,5.57273
43.6721,5.58124
43.7771,5.58309
43.8821,5.57692
43.9871,5.57913
44.0921,5.5892
44.1971,5.58722
44.3021,5.58939
44.4071,5.5904
44.5121,5.582
44.6171,5.58205
44.7221,5.57948
44.8271,5.57886
44.9321,5.58052
45.0371,5.57851
45.1421,5.58075
45.2471,5.58137
45.3521,5.57809
45.4571,5.57813
45.5621,5.58276
45.6671,5.57637
45.7721,5.58495
45.8771,5.58137
45.9821,5.58145
46.0871,5.5782
46.1921,5.59482
46.2971,5.60085
46.4021,5.60052
46.5071,5.59725
46.6121,5.59871
46.7171,5.59467
46.8221,5.59779
46.9271,5.60034
47.0321,5.59847
47.1371,5.59432
47.2421,5.59826
47.3471,5.59441
47.4521,5.59714
47.5571,5.59051
47.6621,5.59785
47.7671,5.59351
47.8721,5.5959
47.9771,5.59434
48.0821,5.59112
48.1871,5.59446
48.2921,5.59583
48.3971,5.59584
48.5021,5.5906
48.6071,5.59715
48.7121,5.59089
48.8171,5.59736
48.9221,5.59353
49.0271,5.59352
49.1321,5.59491
49.2371,5.59213
49.3421,5.59294
49.4471,5.59309
49.5521,5.58865
49.6571,5.58839
49.7621,5.58563
49.8671,5.58594
49.9721,5.5856
50.0771,5.58578
50.1821,5.59365
50.2871,5.58959
50.3921,5.59022
50.4971,5.58966
50.6021,5.58767
50.7071,5.58823
50.8121,5.59185
50.9171,5.5921
51.0221,5.59554
51.1271,5.5943
51.2321,5.59329
51.3371,5.59033
51.4421,5.59633
51.5471,5.5928
51.6521,5.59423
51.7571,5.58987
51.8621,5.59203
51.9671,5.59272
52.0721,5.58999
52.1771,5.59189
52.2821,5.59502
52.3871,5.59221
52.4921,5.58786
52.5971,5.59748
52.7021,5.59347
52.8071,5.59037
52.9121,5.58963
53.0171,5.59703
53.1221,5.59643
53.2271,5.59473
53.3321,5.59291
53.4371,5.59531
53.5421,5.60028
53.6471,5.59504
53.7521,5.59416
53.8571,5.58984
53.9621,5.59277
54.0671,5.56794
54.1721,5.5515
54.2771,5.53775
54.3821,5.52747
54.4871,5.52864
54.5921,5.53593
54.6971,5.54033
54.8021,5.54843
54.9071,5.54541
55.0121,5.54654
55.1171,5.55384
55.2221,5.554
55.3271,5.54567
55.4321,5.55124
55.5371,5.55386
55.6421,5.55717
55.7471,5.55456
55.8521,5.55775
55.9571,5.56028
56.0621,5.55789
56.1671,5.55725
56.2721,5.55802
56.3771,5.5607
56.4821,5.55845
56.5871,5.56124
56.6921,5.5617
56.7971,5.56204
56.9021,5.5626
57.0071,5.56562
57.1121,5.566
57.2171,5.57227
57.3221,5.5768
57.4271,5.58237
57.5321,5.57862
57.6371,5.58473
57.7421,5.57891
57.8471,5.5852
57.9521,5.57537
58.0571,5.581
58.1621,5.57902
58.2671,5.57962
58.3721,5.58
58.4771,5.58602
58.5821,5.58443
58.6871,5.57776
58.7921,5.58268
58.8971,5.57952
59.0021,5.58241
59.1071,5.58755
59.2121,5.58567
59.3171,5.58215
59.4221,5.58479
59.5271,5.57582
59.6321,5.57481
59.7371,5.57864
59.8421,5.5719
59.9471,5.5731
60.0521,5.57162
60.1571,5.57353
60.2621,5.57336
60.3671,5.57787
60.4721,5.57753
60.5771,5.58065
60.6821,5.58192
60.7871,5.57856
60.8921,5.58455
60.9971,5.57989
61.1021,5.58516
61.2071,5.58684
61.3121,5.58778
61.4171,5.59286
61.5221,5.58868
61.6271,5.58854
61.7321,5.58926
61.8371,5.5961
61.9421,5.59304
62.0471,5.59466
62.1521,5.58693
62.2571,5.59084
62.3621,5.5799
62.4671,5.58549
62.5721,5.58529
62.6771,5.58478
62.7821,5.5866
62.8871,5.58648
62.9921,5.58874
63.0971,5.58429
63.2021,5.58662
63.3071,5.58654
63.4121,5.58829
63.5171,5.588
63.6221,5.59058
63.7271,5.5885
63.8321,5.58732
63.9371,5.58513
64.0421,5.5942
64.1471,5.5897
64.2521,5.59351
64.3571,5.58778
64.4621,5.585
64.5671,5.58517
64.6721,5.58408
64.7771,5.5893
64.8821,5.58129
64.9871,5.58793
65.0921,5.59127
65.1971,5.57912
65.3021,5.58384
65.4071,5.56649
65.5121,5.56376
65.6171,5.57349
65.7221,5.58193
65.8271,5.58269
65.9321,5.57921
66.0371,5.58172
66.1421,5.57939
66.2471,5.58463
66.3521,5.58661
66.4572,5.58225
66.5621,5.57745
66.6671,5.57925
66.7721,5.57738
66.8771,5.57685
66.9821,5.57885
67.0871,5.57616
67.1921,5.5889
67.2971,5.56829
67.4021,5.56757
67.5071,5.57235
67.6121,5.57609
67.7171,5.58262
67.8221,5.58357
67.9271,5.58018
68.0321,5.579
68.1371,5.56612
68.2421,5.55483
68.3471,5.52502
68.4521,5.48026
68.5571,5.38801
68.6621,5.34689
68.7671,5.36957
68.8721,5.3698
68.9771,5.37236
69.0821,5.35923
69.1871,5.33834
69.2921,5.3393
69.3971,5.32751
69.5021,5.30087
69.6071,5.29444
69.7121,5.29103
69.8171,5.2899
69.9221,5.29242
70.0271,5.29007
70.1321,5.29609
70.2371,5.29421
70.3421,5.2944
70.4471,5.29634
70.5521,5.30572
70.6571,5.31345
70.7621,5.30249
70.8671,5.30268
70.9721,5.31304
71.0771,5.32033
71.1821,5.32151
71.2871,5.32523
71.3921,5.33303
71.4971,5.32873
71.6021,5.34561
71.7071,5.34755
71.8121,5.33763
71.9171,5.32829
72.0221,5.33525
72.1271,5.32732
72.2321,5.33086
72.3371,5.32791
72.4421,5.34002
72.5471,5.3526
72.6521,5.34501
72.7571,5.33919
72.8621,5.33559
72.9671,5.34775
73.0721,5.34277
73.1771,5.32116
73.2821,5.30761
73.3871,5.30429
73.4921,5.34394
73.5971,5.3048
73.7021,5.28399
73.8071,5.28034
73.9121,5.24906
74.0171,5.26007
74.1221,5.2643
74.2271,5.25661
74.3321,5.25258
74.4371,5.2535
74.5421,5.2475
74.6471,5.24343
74.7521,5.25246
74.8571,5.26298
74.9621,5.26389
75.0671,5.25936
75.1721,5.24958
75.2771,5.26197
75.3821,5.25686
75.4871,5.27553
75.5921,5.2806
75.6971,5.29209
75.8021,5.27732
75.9071,5.26571
76.0121,5.26028
76.1171,5.26287
76.2221,5.26666
76.3271,5.26588
76.4321,5.26015
76.5371,5.27574
76.6421,5.29167
76.7471,5.28028
76.8521,5.29872
76.9571,5.29729
77.0621,5.30321
77.1671,5.29313
77.2721,5.28622
77.3771,5.28475
77.4821,5.27709
77.5871,5.26873
77.6921,5.26849
77.7971,5.26477
77.9021,5.25995
78.0071,5.24346
78.1121,5.25946
78.2171,5.26261
78.3221,5.28107
78.4271,5.28188
78.5321,5.29391
78.6371,5.2844
78.7421,5.28116
78.8471,5.26964
78.9521,5.25627
79.0571,5.2526
79.1621,5.23796
79.2671,5.22652
79.3721,5.23136
79.4771,5.22459
79.5821,5.2303
79.6871,5.22574
79.7921,5.22189
79.8971,5.23373
80.0021,5.23556
80.1071,5.23438
80.2121,5.22716
80.3171,5.22452
80.4221,5.2235
80.5271,5.23105
80.6321,5.23603
80.7371,5.21975
80.8421,5.22661
80.9471,5.22341
81.0521,5.23168
81.1571,5.224
81.2621,5.22968
81.3671,5.2308
81.4721,5.23763
81.5771,5.22721
81.6821,5.21212
81.7871,5.21091
81.8921,5.2029
81.9971,5.21232
82.1021,5.22026
82.2071,5.22233
82.3121,5.22266
82.4171,5.21086
82.5221,5.22845
82.6271,5.24992
82.7321,5.24945
82.8371,5.24379
82.9421,5.24277
83.0471,5.23106
83.1521,5.24854
83.2571,5.2478
83.3621,5.25357
83.4671,5.25016
83.5721,5.24788
83.6771,5.24731
83.7821,5.24952
83.8871,5.25171
83.9921,5.24988
84.0971,5.24331
84.2021,5.24633
84.3071,5.24682
84.4121,5.24054
84.5171,5.24435
84.6221,5.248
84.7271,5.23997
84.8321,5.24805
84.9371,5.25235
85.0421,5.2652
85.1471,5.26395
85.2521,5.25113
85.3571,5.25058
85.4621,5.2495
85.5671,5.24682
85.6721,5.25731
85.7771,5.27053
85.8821,5.25404
85.9871,5.25729
86.0921,5.25466
86.1971,5.28075
86.3021,5.26725
86.4071,5.28049
86.5121,5.28383
86.6171,5.26744
86.7221,5.25506
86.8271,5.2776
86.9321,5.28257
87.0371,5.28215
87.1421,5.2914
87.2471,5.29469
87.3521,5.29537
87.4571,5.29518
87.5621,5.3257
87.6671,5.33822
87.7721,5.34347
87.8771,5.33832
87.9821,5.34353
88.0871,5.3463
88.1921,5.34869
88.2971,5.34443
88.4021,5.34841
88.5071,5.3489
88.6121,5.34673
88.7171,5.35459
88.8221,5.34877
88.9271,5.35397
89.0321,5.34833
89.1371,5.35336
89.2421,5.35335
89.3471,5.35081
89.4521,5.35385
89.5571,5.35514
89.6621,5.35262
89.7671,5.35581
89.8721,5.35755
89.9771,5.35831
90.0821,5.35217
90.1871,5.35571
90.2921,5.35383
90.3971,5.3544
90.5021,5.35434
90.6071,5.35658
90.7121,5.35885
90.8171,5.35289
90.9221,5.35134
91.0271,5.35603
91.1321,5.3532
91.2371,5.35588
91.3421,5.35605
91.4471,5.35503
91.5521,5.35303
91.6571,5.35236
91.7621,5.35364
91.8671,5.35927
91.9721,5.35399
92.0771,5.3566
92.1821,5.35862
92.2871,5.35651
92.3921,5.35148
92.4971,5.35646
92.6021,5.35343
92.7071,5.35618
92.8121,5.36141
92.9171,5.35904
93.0221,5.35314
93.1271,5.35583
93.2321,5.35863
93.3371,5.35555
93.4421,5.35769
93.5471,5.35082
93.6521,5.35742
93.7571,5.35816
93.8621,5.35724
93.9671,5.35503
94.0721,5.35242
94.1771,5.3553
94.2821,5.35732
94.3871,5.35943
94.4921,5.35679
94.5971,5.35714
94.7021,5.35378
94.8071,5.3544
94.9121,5.35356
95.0171,5.35351
95.1221,5.35621
95.2271,5.35636
95.3321,5.35918
95.4371,5.37627
95.5421,5.36114
95.6471,5.37512
95.7521,5.38026
95.8571,5.37541
95.9621,5.37685
96.0671,5.37083
96.1721,5.36892
96.2771,5.37873
96.3821,5.38426
96.4871,5.38237
96.5921,5.38877
96.6971,5.38278
96.8021,5.38242
96.9071,5.38482
97.0121,5.38447
97.1171,5.37253
97.2221,5.36758
97.3271,5.36459
97.4321,5.36985
97.5371,5.36666
97.6421,5.3613
97.7471,5.308
97.8521,5.27026
97.9571,5.24103
98.0621,5.23373
98.1671,5.21477
98.2721,5.21869
98.3771,5.21373
98.4821,5.19448
98.5871,5.19313
98.6921,5.19015
98.7971,5.19063
98.9021,5.18821
99.0071,5.1854
99.1121,5.19067
99.2171,5.18714
99.3221,5.18222
99.4271,5.19395
99.5321,5.19196
99.6371,5.18017
99.7421,5.14565
99.8471,5.11327
99.9521,5.12826
100.057,5.12791
100.162,5.12629
100.267,5.13085
100.372,5.12993
100.477,5.12386
100.582,5.12762
100.687,5.13096
100.792,5.12725
100.897,5.13038
101.002,5.13087
101.107,5.13771
101.212,5.1364
101.317,5.13591
101.422,5.14256
101.527,5.13541
101.632,5.1396
101.737,5.14281
101.842,5.14207
101.947,5.13871
102.052,5.13869
102.157,5.13829
102.262,5.14079
102.367,5.13715
102.472,5.14843
102.577,5.14504
102.682,5.14965
102.787,5.1451
102.892,5.14151
102.997,5.13973
103.102,5.13333
103.207,5.14053
103.312,5.14778
103.417,5.14184
103.522,5.15006
103.627,5.14851
103.732,5.15907
103.837,5.15718
103.942,5.1499
104.047,5.15105
104.152,5.14234
104.257,5.15815
104.362,5.1583
104.467,5.15635
104.572,5.14987
104.677,5.15023
104.782,5.15444
104.887,5.16058
104.992,5.16449
105.097,5.16522
105.202,5.17224
105.307,5.17037
105.412,5.17722
105.517,5.17723
105.622,5.17814
105.727,5.18028
105.832,5.20072
105.937,5.17865
106.042,5.17587
106.147,5.18337
106.252,5.16517
106.357,5.18295
106.462,5.18518
106.567,5.18289
106.672,5.19594
106.777,5.19848
106.882,5.19907
106.987,5.19777
107.092,5.18451
107.197,5.19815
107.302,5.18931
107.407,5.20999
107.512,5.21093
107.617,5.19888
107.722,5.21669
107.827,5.18555
107.932,5.18545
108.037,5.192
108.142,5.18621
108.247,5.18841
108.352,5.19832
108.457,5.19413
108.562,5.19835
108.667,5.20455
108.772,5.19743
108.877,5.19577
108.982,5.20549
109.087,5.20323
109.192,5.20171
109.297,5.2047
109.402,5.20876
109.507,5.2002
109.612,5.18633
109.717,5.19962
109.822,5.19113
109.927,5.18546
110.032,5.18996
110.137,5.18979
110.242,5.19753
110.347,5.19537
110.452,5.1951
110.557,5.17745
110.662,5.19848
110.767,5.21977
110.872,5.24075
110.977,5.26234
111.082,5.25814
111.187,5.25423
111.292,5.25714
111.397,5.25768
111.502,5.24486
111.607,5.24868
111.712,5.24722
111.817,5.26943
111.922,5.25781
112.027,5.24169
112.132,5.22515
112.237,5.21818
112.342,5.23243
112.447,5.2367
112.552,5.23018
112.657,5.22623
112.762,5.22072
112.867,5.23026
112.972,5.2365
113.077,5.24423
113.182,5.26563
113.287,5.28089
113.392,5.28648
113.497,5.28961
113.602,5.30009
113.707,5.32102
113.812,5.34614
113.917,5.34601
114.022,5.34202
114.127,5.34639
114.232,5.34948
114.337,5.34718
114.442,5.34423
114.547,5.34738
114.652,5.34662
114.757,5.34914
114.862,5.35018
114.967,5.36023
115.072,5.36536
115.177,5.3616
115.282,5.3564
115.387,5.36028
115.492,5.36544
115.597,5.35085
115.702,5.33664
115.807,5.33094
115.912,5.31889
116.017,5.32019
116.122,5.32075
116.227,5.32799
116.332,5.32903
116.437,5.32644
116.542,5.32265
116.647,5.33279
116.752,5.33586
116.857,5.33491
116.962,5.32957
117.067,5.3358
117.172,5.33495
117.277,5.33604
117.382,5.34309
117.487,5.34463
117.592,5.34665
117.697,5.34406
117.802,5.34546
117.907,5.35118
118.012,5.34377
118.117,5.34281
118.222,5.34644
118.327,5.3462
118.432,5.35052
118.537,5.35042
118.642,5.34535
118.747,5.35031
118.852,5.3531
118.957,5.34778
119.062,5.34537
119.167,5.34746
119.272,5.35037
119.377,5.34736
119.482,5.3452
119.587,5.3473
119.692,5.34789
119.797,5.34487
119.902,5.34994
120.007,5.34774
120.112,5.34917
120.217,5.34994
120.322,5.34703
120.427,5.35183
120.532,5.34453
120.637,5.34667
120.742,5.34799
120.847,5.35127
120.952,5.35048
121.057,5.34988
121.162,5.34722
121.267,5.35391
121.372,5.34914
121.477,5.35295
121.582,5.34869
121.687,5.35541
121.792,5.35767
121.897,5.35377
122.002,5.35813
122.107,5.35691
122.212,5.35939
122.317,5.35847
122.422,5.35899
122.527,5.35815
122.632,5.3626
122.737,5.35889
122.842,5.36021
122.947,5.35711
123.052,5.35914
123.157,5.36912
123.262,5.36475
123.367,5.36727
123.472,5.36661
123.577,5.36296
123.682,5.36406
123.787,5.37003
123.892,5.36275
123.997,5.36057
124.102,5.3624
124.207,5.36006
124.312,5.36292
124.417,5.3605
124.522,5.3589
124.627,5.36448
124.732,5.36084
124.837,5.3565
124.942,5.31565
125.047,5.30606
125.152,5.30431
125.257,5.29036
125.362,5.29886
125.467,5.31264
125.572,5.31279
125.677,5.33871
125.782,5.34464
125.887,5.3412
125.992,5.34912
126.097,5.34669
126.202,5.34837
126.307,5.33302
126.412,5.32244
126.517,5.33747
126.622,5.35739
126.727,5.356
126.832,5.37119
126.937,5.34067
127.042,5.35402
127.147,5.36294
127.252,5.3542
127.357,5.35269
127.462,5.36089
127.567,5.36179
127.672,5.37228
127.777,5.36404
127.882,5.35847
127.987,5.36577
128.092,5.36782
128.197,5.36563
128.302,5.36295
128.407,5.36908
128.512,5.37239
128.617,5.35905
128.722,5.35563
128.827,5.36326
128.932,5.35367
129.037,5.35574
129.142,5.35766
129.247,5.35514
129.352,5.34746
129.457,5.34087
129.562,5.35761
129.667,5.38161
129.772,5.39524
129.877,5.39589
129.982,5.39052
130.087,5.38988
130.192,5.39232
130.297,5.39223
130.402,5.38924
130.507,5.39407
130.612,5.38888
130.717,5.39396
130.822,5.38867
130.927,5.39151
131.032,5.39285
131.137,5.39614
131.242,5.39324
131.347,5.39314
131.452,5.39279
131.557,5.38982
131.662,5.39207
131.767,5.39489
131.872,5.38736
131.977,5.39169
132.082,5.38946
132.187,5.38959
132.292,5.39406
132.397,5.39223
132.502,5.39187
132.607,5.39457
132.712,5.39179
132.817,5.3949
132.922,5.38685
133.027,5.39654
133.132,5.39917
133.237,5.39406
133.342,5.3934
133.447,5.39152
133.552,5.39375
133.657,5.38871
133.762,5.39374
133.867,5.39931
133.972,5.38863
134.077,5.38807
134.182,5.39132
134.287,5.39375
134.392,5.39312
134.497,5.39128
134.602,5.39354
134.707,5.39109
134.812,5.39092
134.917,5.39084
135.022,5.3905
135.127,5.39605
135.232,5.39599
135.337,5.39251
135.442,5.3954
135.547,5.39029
135.652,5.39307
135.757,5.39603
135.862,5.39801
135.967,5.38551
136.072,5.39285
136.177,5.39039
136.282,5.39273
136.387,5.39023
136.492,5.3898
136.597,5.39273
136.702,5.3933
136.807,5.39272
136.912,5.39332
137.017,5.39024
137.122,5.3953
137.227,5.38954
137.332,5.39758
137.437,5.3931
137.542,5.39755
137.647,5.39528
137.752,5.3953
137.857,5.39478
137.962,5.3924
138.067,5.39574
138.172,5.39241
138.277,5.39298
138.382,5.38734
138.487,5.39485
138.592,5.39242
138.697,5.39017
138.802,5.3951
138.907,5.38945
139.012,5.39292
139.117,5.39236
139.222,5.3922
139.327,5.39217
139.432,5.39435
139.537,5.39197
139.642,5.39713
139.747,5.38981
139.852,5.39739
139.957,5.39284
140.062,5.39226
140.167,5.39214
140.272,5.39516
140.377,5.39508
140.482,5.39718
140.587,5.39264
140.692,5.39211
140.797,5.39261
140.902,5.3919
141.007,5.39471
141.112,5.38959
141.217,5.39228
141.322,5.39239
141.427,5.39418
141.532,5.39226
141.637,5.3946
141.742,5.39168
141.847,5.39469
141.952,5.39138
142.057,5.39238
142.162,5.39452
142.267,5.39237
142.372,5.39201
142.477,5.39186
142.582,5.39244
142.687,5.39256
142.792,5.39511
142.897,5.39242
143.002,5.3951
143.107,5.39474
143.212,5.39461
143.317,5.39172
143.422,5.39154
143.527,5.38923
143.632,5.39148
143.737,5.392
143.842,5.39665
143.947,5.39413
144.052,5.39194
144.157,5.3914
144.262,5.39673
144.367,5.39705
144.472,5.39429
144.577,5.39424
144.682,5.39914
144.787,5.39404
144.892,5.38818
144.997,5.39321
145.102,5.39132
145.207,5.39362
145.312,5.39368
145.417,5.39586
145.522,5.39081
145.627,5.39594
145.732,5.3913
145.837,5.39381
145.942,5.3915
146.047,5.39379
146.152,5.39889
146.257,5.39364
146.362,5.39378
146.467,5.39088
146.572,5.39096
146.677,5.38933
146.782,5.38863
146.887,5.39119
146.992,5.39636
147.097,5.39168
147.202,5.39131
147.307,5.3939
147.412,5.39599
147.517,5.39918
147.622,5.39374
147.727,5.39376
147.832,5.39097
147.937,5.39321
148.042,5.39382
148.147,5.39131
148.252,5.396
148.357,5.39609
148.462,5.39619
148.567,5.39331
148.672,5.39685
148.777,5.39625
148.882,5.39394
148.987,5.39155
149.092,5.39122
149.197,5.38909
149.302,5.39646
149.407,5.3964
149.512,5.39121
149.617,5.39405
149.722,5.39408
149.827,5.39704
149.932,5.39198
150.037,5.39434
150.142,5.39165
150.247,5.39387
150.352,5.38843
150.457,5.39398
150.562,5.39142
150.667,5.39687
150.772,5.39412
150.877,5.39339
150.982,5.39167
151.087,5.39682
151.192,5.38874
151.297,5.39329
151.402,5.39654
151.507,5.39097
151.612,5.39383
151.717,5.39383
151.822,5.39372
151.927,5.39138
152.032,5.39148
152.137,5.39368
152.242,5.39617
152.347,5.39372
152.452,5.39405
152.557,5.39634
152.662,5.3959
152.767,5.39588
152.872,5.39894
152.977,5.39383
153.082,5.39354
153.187,5.38857
153.292,5.3913
153.397,5.39627
153.502,5.39336
153.607,5.39852
153.712,5.39347
153.817,5.39622
153.922,5.39353
154.027,5.39052
154.132,5.39802
154.237,5.40122
154.342,5.391
154.447,5.39838
154.552,5.39271
154.657,5.39574
154.762,5.39349
154.867,5.39582
154.972,5.3984
155.077,5.39115
155.182,5.39619
155.287,5.39564
155.392,5.39056
155.497,5.39346
155.602,5.39339
155.707,5.39613
155.812,5.39327
155.917,5.39342
156.022,5.39105
156.127,5.3934
156.232,5.39615
156.337,5.39834
156.442,5.39322
156.547,5.39635
156.652,5.39832
156.757,5.39327
156.862,5.39853
156.967,5.39377
157.072,5.40117
157.177,5.39877
157.282,5.39576
157.387,5.39606
157.492,5.39087
157.597,5.39594
157.702,5.39816
157.807,5.39586
157.912,5.39588
158.017,5.39581
158.122,5.39603
158.227,5.39545
158.332,5.39541
158.437,5.39823
158.542,5.39528
158.647,5.39579
158.752,5.39
158.857,5.39306
158.962,5.39536
159.067,5.39543
159.172,5.39519
159.277,5.39806
159.382,5.39273
159.487,5.39506
159.592,5.38725
159.697,5.38781
159.802,5.39289
159.907,5.39533
160.012,5.39308
160.117,5.38786
160.222,5.39533
160.327,5.38742
160.432,5.39296
160.537,5.39753
160.642,5.3981
160.747,5.39568
160.852,5.39804
160.957,5.39055
161.062,5.39521
161.167,5.3929
161.272,5.3958
161.377,5.39561
161.482,5.39274
161.587,5.39791
161.692,5.39793
161.797,5.39523
161.902,5.39855
162.007,5.38762
162.112,5.39558
162.217,5.39513
162.322,5.39048
162.427,5.39272
162.532,5.39276
162.637,5.39556
162.742,5.39834
162.847,5.39727
162.952,5.39266
163.057,5.39538
163.162,5.39517
163.267,5.39978
163.372,5.39011
163.477,5.39477
163.582,5.39255
163.687,5.39477
163.792,5.3952
163.897,5.39461
164.002,5.39514
164.107,5.39002
164.212,5.39523
164.317,5.39017
164.422,5.39532
164.527,5.39022
164.632,5.39263
164.737,5.39488
164.842,5.39769
164.947,5.39486
165.052,5.39778
165.157,5.39766
165.262,5.39478
165.367,5.39749
165.472,5.39751
165.577,5.38955
165.682,5.39228
165.787,5.39743
165.892,5.38713
165.997,5.39454
166.102,5.39479
166.207,5.39181
166.312,5.39007
166.417,5.3975
166.522,5.39232
166.627,5.39234
166.732,5.39516
166.837,5.39761
166.942,5.39481
167.047,5.3948
167.152,5.39539
167.257,5.39785
167.362,5.39787
167.467,5.39562
167.572,5.38753
167.677,5.3976
167.782,5.39754
167.887,5.39472
167.992,5.39484
168.097,5.39487
168.202,5.39548
168.307,5.39767
168.412,5.39561
168.517,5.39505
168.622,5.39496
168.727,5.3949
168.832,5.39547
168.937,5.39252
169.042,5.4004
169.147,5.3924
169.252,5.39744
169.357,5.39516
169.462,5.39455
169.567,5.38712
169.672,5.39789
169.777,5.39417
169.882,5.3894
169.987,5.39224
170.092,5.39726
170.197,5.38939
170.302,5.39467
170.407,5.39463
170.512,5.39976
170.617,5.39492
170.722,5.39792
170.827,5.39505
170.932,5.39272
171.037,5.39748
171.142,5.39338
171.247,5.39776
171.352,5.39273
171.457,5.39498
171.562,5.39502
171.667,5.40047
171.772,5.39259
171.877,5.39479
171.982,5.39514
172.087,5.39497
172.192,5.392
172.297,5.40237
172.402,5.39443
172.507,5.39719
172.612,5.39201
172.717,5.39723
172.822,5.39995
172.927,5.38913
173.032,5.39209
173.137,5.39169
173.242,5.39215
173.347,5.39246
173.452,5.39435
173.557,5.39429
173.662,5.39945
173.767,5.39651
173.872,5.38965
173.977,5.39716
174.082,5.38902
174.187,5.39186
174.292,5.39428
174.397,5.39468
174.502,5.39718
174.607,5.39438
174.712,5.39658
174.817,5.39131
174.922,5.39419
175.027,5.39176
175.132,5.39179
175.237,5.39467
175.342,5.39916
175.447,5.39697
175.552,5.38963
175.657,5.39945
175.762,5.38703
175.867,5.39996
175.972,5.39204
176.077,5.38938
176.182,5.3944
176.287,5.39504
176.392,5.39233
176.497,5.39218
176.602,5.39217
176.707,5.39454
176.812,5.39224
176.917,5.39227
177.022,5.39747
177.127,5.39737
177.232,5.32189
177.337,5.21461
177.442,5.25045
177.547,5.25159
177.652,5.26056
177.757,5.26145
177.862,5.27066
177.967,5.26278
178.072,5.27247
178.177,5.27474
178.282,5.27728
178.387,5.2793
178.492,5.2801
178.597,5.28149
178.702,5.28257
178.807,5.28705
178.912,5.28829
179.017,5.29063
179.122,5.29087
179.227,5.295
179.332,5.28753
179.437,5.29556
179.542,5.29416
179.647,5.30026
179.752,5.29765
179.857,5.2962
179.962,5.29352
180.067,5.30072
180.172,5.29255
180.277,5.29809
180.382,5.29525
180.487,5.30107
180.592,5.29594
180.697,5.29951
180.802,5.30158
180.907,5.29725
181.012,5.29754
181.117,5.29626
181.222,5.29649
181.327,5.30498
181.432,5.30288
181.537,5.29432
181.642,5.29953
181.747,5.29859
181.852,5.30502
181.957,5.29962
182.062,5.29884
182.167,5.29954
182.272,5.30468
182.377,5.30362
182.482,5.29918
182.587,5.29413
182.692,5.29967
182.797,5.29402
182.902,5.30142
183.007,5.29609
183.112,5.29929
183.217,5.29934
183.322,5.29271
183.427,5.29583
183.532,5.29904
183.637,5.30098
183.742,5.29888
183.847,5.29781
183.952,5.30083
184.057,5.29873
184.162,5.29755
184.267,5.29853
184.372,5.30354
184.477,5.29825
184.582,5.29796
184.687,5.30003
184.792,5.30219
184.897,5.29799
185.002,5.29682
185.107,5.29769
185.212,5.29456
185.317,5.29796
185.422,5.29698
185.527,5.29462
185.632,5.29366
185.737,5.29809
185.842,5.29795
185.947,5.29261
186.052,5.30117
186.157,5.29681
186.262,5.29495
186.367,5.29231
186.472,5.30287
186.577,5.29408
186.682,5.29428
186.787,5.29441
186.892,5.29758
186.997,5.29582
187.102,5.29689
187.207,5.29449
187.312,5.29246
187.417,5.29693
187.522,5.29466
187.627,5.29239
187.732,5.29378
187.837,5.29532
187.942,5.29218
188.047,5.29567
188.152,5.29448
188.257,5.30075
188.362,5.2955
188.467,5.29252
188.572,5.29433
188.677,5.29644
188.782,5.29434
188.887,5.29525
188.992,5.28995
189.097,5.29201
189.202,5.28891
189.307,5.29516
189.412,5.29531
189.517,5.29234
189.622,5.29455
189.727,5.29214
189.832,5.29428
189.937,5.29425
190.042,5.3029
190.147,5.29427
190.252,5.29651
190.357,5.292
190.462,5.29952
190.567,5.29517
190.672,5.29934
190.777,5.29107
190.882,5.29707
190.987,5.29706
191.092,5.29694
191.197,5.2942
191.302,5.29438
191.407,5.29751
191.512,5.29206
191.617,5.29725
191.722,5.29937
191.827,5.29414
191.932,5.29402
192.037,5.29535
192.142,5.29842
192.247,5.29651
192.352,5.29774
192.457,5.30267
192.562,5.29405
192.667,5.29924
192.772,5.29225
192.877,5.29745
192.982,5.29214
193.087,5.29526
193.192,5.29236
193.297,5.29743
193.402,5.29457
193.507,5.30291
193.612,5.29767
193.717,5.29463
193.822,5.29244
193.927,5.29456
194.032,5.29241
194.137,5.29113
194.242,5.2961
194.347,5.29746
194.452,5.29674
194.557,5.29967
194.662,5.29771
194.767,5.29435
194.872,5.29633
194.977,5.29416
195.082,5.29731
195.187,5.29431
195.292,5.29742
195.397,5.29518
195.502,5.30046
195.607,5.29426
195.712,5.29547
195.817,5.2944
195.922,5.29269
196.027,5.29876
196.132,5.29372
196.237,5.29243
196.342,5.29687
196.447,5.30299
196.552,5.29489
196.657,5.29276
196.762,5.29268
196.867,5.29806
196.972,5.29472
197.077,5.29775
197.182,5.29269
197.287,5.29486
197.392,5.29666
197.497,5.298
197.602,5.29258
197.707,5.28919
197.812,5.29444
197.917,5.29244
198.022,5.29264
198.127,5.29657
198.232,5.29777
198.337,5.29761
198.442,5.29586
198.547,5.29453
198.652,5.29788
198.757,5.29478
198.862,5.29565
198.967,5.29056
199.072,5.30005
199.177,5.29573
199.282,5.29427
199.387,5.29563
199.492,5.2933
199.597,5.29543
199.702,5.29215
199.807,5.29525
199.912,5.28908
200.017,5.29442
200.122,5.29859
200.227,5.29247
200.332,5.29527
200.437,5.30058
200.542,5.29105
200.647,5.29949
200.752,5.29219
200.857,5.29869
200.962,5.29664
201.067,5.2945
201.172,5.29242
201.277,5.30422
201.382,5.2945
201.487,5.29549
201.592,5.29747
201.697,5.29429
201.802,5.28904
201.907,5.29428
202.012,5.29247
202.117,5.29427
202.222,5.29136
202.327,5.29478
202.432,5.29345
202.537,5.29242
202.642,5.29632
202.747,5.2942
202.852,5.2948
202.957,5.29465
203.062,5.29505
203.167,5.29258
203.272,5.30012
203.377,5.29986
203.482,5.29479
203.587,5.29504
203.692,5.29159
203.797,5.29477
203.902,5.29477
204.007,5.29281
204.112,5.30321
204.217,5.29158
204.322,5.29253
204.427,5.28912
204.532,5.29748
204.637,5.29438
204.742,5.29468
204.847,5.29469
204.952,5.29448
205.057,5.29782
205.162,5.29028
205.267,5.2997
205.372,5.29661
205.477,5.29974
205.582,5.29769
205.687,5.29259
205.792,5.29413
205.897,5.29772
206.002,5.29477
206.107,5.29665
206.212,5.29464
206.317,5.29562
206.422,5.29127
206.527,5.2997
206.632,5.29796
206.737,5.29563
206.842,5.29476
206.947,5.29427
207.052,5.29673
207.157,5.29457
207.262,5.2967
207.367,5.29957
207.472,5.29212
207.577,5.29643
207.682,5.29643
207.787,5.29234
207.892,5.29434
207.997,5.29241
208.102,5.29462
208.207,5.29244
208.312,5.29427
208.417,5.29125
208.522,5.29444
208.627,5.29758
208.732,5.29757
208.837,5.29433
208.942,5.28916
209.047,5.29435
209.152,5.29422
209.257,5.29561
209.362,5.29742
209.467,5.2998
209.572,5.29424
209.677,5.29668
209.782,5.29454
209.887,5.29734
209.992,5.29959
210.097,5.29763
210.202,5.29978
210.307,5.29769
210.412,5.2975
210.517,5.2947
210.622,5.2922
210.727,5.29206
210.832,5.29436
210.937,5.29543
211.042,5.29224
211.147,5.29415
211.252,5.29141
211.357,5.29751
211.462,5.29791
211.567,5.29428
211.672,5.29439
211.777,5.29834
211.882,5.29523
211.987,5.29429
212.092,5.29609
212.197,5.29408
212.302,5.29847
212.407,5.29442
212.512,5.29671
212.617,5.29115
212.722,5.29531
212.827,5.29656
212.932,5.29426
213.037,5.29663
213.142,5.29765
213.247,5.29957
213.352,5.29427
213.457,5.29643
213.562,5.29238
213.667,5.29445
213.772,5.29248
213.877,5.30185
213.982,5.2924
214.087,5.29958
214.192,5.29431
214.297,5.29561
214.402,5.29866
214.507,5.29669
214.612,5.29227
214.717,5.2945
214.822,5.29554
214.927,5.2922
215.032,5.29542
215.137,5.29422
215.242,5.2922
215.347,5.2924
215.452,5.29479
215.557,5.29755
215.662,5.29341
215.767,5.29775
215.872,5.29463
215.977,5.29522
216.082,5.30262
216.187,5.2943
216.292,5.2972
216.397,5.29219
216.502,5.29443
216.607,5.29758
216.712,5.29191
216.817,5.29451
216.922,5.28795
217.027,5.29636
217.132,5.2944
217.237,5.29279
217.342,5.29486
217.447,5.29603
217.552,5.29285
217.657,5.28974
217.762,5.29679
217.867,5.30032
217.972,5.2917
218.077,5.29682
218.182,5.29466
218.287,5.29673
218.392,5.29264
218.497,5.29468
218.602,5.29259
218.707,5.29156
218.812,5.30002
218.917,5.29557
219.022,5.29788
219.127,5.29403
219.232,5.29303
219.337,5.29489
219.442,5.2981
219.547,5.29734
219.652,5.30038
219.757,5.29157
219.862,5.30083
219.967,5.29272
220.072,5.29484
220.177,5.29512
220.282,5.29774
220.387,5.29444
220.492,5.29762
220.597,5.29234
220.702,5.29709
220.807,5.29267
220.912,5.29481
221.017,5.29279
221.122,5.29722
221.227,5.29193
221.332,5.29287
221.437,5.29498
221.542,5.29502
221.647,5.29441
221.752,5.29324
221.857,5.30085
221.962,5.29546
222.067,5.29518
222.172,5.29789
222.277,5.29781
222.382,5.29514
222.487,5.30172
222.592,5.29792
222.697,5.29324
222.802,5.29369
222.907,5.29242
223.012,5.29004
223.117,5.29613
223.222,5.2916
223.327,5.29848
223.432,5.28813
223.537,5.29195
223.642,5.29393
223.747,5.28839
223.852,5.30204
223.957,5.29696
224.062,5.29682
224.167,5.29428
224.272,5.29543
224.377,5.29542
224.482,5.29651
224.587,5.29435
224.692,5.29356
224.797,5.29737
224.902,5.29385
225.007,5.29085
225.112,5.29503
225.217,5.29423
225.322,5.29419
225.427,5.2905
225.532,5.29517
225.637,5.29767
225.742,5.291
225.847,5.29532
225.952,5.29365
226.057,5.29856
226.162,5.2985
226.267,5.294
226.372,5.29455
226.477,5.29825
226.582,5.29272
226.687,5.29175
226.792,5.29204
226.897,5.29206
227.002,5.29809
227.107,5.29237
227.212,5.29276
227.317,5.29768
227.422,5.29459
227.527,5.29626
227.632,5.29713
227.737,5.29473
227.842,5.29784
227.947,5.28952
228.052,5.30011
228.157,5.29178
228.262,5.29235
228.367,5.29722
228.472,5.29437
228.577,5.29385
228.682,5.29528
228.787,5.28705
228.892,5.29551
228.997,5.29583
229.102,5.2963
229.207,5.29687
229.312,5.30265
229.417,5.3239
229.522,5.27547
229.627,5.28258
229.732,5.32241
229.837,5.27289
229.942,5.2772
230.047,5.26613
230.152,5.2451
230.257,5.22107
230.362,5.13617
230.467,5.02313
230.572,4.89051
230.677,4.75809
230.782,4.6858
230.887,4.60638
230.992,4.46852
231.097,4.34145
231.202,4.17865
231.307,4.04619
231.412,3.9306
231.517,3.849
231.622,3.84084
231.727,3.90601
231.832,4.02243
231.937,4.13639
232.042,4.23045
232.147,4.23231
232.252,4.25313
232.357,4.26798
232.462,4.23666
232.567,4.20541
232.672,4.12445
232.777,3.99203
232.882,3.8312
232.987,3.75702
233.092,3.82267
233.197,4.04225
233.302,4.07892
233.407,3.9806
233.512,3.97569
233.617,4.0979
233.722,4.22571
233.827,4.35661
233.932,4.43297
234.037,4.37648
234.142,4.33241
234.247,4.28791
234.352,4.23691
234.457,4.24476
234.562,4.30367
234.667,4.38104
234.772,4.44062
234.877,4.49757
234.982,4.5001
235.087,4.56084
235.192,4.62012
235.297,4.68766
235.402,4.80447
235.507,4.89603
235.612,4.98669
235.717,5.05063
235.822,5.13934
235.927,5.13817
236.032,5.05975
236.137,4.983
236.242,4.91437
236.347,4.81251
236.452,4.67026
236.557,4.49035
236.662,4.39415
236.767,4.17586
236.872,3.62074
236.977,3.57108
237.082,3.7289
237.187,4.00463
237.292,4.48873
237.397,4.66518
237.502,4.40804
237.607,3.86761
237.712,3.11617
237.817,3.08612
237.922,2.9532
238.027,3.04229
238.132,2.98164
238.237,3.02997
238.342,2.83552
238.447,2.51587
238.552,2.39894
238.657,2.20786
238.762,2.0878
238.867,1.95793
238.972,1.74778
239.077,1.46198
239.182,1.07599
239.287,0.652623
239.392,0.261524
239.497,6.05229
239.602,5.5569
239.707,5.0141
239.812,4.45438
239.917,4.07352
240.022,4.0362
240.127,4.13748
240.232,4.29596
240.337,4.42781
240.442,4.49977
240.547,4.53716
240.652,4.44586
240.757,4.15218
240.862,3.98584
240.967,3.85795
241.072,3.81394
241.177,3.88316
241.282,4.00735
241.387,4.09493
241.492,4.10175
241.597,4.02828
241.702,3.925
241.807,3.84336
241.912,3.78972
242.017,3.80341
242.122,3.87348
242.227,4.02505
242.332,4.11111
242.437,4.17185
242.542,4.19958
242.647,4.22556
242.752,4.20578
242.857,4.19911
242.962,4.21238
243.067,4.25778
243.172,4.32854
243.277,4.41669
243.382,4.49221
243.487,4.48303
243.592,4.42461
243.697,4.39261
243.802,4.34184
243.907,4.33177
244.012,4.34435
244.117,4.38369
244.222,4.44635
244.327,4.48224
244.432,4.51332
244.537,4.53572
244.642,4.5325
244.747,4.54611
244.852,4.60751
244.957,4.72576
245.062,4.79485
245.167,4.82819
245.272,4.84919
245.377,4.8442
245.482,4.9016
245.587,4.96221
245.692,4.88484
245.797,4.76804
245.902,4.70943
246.007,4.69118
246.112,4.66938
246.217,4.72252
246.322,4.80787
246.427,4.86343
246.532,4.80653
246.637,4.7458
246.742,4.67282
246.847,4.62657
246.952,4.6217
247.057,4.63742
247.162,4.70543
247.267,4.74334
247.372,4.72976
247.477,4.65573
247.582,4.61683
247.687,4.59933
247.792,4.59397
247.897,4.6198
248.002,4.74453
248.107,4.8811
248.212,4.92859
248.317,4.88672
248.422,4.75748
248.527,4.61277
248.632,4.50931
248.737,4.48536
248.842,4.44233
248.947,4.40112
249.052,4.38103
249.157,4.41143
249.262,4.46196
249.367,4.46136
249.472,4.4381
249.577,4.48466
249.682,4.54086
249.787,4.59249
249.892,4.62396
249.997,4.69027
250.102,4.74616
250.207,4.81185
250.312,4.88514
250.417,4.92044
250.522,4.96171
250.627,4.95239
250.732,4.86479
250.837,4.829
250.942,4.78597
251.047,4.74804
251.152,4.72555
251.257,4.67603
251.362,4.60951
251.467,4.54331
251.572,4.53444
251.677,4.55931
251.782,4.58211
251.887,4.60046
251.992,4.63915
252.097,4.63681
252.202,4.62329
252.307,4.64517
252.412,4.64631
252.517,4.65354
252.622,4.67123
252.727,4.70734
252.832,4.73452
252.937,4.76461
253.042,4.78822
253.147,4.80568
253.252,4.79617
253.357,4.79269
253.462,4.79059
253.567,4.78364
253.672,4.79351
253.777,4.79163
253.882,4.81252
253.987,4.84281
254.092,4.84537
254.197,4.82672
254.302,4.81971
254.407,4.83689
254.512,4.83723
254.617,4.78922
254.722,4.73602
254.827,4.73968
254.932,4.73949
255.037,4.74899
255.142,4.72294
255.247,4.73601
255.352,4.80288
255.457,4.86416
255.562,4.95987
255.667,5.06354
255.772,5.12545
255.877,5.1912
255.982,5.22047
256.087,5.23934
256.192,5.20112
256.297,5.18276
256.402,5.1239
256.507,5.10398
256.612,5.06711
256.717,5.06943
256.822,5.06237
256.927,5.09683
257.032,5.06798
257.137,5.13154
257.242,5.19091
257.347,5.24238
257.452,5.32492
257.557,5.35696
257.662,5.41699
257.767,5.46337
257.872,5.49896
257.977,5.52663
258.082,5.44046
258.187,5.40165
258.292,5.37648
258.397,5.35741
258.502,5.35967
258.607,5.35194
258.712,5.36711
258.817,5.35004
258.922,5.31401
259.027,5.24702
259.132,5.17181
259.237,5.16526
259.342,5.14552
259.447,5.15432
259.552,5.03179
259.657,5.02651
259.762,5.00514
259.867,5.0751
259.972,5.11836
260.077,5.12428
260.182,5.14806
260.287,5.17836
260.392,5.18927
260.497,5.22303
260.602,5.2622
260.707,5.27937
260.812,5.21368
260.917,5.14859
261.022,5.11695
261.127,5.05713
261.232,5.04329
261.337,5.02305
261.442,4.96738
261.547,4.96783
261.652,4.92145
261.757,4.93897
261.862,4.95885
261.967,4.94074
262.072,4.95008
262.177,4.93344
262.282,4.90651
262.387,4.98719
262.492,5.09391
262.597,5.3906
262.702,6.22156
262.807,2.01361
262.912,2.80246
263.017,3.67425
263.122,4.0112
263.227,4.2428
263.332,4.39775
263.437,4.43449
263.542,4.32455
263.647,4.12375
263.752,3.96088
263.857,3.89343
263.962,3.95455
264.067,4.00661
264.172,3.99722
264.277,3.93859
264.382,3.79709
264.487,3.18974
264.592,1.92186
264.697,1.26512
264.802,1.01513
264.907,0.986977
265.012,0.811248
265.117,0.395583
265.222,4.38185
265.327,4.37828
265.432,4.43983
265.537,4.40649
265.642,4.312
265.747,4.2649
265.852,4.25449
265.957,4.25723
266.062,4.29867
266.167,4.27597
266.272,4.21573
266.377,4.04508
266.482,2.89497
266.587,1.79325
266.692,1.45185
266.797,1.21184
266.902,1.20231
267.007,1.26044
267.112,1.28195
267.217,1.1127
267.322,1.13395
267.427,2.34948
267.532,3.82538
267.637,3.99448
267.742,4.10843
267.847,4.23853
267.952,4.30586
268.057,4.25788
268.162,4.15993
268.267,3.83592
268.372,2.15626
268.477,1.5926
268.582,1.50243
268.687,1.42634
268.792,1.38973
268.897,1.36924
269.002,1.29174
269.107,1.20744
269.212,1.14195
269.317,1.50484
269.422,2.63512
269.527,3.21609
269.632,3.4508
269.737,3.55821
269.842,3.67312
269.947,3.70615
270.052,3.50411
270.157,3.09624
270.262,2.69063
270.367,2.1357
270.472,1.85042
270.577,1.70227
270.682,1.47183
270.787,1.17911
270.892,0.993472
270.997,0.86942
271.102,0.635292
271.207,0.480377
271.312,0.305615
271.417,6.26708
271.522,5.55343
271.627,3.43819
271.732,3.4972
271.837,3.73458
271.942,3.86247
272.047,3.69025
272.152,2.84784
272.257,1.89049
272.362,0.632708
272.467,1.28832
272.572,1.83153
272.677,2.19454
272.782,3.50139
272.887,4.01256
272.992,4.12907
273.097,4.18344
273.202,4.23493
273.307,4.1846
273.412,3.96854
273.517,3.72624
273.622,3.72942
273.727,3.64735
273.832,3.38486
273.937,2.73143
274.042,1.89573
274.147,1.46089
274.252,1.33646
274.357,1.12161
274.462,0.769582
274.567,0.527929
274.672,0.630111
274.777,0.612218
274.882,0.469025
274.987,6.17141
275.092,5.415
275.197,4.93956
275.302,4.79596
275.407,4.77925
275.512,4.86744
275.617,5.08473
275.722,5.49808
275.827,6.15616
275.932,0.356603
276.037,0.614167
276.142,0.786609
276.247,0.81574
276.352,0.745788
276.457,0.710931
276.562,0.652006
276.667,0.73894
276.772,0.924338
276.877,0.971208
276.982,0.951195
277.087,3.85146
277.192,4.07674
277.297,4.24617
277.402,4.33562
277.507,4.33759
277.612,4.28745
277.717,4.21672
277.822,4.15395
277.927,4.09277
278.032,4.08971
278.137,3.95919
278.242,3.11172
278.347,1.90048
278.452,1.80547
278.557,1.77349
278.662,1.70505
278.767,1.5952
278.872,1.42291
278.977,1.29478
279.082,1.21749
279.187,1.40829
279.292,1.59892
279.397,1.6756
279.502,4.51542
279.607,4.81275
279.712,4.87227
279.817,4.76886
279.922,4.82793
280.027,4.98162
280.132,5.28993
280.237,5.87274
280.342,0.249353
280.447,0.64837
280.552,0.924751
280.657,1.11573
280.762,1.18836
280.867,1.22854
280.972,1.16752
281.077,1.04947
281.182,0.97057
281.287,0.910167
281.392,0.841214
281.497,0.792554
281.602,0.624235
281.707,4.81895
281.812,3.96462
281.917,3.80011
282.022,3.8806
282.127,3.86294
282.232,3.15102
282.337,1.79968
282.442,1.52088
282.547,1.4562
282.652,1.5549
282.757,1.45289
282.862,1.32604
282.967,1.31948
283.072,1.58418
283.177,3.99872
283.282,4.08657
283.387,4.12483
283.492,4.08581
283.597,3.90321
283.702,3.70575
283.807,3.49459
283.912,2.83195
284.017,1.98566
284.122,2.03608
284.227,2.18763
284.332,2.85428
284.437,3.72389
284.542,4.04101
284.647,4.15024
284.752,4.20976
284.857,4.27809
284.962,4.23561
285.067,4.10199
285.172,4.03445
285.277,4.00376
285.382,4.04178
285.487,4.08819
285.592,4.12253
285.697,4.1602
285.802,4.14478
285.907,4.10088
286.012,3.99792
286.117,3.77876
286.222,3.43926
286.327,3.62045
286.432,4.56055
286.537,4.8926
286.642,5.36741
286.747,5.90142
286.852,6.05584
286.957,5.93533
287.062,5.64236
287.167,5.80962
287.272,5.97291
287.377,5.55571
287.482,5.17002
287.587,5.53592
287.692,0.102002
287.797,0.505195
287.902,0.90725
288.007,0.498386
288.112,0.413711
288.217,0.610011
289.934,0.0602615
290.039,0.287014
290.144,0.563551
290.249,0.584687
290.354,0.497881
290.459,0.441826
290.564,0.434329
290.669,0.487029
290.774,0.568189
290.879,0.632628
290.984,0.665879
291.089,0.668881
291.194,0.688256
291.299,0.710497
291.404,0.773235
291.509,0.848455
291.614,0.905931
291.719,0.953291
291.824,1.01093
291.929,1.08867
292.034,1.18009
292.139,1.33311
292.244,1.48805
292.349,1.66962
292.454,1.82014
292.559,2.01255
292.664,2.12042
292.769,2.24841
292.874,2.37738
292.979,2.51103
293.084,2.61441
293.189,2.72315
293.294,2.80531
293.399,2.8652
293.504,2.91945
293.609,2.97671
293.714,3.04295
293.819,3.10053
293.924,3.13885
294.029,3.16808
294.134,3.18464
294.239,3.21285
294.344,3.24115
294.449,3.2717
294.554,3.30485
294.659,3.32323
294.764,3.3494
294.869,3.37689
294.974,3.41655
295.079,3.45846
295.184,3.50665
295.289,3.5595
295.394,3.61011
295.499,3.65608
295.604,3.69944
295.709,3.74425
295.814,3.78667
295.919,3.84072
296.024,3.90081
296.129,3.96528
296.234,4.04354
296.339,4.12573
296.444,4.20456
296.549,4.28889
296.654,4.37793
296.759,4.47989
296.864,4.5891
296.969,4.68581
297.074,4.7742
297.179,4.8498
297.284,4.94522
297.389,5.04011
297.494,5.1306
297.599,5.18801
297.704,5.22118
297.809,5.24242
297.914,5.2765
298.019,5.3257
298.124,5.38242
298.229,5.42943
298.334,5.47309
298.439,5.50069
298.544,5.51831
298.649,5.52667
298.754,5.53415
298.859,5.54517
298.964,5.57525
299.069,5.61502
299.174,5.64727
299.279,5.66369
299.384,5.67356
299.489,5.6781
299.594,5.69774
299.699,5.72497
299.804,5.7552
299.909,5.77458
300.014,5.79183
300.119,5.7939
300.224,5.80194
300.329,5.81075
300.434,5.83366
300.539,5.8382
300.644,5.84097
300.749,5.84308
300.854,5.83892
300.959,5.83268
301.064,5.83829
301.169,5.84611
301.274,5.86475
301.379,5.87245
301.484,5.87162
301.589,5.84679
301.694,5.82382
301.799,5.81585
301.904,5.81081
302.009,5.80096
302.114,5.78599
302.219,5.76151
302.324,5.73843
302.429,5.71159
302.534,5.68142
302.639,5.66207
302.744,5.63714
302.849,5.59475
302.954,5.55837
303.059,5.5176
303.164,5.48329
303.269,5.44639
303.374,5.4018
303.479,5.36857
303.584,5.32892
303.689,5.28616
303.794,5.25163
303.899,5.21758
304.004,5.1695
304.109,5.13377
304.214,5.11384
304.319,5.10863
304.424,5.09074
304.529,5.06289
304.634,5.04251
304.739,5.03396
304.844,5.02925
304.949,5.0217
305.054,5.01673
305.159,5.01839
305.264,5.01499
305.369,5.02703
305.474,5.03453
305.579,5.05293
305.684,5.07868
305.789,5.10786
305.894,5.12475
305.999,5.11477
306.104,5.11815
306.209,5.16163
306.314,5.20022
306.419,5.22317
306.524,5.25388
306.629,5.28419
306.734,5.31626
306.839,5.35275
306.944,5.40529
307.049,5.45755
307.154,5.48648
307.259,-nan
